variant,frequency,cost,alignment,model_moves,log_moves
"('A_Create Application', 'A_Submitted', 'W_Handle leads', 'W_Handle leads', 'W_Complete application', 'A_Concept', 'W_Complete application', 'W_Complete application', 'A_Accepted', 'O_Create Offer', 'O_Created', 'O_Sent (mail and online)', 'W_Complete application', 'W_Call after offers', 'W_Call after offers', 'A_Complete', 'W_Call after offers', 'W_Call after offers', 'W_Call after offers', 'W_Call after offers', 'W_Validate application', 'W_Validate application', 'A_Validating', 'O_Returned', 'W_Validate application', 'W_Validate application', 'W_Call incomplete files', 'W_Call incomplete files', 'A_Incomplete', 'W_Call incomplete files', 'W_Call incomplete files', 'W_Call incomplete files', 'W_Call incomplete files', 'W_Validate application', 'W_Validate application', 'A_Validating', 'W_Validate application', 'O_Accepted', 'A_Pending', 'W_Validate application')",58,0,"[[""A_Create Application"", ""A_Create Application""], [""A_Submitted"", ""A_Submitted""], ["">>"", null], ["">>"", null], [""W_Handle leads"", ""W_Handle leads""], ["">>"", null], [""W_Handle leads"", ""W_Handle leads""], ["">>"", null], ["">>"", null], ["">>"", null], [""W_Complete application"", ""W_Complete application""], ["">>"", null], ["">>"", null], [""A_Concept"", ""A_Concept""], [""W_Complete application"", ""W_Complete application""], ["">>"", null], ["">>"", null], [""W_Complete application"", ""W_Complete application""], ["">>"", null], [""A_Accepted"", ""A_Accepted""], ["">>"", null], ["">>"", null], ["">>"", null], ["">>"", null], ["">>"", null], ["">>"", null], [""O_Create Offer"", ""O_Create Offer""], [""O_Created"", ""O_Created""], ["">>"", null], ["">>"", null], ["">>"", null], [""O_Sent (mail and online)"", ""O_Sent (mail and online)""], ["">>"", null], ["">>"", null], ["">>"", null], ["">>"", null], ["">>"", null], ["">>"", null], [""W_Complete application"", ""W_Complete application""], ["">>"", null], ["">>"", null], [""W_Call after offers"", ""W_Call after offers""], ["">>"", null], [""W_Call after offers"", ""W_Call after offers""], ["">>"", null], [""A_Complete"", ""A_Complete""], [""W_Call after offers"", ""W_Call after offers""], ["">>"", null], ["">>"", null], [""W_Call after offers"", ""W_Call after offers""], ["">>"", null], ["">>"", null], [""W_Call after offers"", ""W_Call after offers""], ["">>"", null], [""W_Call after offers"", ""W_Call after offers""], ["">>"", null], ["">>"", null], [""W_Validate application"", ""W_Validate application""], ["">>"", null], ["">>"", null], [""W_Validate application"", ""W_Validate application""], [""A_Validating"", ""A_Validating""], ["">>"", null], ["">>"", null], ["">>"", null], ["">>"", null], ["">>"", null], ["">>"", null], [""O_Returned"", ""O_Returned""], ["">>"", null], ["">>"", null], ["">>"", null], ["">>"", null], ["">>"", null], ["">>"", null], [""W_Validate application"", ""W_Validate application""], ["">>"", null], ["">>"", null], [""W_Validate application"", ""W_Validate application""], ["">>"", null], ["">>"", null], ["">>"", null], ["">>"", null], ["">>"", null], ["">>"", null], [""W_Call incomplete files"", ""W_Call incomplete files""], ["">>"", null], [""W_Call incomplete files"", ""W_Call incomplete files""], ["">>"", null], [""A_Incomplete"", ""A_Incomplete""], ["">>"", null], [""W_Call incomplete files"", ""W_Call incomplete files""], ["">>"", null], [""W_Call incomplete files"", ""W_Call incomplete files""], ["">>"", null], [""W_Call incomplete files"", ""W_Call incomplete files""], ["">>"", null], [""W_Call incomplete files"", ""W_Call incomplete files""], ["">>"", null], ["">>"", null], ["">>"", null], ["">>"", null], ["">>"", null], ["">>"", null], [""W_Validate application"", ""W_Validate application""], ["">>"", null], ["">>"", null], [""W_Validate application"", ""W_Validate application""], [""A_Validating"", ""A_Validating""], ["">>"", null], [""W_Validate application"", ""W_Validate application""], ["">>"", null], ["">>"", null], ["">>"", null], ["">>"", null], ["">>"", null], ["">>"", null], ["">>"", null], [""O_Accepted"", ""O_Accepted""], [""A_Pending"", ""A_Pending""], ["">>"", null], ["">>"", null], ["">>"", null], ["">>"", null], [""W_Validate application"", ""W_Validate application""], ["">>"", null], ["">>"", null], ["">>"", null], ["">>"", null], ["">>"", null], ["">>"", null], ["">>"", null], ["">>"", null], ["">>"", null]]",[],[]
"('A_Create Application', 'A_Submitted', 'W_Handle leads', 'W_Handle leads', 'W_Complete application', 'A_Concept', 'W_Complete application', 'W_Complete application', 'W_Complete application', 'A_Accepted', 'O_Create Offer', 'O_Created', 'O_Sent (mail and online)', 'W_Complete application', 'W_Call after offers', 'W_Call after offers', 'A_Complete', 'W_Call after offers', 'W_Call after offers', 'W_Call after offers', 'W_Call after offers', 'W_Validate application', 'W_Validate application', 'A_Validating', 'W_Validate application', 'W_Validate application', 'W_Validate application', 'W_Validate application', 'A_Denied', 'O_Refused', 'W_Validate application')",1,0,"[[""A_Create Application"", ""A_Create Application""], [""A_Submitted"", ""A_Submitted""], ["">>"", null], ["">>"", null], [""W_Handle leads"", ""W_Handle leads""], ["">>"", null], [""W_Handle leads"", ""W_Handle leads""], ["">>"", null], ["">>"", null], ["">>"", null], [""W_Complete application"", ""W_Complete application""], ["">>"", null], ["">>"", null], [""A_Concept"", ""A_Concept""], [""W_Complete application"", ""W_Complete application""], ["">>"", null], ["">>"", null], [""W_Complete application"", ""W_Complete application""], ["">>"", null], ["">>"", null], [""W_Complete application"", ""W_Complete application""], ["">>"", null], ["">>"", null], [""A_Accepted"", ""A_Accepted""], ["">>"", null], ["">>"", null], ["">>"", null], ["">>"", null], ["">>"", null], ["">>"", null], [""O_Create Offer"", ""O_Create Offer""], [""O_Created"", ""O_Created""], ["">>"", null], ["">>"", null], ["">>"", null], [""O_Sent (mail and online)"", ""O_Sent (mail and online)""], ["">>"", null], ["">>"", null], ["">>"", null], ["">>"", null], ["">>"", null], [""W_Complete application"", ""W_Complete application""], ["">>"", null], ["">>"", null], [""W_Call after offers"", ""W_Call after offers""], ["">>"", null], [""W_Call after offers"", ""W_Call after offers""], ["">>"", null], [""A_Complete"", ""A_Complete""], ["">>"", null], [""W_Call after offers"", ""W_Call after offers""], ["">>"", null], [""W_Call after offers"", ""W_Call after offers""], ["">>"", null], [""W_Call after offers"", ""W_Call after offers""], ["">>"", null], [""W_Call after offers"", ""W_Call after offers""], ["">>"", null], [""W_Validate application"", ""W_Validate application""], ["">>"", null], ["">>"", null], ["">>"", null], [""W_Validate application"", ""W_Validate application""], [""A_Validating"", ""A_Validating""], ["">>"", null], ["">>"", null], [""W_Validate application"", ""W_Validate application""], ["">>"", null], ["">>"", null], [""W_Validate application"", ""W_Validate application""], ["">>"", null], ["">>"", null], [""W_Validate application"", ""W_Validate application""], ["">>"", null], ["">>"", null], [""W_Validate application"", ""W_Validate application""], ["">>"", null], ["">>"", null], ["">>"", null], ["">>"", null], ["">>"", null], ["">>"", null], [""A_Denied"", ""A_Denied""], ["">>"", null], [""O_Refused"", ""O_Refused""], ["">>"", null], ["">>"", null], ["">>"", null], ["">>"", null], ["">>"", null], [""W_Validate application"", ""W_Validate application""], ["">>"", null], ["">>"", null], ["">>"", null], ["">>"", null], ["">>"", null], ["">>"", null], ["">>"", null], ["">>"", null], ["">>"", null]]",[],[]
"('A_Create Application', 'A_Submitted', 'W_Handle leads', 'W_Handle leads', 'W_Complete application', 'A_Concept', 'W_Complete application', 'A_Accepted', 'O_Create Offer', 'O_Created', 'O_Sent (mail and online)', 'W_Complete application', 'W_Call after offers', 'W_Call after offers', 'A_Complete', 'W_Call after offers', 'O_Create Offer', 'O_Created', 'O_Cancelled', 'O_Sent (mail and online)', 'W_Call after offers', 'W_Call after offers', 'W_Call after offers', 'W_Validate application', 'W_Validate application', 'A_Validating', 'O_Returned', 'W_Validate application', 'W_Validate application', 'W_Call incomplete files', 'W_Call incomplete files', 'A_Incomplete', 'W_Call incomplete files', 'W_Call incomplete files', 'W_Call incomplete files', 'W_Call incomplete files', 'W_Call incomplete files', 'W_Call incomplete files', 'W_Validate application', 'W_Validate application', 'A_Validating', 'W_Validate application', 'O_Accepted', 'A_Pending', 'W_Validate application')",1,0,"[[""A_Create Application"", ""A_Create Application""], [""A_Submitted"", ""A_Submitted""], ["">>"", null], ["">>"", null], [""W_Handle leads"", ""W_Handle leads""], ["">>"", null], [""W_Handle leads"", ""W_Handle leads""], ["">>"", null], ["">>"", null], ["">>"", null], [""W_Complete application"", ""W_Complete application""], [""A_Concept"", ""A_Concept""], ["">>"", null], ["">>"", null], [""W_Complete application"", ""W_Complete application""], ["">>"", null], ["">>"", null], ["">>"", null], ["">>"", null], ["">>"", null], ["">>"", null], ["">>"", null], ["">>"", null], [""A_Accepted"", ""A_Accepted""], [""O_Create Offer"", ""O_Create Offer""], [""O_Created"", ""O_Created""], ["">>"", null], ["">>"", null], ["">>"", null], [""O_Sent (mail and online)"", ""O_Sent (mail and online)""], ["">>"", null], ["">>"", null], ["">>"", null], ["">>"", null], ["">>"", null], [""W_Complete application"", ""W_Complete application""], ["">>"", null], ["">>"", null], [""W_Call after offers"", ""W_Call after offers""], ["">>"", null], [""W_Call after offers"", ""W_Call after offers""], ["">>"", null], [""A_Complete"", ""A_Complete""], [""W_Call after offers"", ""W_Call after offers""], ["">>"", null], ["">>"", null], ["">>"", null], ["">>"", null], ["">>"", null], ["">>"", null], [""O_Create Offer"", ""O_Create Offer""], [""O_Created"", ""O_Created""], ["">>"", null], ["">>"", null], ["">>"", null], [""O_Cancelled"", ""O_Cancelled""], ["">>"", null], ["">>"", null], ["">>"", null], [""O_Sent (mail and online)"", ""O_Sent (mail and online)""], [""W_Call after offers"", ""W_Call after offers""], ["">>"", null], [""W_Call after offers"", ""W_Call after offers""], ["">>"", null], [""W_Call after offers"", ""W_Call after offers""], ["">>"", null], ["">>"", null], ["">>"", null], ["">>"", null], [""W_Validate application"", ""W_Validate application""], ["">>"", null], ["">>"", null], [""W_Validate application"", ""W_Validate application""], [""A_Validating"", ""A_Validating""], ["">>"", null], ["">>"", null], ["">>"", null], ["">>"", null], ["">>"", null], ["">>"", null], [""O_Returned"", ""O_Returned""], ["">>"", null], ["">>"", null], ["">>"", null], ["">>"", null], ["">>"", null], ["">>"", null], [""W_Validate application"", ""W_Validate application""], ["">>"", null], ["">>"", null], ["">>"", null], [""W_Validate application"", ""W_Validate application""], ["">>"", null], ["">>"", null], ["">>"", null], ["">>"", null], ["">>"", null], ["">>"", null], [""W_Call incomplete files"", ""W_Call incomplete files""], ["">>"", null], [""W_Call incomplete files"", ""W_Call incomplete files""], ["">>"", null], [""A_Incomplete"", ""A_Incomplete""], ["">>"", null], [""W_Call incomplete files"", ""W_Call incomplete files""], ["">>"", null], [""W_Call incomplete files"", ""W_Call incomplete files""], ["">>"", null], [""W_Call incomplete files"", ""W_Call incomplete files""], ["">>"", null], [""W_Call incomplete files"", ""W_Call incomplete files""], ["">>"", null], [""W_Call incomplete files"", ""W_Call incomplete files""], ["">>"", null], [""W_Call incomplete files"", ""W_Call incomplete files""], ["">>"", null], ["">>"", null], ["">>"", null], ["">>"", null], ["">>"", null], ["">>"", null], [""W_Validate application"", ""W_Validate application""], ["">>"", null], ["">>"", null], ["">>"", null], [""W_Validate application"", ""W_Validate application""], [""A_Validating"", ""A_Validating""], ["">>"", null], [""W_Validate application"", ""W_Validate application""], ["">>"", null], ["">>"", null], ["">>"", null], ["">>"", null], ["">>"", null], ["">>"", null], ["">>"", null], [""O_Accepted"", ""O_Accepted""], [""A_Pending"", ""A_Pending""], ["">>"", null], ["">>"", null], ["">>"", null], ["">>"", null], [""W_Validate application"", ""W_Validate application""], ["">>"", null], ["">>"", null], ["">>"", null], ["">>"", null], ["">>"", null], ["">>"", null], ["">>"", null], ["">>"", null], ["">>"", null]]",[],[]
"('A_Create Application', 'A_Submitted', 'W_Handle leads', 'W_Handle leads', 'W_Handle leads', 'W_Complete application', 'W_Complete application', 'A_Concept', 'W_Complete application', 'W_Complete application', 'W_Complete application', 'W_Complete application', 'W_Complete application', 'W_Complete application', 'W_Complete application', 'W_Complete application', 'W_Complete application', 'W_Complete application', 'A_Accepted', 'O_Create Offer', 'O_Created', 'O_Sent (mail and online)', 'W_Complete application', 'W_Call after offers', 'W_Call after offers', 'A_Complete', 'W_Call after offers', 'W_Call after offers', 'W_Call after offers', 'O_Create Offer', 'O_Created', 'O_Sent (mail and online)', 'W_Call after offers', 'W_Call after offers', 'W_Call after offers', 'W_Validate application', 'W_Validate application', 'A_Validating', 'O_Returned', 'W_Validate application', 'W_Validate application', 'W_Validate application', 'W_Validate application', 'W_Validate application', 'W_Validate application', 'W_Validate application', 'W_Validate application', 'W_Call incomplete files', 'W_Call incomplete files', 'A_Incomplete', 'W_Call incomplete files', 'W_Call incomplete files', 'W_Call incomplete files', 'W_Call incomplete files', 'W_Validate application', 'W_Validate application', 'A_Validating', 'W_Validate application', 'W_Validate application', 'W_Validate application', 'W_Validate application', 'W_Validate application', 'W_Validate application', 'W_Validate application', 'W_Validate application', 'W_Validate application', 'W_Call incomplete files', 'W_Call incomplete files', 'A_Incomplete', 'W_Call incomplete files', 'W_Call incomplete files', 'W_Call incomplete files', 'W_Call incomplete files', 'W_Call incomplete files', 'W_Call incomplete files', 'W_Validate application', 'W_Validate application', 'A_Validating', 'W_Validate application', 'W_Validate application', 'O_Accepted', 'A_Pending', 'W_Validate application', 'O_Cancelled')",1,0,"[[""A_Create Application"", ""A_Create Application""], [""A_Submitted"", ""A_Submitted""], ["">>"", null], ["">>"", null], ["">>"", null], [""W_Handle leads"", ""W_Handle leads""], ["">>"", null], [""W_Handle leads"", ""W_Handle leads""], ["">>"", null], [""W_Handle leads"", ""W_Handle leads""], ["">>"", null], ["">>"", null], ["">>"", null], [""W_Complete application"", ""W_Complete application""], ["">>"", null], ["">>"", null], [""W_Complete application"", ""W_Complete application""], ["">>"", null], ["">>"", null], [""A_Concept"", ""A_Concept""], [""W_Complete application"", ""W_Complete application""], ["">>"", null], ["">>"", null], [""W_Complete application"", ""W_Complete application""], ["">>"", null], ["">>"", null], [""W_Complete application"", ""W_Complete application""], ["">>"", null], ["">>"", null], [""W_Complete application"", ""W_Complete application""], ["">>"", null], ["">>"", null], [""W_Complete application"", ""W_Complete application""], ["">>"", null], ["">>"", null], [""W_Complete application"", ""W_Complete application""], ["">>"", null], ["">>"", null], [""W_Complete application"", ""W_Complete application""], ["">>"", null], ["">>"", null], [""W_Complete application"", ""W_Complete application""], ["">>"", null], ["">>"", null], [""W_Complete application"", ""W_Complete application""], ["">>"", null], ["">>"", null], [""W_Complete application"", ""W_Complete application""], ["">>"", null], ["">>"", null], ["">>"", null], ["">>"", null], ["">>"", null], ["">>"", null], ["">>"", null], ["">>"", null], [""A_Accepted"", ""A_Accepted""], [""O_Create Offer"", ""O_Create Offer""], [""O_Created"", ""O_Created""], ["">>"", null], ["">>"", null], ["">>"", null], [""O_Sent (mail and online)"", ""O_Sent (mail and online)""], ["">>"", null], ["">>"", null], ["">>"", null], ["">>"", null], ["">>"", null], [""W_Complete application"", ""W_Complete application""], ["">>"", null], ["">>"", null], [""W_Call after offers"", ""W_Call after offers""], ["">>"", null], [""W_Call after offers"", ""W_Call after offers""], ["">>"", null], [""A_Complete"", ""A_Complete""], ["">>"", null], [""W_Call after offers"", ""W_Call after offers""], ["">>"", null], [""W_Call after offers"", ""W_Call after offers""], ["">>"", null], ["">>"", null], ["">>"", null], ["">>"", null], ["">>"", null], [""W_Call after offers"", ""W_Call after offers""], ["">>"", null], [""O_Create Offer"", ""O_Create Offer""], [""O_Created"", ""O_Created""], ["">>"", null], ["">>"", null], ["">>"", null], [""O_Sent (mail and online)"", ""O_Sent (mail and online)""], ["">>"", null], ["">>"", null], ["">>"", null], [""W_Call after offers"", ""W_Call after offers""], ["">>"", null], [""W_Call after offers"", ""W_Call after offers""], ["">>"", null], [""W_Call after offers"", ""W_Call after offers""], ["">>"", null], ["">>"", null], [""W_Validate application"", ""W_Validate application""], ["">>"", null], ["">>"", null], [""W_Validate application"", ""W_Validate application""], [""A_Validating"", ""A_Validating""], ["">>"", null], ["">>"", null], ["">>"", null], ["">>"", null], ["">>"", null], ["">>"", null], [""O_Returned"", ""O_Returned""], ["">>"", null], ["">>"", null], ["">>"", null], ["">>"", null], ["">>"", null], ["">>"", null], [""W_Validate application"", ""W_Validate application""], ["">>"", null], ["">>"", null], [""W_Validate application"", ""W_Validate application""], ["">>"", null], ["">>"", null], [""W_Validate application"", ""W_Validate application""], ["">>"", null], ["">>"", null], [""W_Validate application"", ""W_Validate application""], ["">>"", null], ["">>"", null], [""W_Validate application"", ""W_Validate application""], ["">>"", null], ["">>"", null], [""W_Validate application"", ""W_Validate application""], ["">>"", null], ["">>"", null], [""W_Validate application"", ""W_Validate application""], ["">>"", null], ["">>"", null], [""W_Validate application"", ""W_Validate application""], ["">>"", null], ["">>"", null], ["">>"", null], ["">>"", null], ["">>"", null], [""W_Call incomplete files"", ""W_Call incomplete files""], ["">>"", null], ["">>"", null], [""W_Call incomplete files"", ""W_Call incomplete files""], ["">>"", null], [""A_Incomplete"", ""A_Incomplete""], ["">>"", null], [""W_Call incomplete files"", ""W_Call incomplete files""], ["">>"", null], [""W_Call incomplete files"", ""W_Call incomplete files""], ["">>"", null], [""W_Call incomplete files"", ""W_Call incomplete files""], ["">>"", null], [""W_Call incomplete files"", ""W_Call incomplete files""], ["">>"", null], ["">>"", null], ["">>"", null], ["">>"", null], ["">>"", null], ["">>"", null], [""W_Validate application"", ""W_Validate application""], ["">>"", null], ["">>"", null], [""W_Validate application"", ""W_Validate application""], [""A_Validating"", ""A_Validating""], ["">>"", null], [""W_Validate application"", ""W_Validate application""], ["">>"", null], ["">>"", null], [""W_Validate application"", ""W_Validate application""], ["">>"", null], ["">>"", null], [""W_Validate application"", ""W_Validate application""], ["">>"", null], ["">>"", null], [""W_Validate application"", ""W_Validate application""], ["">>"", null], ["">>"", null], [""W_Validate application"", ""W_Validate application""], ["">>"", null], ["">>"", null], [""W_Validate application"", ""W_Validate application""], ["">>"", null], ["">>"", null], [""W_Validate application"", ""W_Validate application""], ["">>"", null], ["">>"", null], [""W_Validate application"", ""W_Validate application""], ["">>"", null], ["">>"", null], [""W_Validate application"", ""W_Validate application""], ["">>"", null], ["">>"", null], ["">>"", null], ["">>"", null], ["">>"", null], [""W_Call incomplete files"", ""W_Call incomplete files""], ["">>"", null], [""W_Call incomplete files"", ""W_Call incomplete files""], ["">>"", null], ["">>"", null], [""A_Incomplete"", ""A_Incomplete""], ["">>"", null], [""W_Call incomplete files"", ""W_Call incomplete files""], ["">>"", null], [""W_Call incomplete files"", ""W_Call incomplete files""], ["">>"", null], [""W_Call incomplete files"", ""W_Call incomplete files""], ["">>"", null], [""W_Call incomplete files"", ""W_Call incomplete files""], ["">>"", null], [""W_Call incomplete files"", ""W_Call incomplete files""], ["">>"", null], [""W_Call incomplete files"", ""W_Call incomplete files""], ["">>"", null], ["">>"", null], ["">>"", null], ["">>"", null], ["">>"", null], ["">>"", null], [""W_Validate application"", ""W_Validate application""], ["">>"", null], ["">>"", null], [""W_Validate application"", ""W_Validate application""], [""A_Validating"", ""A_Validating""], ["">>"", null], [""W_Validate application"", ""W_Validate application""], ["">>"", null], ["">>"", null], [""W_Validate application"", ""W_Validate application""], ["">>"", null], ["">>"", null], ["">>"", null], ["">>"", null], ["">>"", null], ["">>"", null], ["">>"", null], [""O_Accepted"", ""O_Accepted""], [""A_Pending"", ""A_Pending""], ["">>"", null], ["">>"", null], ["">>"", null], ["">>"", null], [""W_Validate application"", ""W_Validate application""], ["">>"", null], ["">>"", null], ["">>"", null], ["">>"", null], ["">>"", null], ["">>"", null], [""O_Cancelled"", ""O_Cancelled""], ["">>"", null], ["">>"", null], ["">>"", null], ["">>"", null], ["">>"", null], ["">>"", null]]",[],[]
"('A_Create Application', 'A_Submitted', 'W_Handle leads', 'W_Handle leads', 'W_Complete application', 'A_Concept', 'W_Complete application', 'A_Accepted', 'O_Create Offer', 'O_Created', 'O_Sent (mail and online)', 'W_Complete application', 'W_Call after offers', 'W_Call after offers', 'A_Complete', 'W_Call after offers', 'W_Call after offers', 'W_Call after offers', 'A_Cancelled', 'O_Cancelled', 'W_Call after offers')",1056,0,"[[""A_Create Application"", ""A_Create Application""], [""A_Submitted"", ""A_Submitted""], ["">>"", null], ["">>"", null], ["">>"", null], [""W_Handle leads"", ""W_Handle leads""], ["">>"", null], [""W_Handle leads"", ""W_Handle leads""], ["">>"", null], ["">>"", null], ["">>"", null], [""W_Complete application"", ""W_Complete application""], ["">>"", null], ["">>"", null], [""A_Concept"", ""A_Concept""], [""W_Complete application"", ""W_Complete application""], ["">>"", null], ["">>"", null], ["">>"", null], ["">>"", null], ["">>"", null], ["">>"", null], ["">>"", null], ["">>"", null], [""A_Accepted"", ""A_Accepted""], [""O_Create Offer"", ""O_Create Offer""], [""O_Created"", ""O_Created""], ["">>"", null], ["">>"", null], ["">>"", null], [""O_Sent (mail and online)"", ""O_Sent (mail and online)""], ["">>"", null], ["">>"", null], ["">>"", null], ["">>"", null], ["">>"", null], [""W_Complete application"", ""W_Complete application""], ["">>"", null], ["">>"", null], [""W_Call after offers"", ""W_Call after offers""], ["">>"", null], [""W_Call after offers"", ""W_Call after offers""], ["">>"", null], [""A_Complete"", ""A_Complete""], ["">>"", null], ["">>"", null], [""W_Call after offers"", ""W_Call after offers""], ["">>"", null], [""W_Call after offers"", ""W_Call after offers""], ["">>"", null], [""W_Call after offers"", ""W_Call after offers""], ["">>"", null], [""A_Cancelled"", ""A_Cancelled""], ["">>"", null], ["">>"", null], ["">>"", null], [""O_Cancelled"", ""O_Cancelled""], ["">>"", null], ["">>"", null], ["">>"", null], [""W_Call after offers"", ""W_Call after offers""], ["">>"", null], ["">>"", null], ["">>"", null], ["">>"", null]]",[],[]
"('A_Create Application', 'A_Submitted', 'W_Handle leads', 'W_Handle leads', 'W_Complete application', 'A_Concept', 'W_Complete application', 'W_Complete application', 'W_Complete application', 'A_Accepted', 'O_Create Offer', 'O_Created', 'O_Sent (mail and online)', 'W_Complete application', 'W_Call after offers', 'W_Call after offers', 'A_Complete', 'W_Call after offers', 'W_Call after offers', 'W_Call after offers', 'O_Create Offer', 'O_Created', 'O_Sent (mail and online)', 'A_Cancelled', 'O_Cancelled', 'O_Cancelled', 'W_Call after offers')",19,0,"[[""A_Create Application"", ""A_Create Application""], [""A_Submitted"", ""A_Submitted""], ["">>"", null], ["">>"", null], ["">>"", null], [""W_Handle leads"", ""W_Handle leads""], ["">>"", null], [""W_Handle leads"", ""W_Handle leads""], ["">>"", null], ["">>"", null], ["">>"", null], [""W_Complete application"", ""W_Complete application""], ["">>"", null], ["">>"", null], [""A_Concept"", ""A_Concept""], [""W_Complete application"", ""W_Complete application""], ["">>"", null], ["">>"", null], [""W_Complete application"", ""W_Complete application""], ["">>"", null], ["">>"", null], [""W_Complete application"", ""W_Complete application""], ["">>"", null], [""A_Accepted"", ""A_Accepted""], ["">>"", null], ["">>"", null], ["">>"", null], ["">>"", null], ["">>"", null], ["">>"", null], [""O_Create Offer"", ""O_Create Offer""], ["">>"", null], [""O_Created"", ""O_Created""], ["">>"", null], ["">>"", null], ["">>"", null], [""O_Sent (mail and online)"", ""O_Sent (mail and online)""], ["">>"", null], ["">>"", null], ["">>"", null], ["">>"", null], ["">>"", null], [""W_Complete application"", ""W_Complete application""], ["">>"", null], ["">>"", null], [""W_Call after offers"", ""W_Call after offers""], ["">>"", null], [""W_Call after offers"", ""W_Call after offers""], ["">>"", null], [""A_Complete"", ""A_Complete""], [""W_Call after offers"", ""W_Call after offers""], ["">>"", null], ["">>"", null], [""W_Call after offers"", ""W_Call after offers""], ["">>"", null], [""W_Call after offers"", ""W_Call after offers""], ["">>"", null], ["">>"", null], ["">>"", null], ["">>"", null], ["">>"", null], [""O_Create Offer"", ""O_Create Offer""], [""O_Created"", ""O_Created""], ["">>"", null], ["">>"", null], ["">>"", null], [""O_Sent (mail and online)"", ""O_Sent (mail and online)""], ["">>"", null], ["">>"", null], ["">>"", null], ["">>"", null], [""A_Cancelled"", ""A_Cancelled""], ["">>"", null], ["">>"", null], ["">>"", null], [""O_Cancelled"", ""O_Cancelled""], ["">>"", null], ["">>"", null], ["">>"", null], [""O_Cancelled"", ""O_Cancelled""], ["">>"", null], ["">>"", null], ["">>"", null], [""W_Call after offers"", ""W_Call after offers""], ["">>"", null], ["">>"", null], ["">>"", null], ["">>"", null]]",[],[]
"('A_Create Application', 'A_Submitted', 'W_Handle leads', 'W_Handle leads', 'W_Complete application', 'A_Concept', 'W_Complete application', 'W_Complete application', 'W_Complete application', 'W_Complete application', 'W_Complete application', 'W_Complete application', 'W_Complete application', 'W_Complete application', 'A_Accepted', 'O_Create Offer', 'O_Created', 'O_Sent (mail and online)', 'W_Complete application', 'W_Call after offers', 'W_Call after offers', 'A_Complete', 'W_Call after offers', 'W_Call after offers', 'W_Call after offers', 'W_Call after offers', 'W_Validate application', 'W_Validate application', 'A_Validating', 'O_Returned', 'W_Validate application', 'W_Validate application', 'W_Call incomplete files', 'W_Call incomplete files', 'A_Incomplete', 'W_Call incomplete files', 'W_Call incomplete files', 'W_Call incomplete files', 'W_Call incomplete files', 'W_Call incomplete files', 'W_Call incomplete files', 'W_Call incomplete files', 'W_Call incomplete files', 'W_Call incomplete files', 'W_Call incomplete files', 'W_Call incomplete files', 'W_Call incomplete files', 'W_Call incomplete files', 'A_Cancelled', 'O_Cancelled', 'W_Call incomplete files')",1,0,"[[""A_Create Application"", ""A_Create Application""], [""A_Submitted"", ""A_Submitted""], ["">>"", null], ["">>"", null], [""W_Handle leads"", ""W_Handle leads""], ["">>"", null], [""W_Handle leads"", ""W_Handle leads""], ["">>"", null], ["">>"", null], ["">>"", null], [""W_Complete application"", ""W_Complete application""], ["">>"", null], ["">>"", null], [""A_Concept"", ""A_Concept""], [""W_Complete application"", ""W_Complete application""], ["">>"", null], ["">>"", null], [""W_Complete application"", ""W_Complete application""], ["">>"", null], ["">>"", null], [""W_Complete application"", ""W_Complete application""], ["">>"", null], ["">>"", null], [""W_Complete application"", ""W_Complete application""], ["">>"", null], ["">>"", null], [""W_Complete application"", ""W_Complete application""], ["">>"", null], ["">>"", null], [""W_Complete application"", ""W_Complete application""], ["">>"", null], ["">>"", null], [""W_Complete application"", ""W_Complete application""], ["">>"", null], ["">>"", null], [""W_Complete application"", ""W_Complete application""], ["">>"", null], ["">>"", null], ["">>"", null], ["">>"", null], ["">>"", null], ["">>"", null], ["">>"", null], ["">>"", null], [""A_Accepted"", ""A_Accepted""], [""O_Create Offer"", ""O_Create Offer""], [""O_Created"", ""O_Created""], ["">>"", null], ["">>"", null], ["">>"", null], [""O_Sent (mail and online)"", ""O_Sent (mail and online)""], ["">>"", null], ["">>"", null], ["">>"", null], ["">>"", null], ["">>"", null], [""W_Complete application"", ""W_Complete application""], ["">>"", null], ["">>"", null], [""W_Call after offers"", ""W_Call after offers""], ["">>"", null], [""W_Call after offers"", ""W_Call after offers""], ["">>"", null], [""A_Complete"", ""A_Complete""], [""W_Call after offers"", ""W_Call after offers""], ["">>"", null], [""W_Call after offers"", ""W_Call after offers""], ["">>"", null], ["">>"", null], ["">>"", null], [""W_Call after offers"", ""W_Call after offers""], ["">>"", null], [""W_Call after offers"", ""W_Call after offers""], [""W_Validate application"", ""W_Validate application""], ["">>"", null], ["">>"", null], [""W_Validate application"", ""W_Validate application""], [""A_Validating"", ""A_Validating""], ["">>"", null], ["">>"", null], ["">>"", null], ["">>"", null], ["">>"", null], ["">>"", null], ["">>"", null], [""O_Returned"", ""O_Returned""], ["">>"", null], ["">>"", null], ["">>"", null], ["">>"", null], ["">>"", null], ["">>"", null], [""W_Validate application"", ""W_Validate application""], ["">>"", null], ["">>"", null], [""W_Validate application"", ""W_Validate application""], ["">>"", null], ["">>"", null], ["">>"", null], ["">>"", null], ["">>"", null], ["">>"", null], [""W_Call incomplete files"", ""W_Call incomplete files""], ["">>"", null], [""W_Call incomplete files"", ""W_Call incomplete files""], ["">>"", null], ["">>"", null], [""A_Incomplete"", ""A_Incomplete""], ["">>"", null], ["">>"", null], [""W_Call incomplete files"", ""W_Call incomplete files""], ["">>"", null], [""W_Call incomplete files"", ""W_Call incomplete files""], ["">>"", null], [""W_Call incomplete files"", ""W_Call incomplete files""], ["">>"", null], [""W_Call incomplete files"", ""W_Call incomplete files""], ["">>"", null], [""W_Call incomplete files"", ""W_Call incomplete files""], ["">>"", null], [""W_Call incomplete files"", ""W_Call incomplete files""], ["">>"", null], [""W_Call incomplete files"", ""W_Call incomplete files""], ["">>"", null], [""W_Call incomplete files"", ""W_Call incomplete files""], ["">>"", null], [""W_Call incomplete files"", ""W_Call incomplete files""], ["">>"", null], [""W_Call incomplete files"", ""W_Call incomplete files""], ["">>"", null], [""W_Call incomplete files"", ""W_Call incomplete files""], ["">>"", null], [""W_Call incomplete files"", ""W_Call incomplete files""], ["">>"", null], [""W_Call incomplete files"", ""W_Call incomplete files""], ["">>"", null], ["">>"", null], ["">>"", null], ["">>"", null], ["">>"", null], [""A_Cancelled"", ""A_Cancelled""], ["">>"", null], ["">>"", null], ["">>"", null], [""O_Cancelled"", ""O_Cancelled""], ["">>"", null], ["">>"", null], ["">>"", null], [""W_Call incomplete files"", ""W_Call incomplete files""], ["">>"", null], ["">>"", null], ["">>"", null], ["">>"", null], ["">>"", null], ["">>"", null], ["">>"", null]]",[],[]
"('A_Create Application', 'A_Submitted', 'W_Handle leads', 'W_Handle leads', 'W_Complete application', 'A_Concept', 'W_Complete application', 'W_Complete application', 'W_Complete application', 'A_Accepted', 'O_Create Offer', 'O_Created', 'O_Sent (mail and online)', 'W_Complete application', 'W_Call after offers', 'W_Call after offers', 'A_Complete', 'W_Call after offers', 'W_Call after offers', 'W_Call after offers', 'W_Call after offers', 'W_Validate application', 'W_Validate application', 'A_Validating', 'O_Returned', 'W_Validate application', 'W_Validate application', 'W_Validate application', 'W_Validate application', 'A_Denied', 'O_Refused', 'W_Validate application')",19,0,"[[""A_Create Application"", ""A_Create Application""], [""A_Submitted"", ""A_Submitted""], ["">>"", null], ["">>"", null], ["">>"", null], [""W_Handle leads"", ""W_Handle leads""], ["">>"", null], [""W_Handle leads"", ""W_Handle leads""], ["">>"", null], ["">>"", null], ["">>"", null], [""W_Complete application"", ""W_Complete application""], ["">>"", null], ["">>"", null], [""A_Concept"", ""A_Concept""], [""W_Complete application"", ""W_Complete application""], ["">>"", null], ["">>"", null], [""W_Complete application"", ""W_Complete application""], ["">>"", null], ["">>"", null], [""W_Complete application"", ""W_Complete application""], ["">>"", null], ["">>"", null], [""A_Accepted"", ""A_Accepted""], ["">>"", null], ["">>"", null], ["">>"", null], ["">>"", null], ["">>"", null], ["">>"", null], [""O_Create Offer"", ""O_Create Offer""], [""O_Created"", ""O_Created""], ["">>"", null], ["">>"", null], ["">>"", null], [""O_Sent (mail and online)"", ""O_Sent (mail and online)""], ["">>"", null], ["">>"", null], ["">>"", null], ["">>"", null], ["">>"", null], [""W_Complete application"", ""W_Complete application""], ["">>"", null], ["">>"", null], [""W_Call after offers"", ""W_Call after offers""], ["">>"", null], [""W_Call after offers"", ""W_Call after offers""], ["">>"", null], [""A_Complete"", ""A_Complete""], [""W_Call after offers"", ""W_Call after offers""], ["">>"", null], [""W_Call after offers"", ""W_Call after offers""], ["">>"", null], [""W_Call after offers"", ""W_Call after offers""], ["">>"", null], [""W_Call after offers"", ""W_Call after offers""], ["">>"", null], ["">>"", null], ["">>"", null], [""W_Validate application"", ""W_Validate application""], ["">>"", null], ["">>"", null], [""W_Validate application"", ""W_Validate application""], [""A_Validating"", ""A_Validating""], ["">>"", null], ["">>"", null], ["">>"", null], ["">>"", null], ["">>"", null], ["">>"", null], [""O_Returned"", ""O_Returned""], ["">>"", null], ["">>"", null], ["">>"", null], ["">>"", null], ["">>"", null], ["">>"", null], [""W_Validate application"", ""W_Validate application""], ["">>"", null], ["">>"", null], [""W_Validate application"", ""W_Validate application""], ["">>"", null], ["">>"", null], [""W_Validate application"", ""W_Validate application""], ["">>"", null], ["">>"", null], [""W_Validate application"", ""W_Validate application""], ["">>"", null], ["">>"", null], ["">>"", null], ["">>"", null], ["">>"", null], ["">>"", null], [""A_Denied"", ""A_Denied""], ["">>"", null], [""O_Refused"", ""O_Refused""], ["">>"", null], ["">>"", null], ["">>"", null], ["">>"", null], ["">>"", null], [""W_Validate application"", ""W_Validate application""], ["">>"", null], ["">>"", null], ["">>"", null], ["">>"", null], ["">>"", null], ["">>"", null], ["">>"", null], ["">>"", null], ["">>"", null]]",[],[]
"('A_Create Application', 'A_Submitted', 'W_Handle leads', 'W_Handle leads', 'W_Complete application', 'A_Concept', 'W_Complete application', 'A_Accepted', 'O_Create Offer', 'O_Created', 'O_Sent (mail and online)', 'W_Complete application', 'W_Call after offers', 'W_Call after offers', 'A_Complete', 'W_Call after offers', 'W_Call after offers', 'W_Call after offers', 'W_Call after offers', 'W_Validate application', 'W_Validate application', 'A_Validating', 'O_Returned', 'W_Validate application', 'W_Validate application', 'W_Call incomplete files', 'W_Call incomplete files', 'A_Incomplete', 'W_Call incomplete files', 'W_Call incomplete files', 'W_Call incomplete files', 'O_Accepted', 'A_Pending', 'W_Call incomplete files')",140,0,"[[""A_Create Application"", ""A_Create Application""], [""A_Submitted"", ""A_Submitted""], ["">>"", null], ["">>"", null], [""W_Handle leads"", ""W_Handle leads""], ["">>"", null], [""W_Handle leads"", ""W_Handle leads""], ["">>"", null], ["">>"", null], ["">>"", null], [""W_Complete application"", ""W_Complete application""], ["">>"", null], ["">>"", null], [""A_Concept"", ""A_Concept""], [""W_Complete application"", ""W_Complete application""], [""A_Accepted"", ""A_Accepted""], ["">>"", null], ["">>"", null], ["">>"", null], ["">>"", null], ["">>"", null], ["">>"", null], ["">>"", null], ["">>"", null], [""O_Create Offer"", ""O_Create Offer""], [""O_Created"", ""O_Created""], ["">>"", null], ["">>"", null], ["">>"", null], [""O_Sent (mail and online)"", ""O_Sent (mail and online)""], ["">>"", null], ["">>"", null], ["">>"", null], ["">>"", null], ["">>"", null], ["">>"", null], [""W_Complete application"", ""W_Complete application""], ["">>"", null], ["">>"", null], [""W_Call after offers"", ""W_Call after offers""], ["">>"", null], [""W_Call after offers"", ""W_Call after offers""], ["">>"", null], [""A_Complete"", ""A_Complete""], [""W_Call after offers"", ""W_Call after offers""], ["">>"", null], ["">>"", null], [""W_Call after offers"", ""W_Call after offers""], ["">>"", null], [""W_Call after offers"", ""W_Call after offers""], ["">>"", null], [""W_Call after offers"", ""W_Call after offers""], ["">>"", null], [""W_Validate application"", ""W_Validate application""], ["">>"", null], ["">>"", null], [""W_Validate application"", ""W_Validate application""], ["">>"", null], [""A_Validating"", ""A_Validating""], ["">>"", null], ["">>"", null], ["">>"", null], ["">>"", null], ["">>"", null], ["">>"", null], [""O_Returned"", ""O_Returned""], ["">>"", null], ["">>"", null], ["">>"", null], ["">>"", null], ["">>"", null], ["">>"", null], [""W_Validate application"", ""W_Validate application""], ["">>"", null], ["">>"", null], [""W_Validate application"", ""W_Validate application""], ["">>"", null], ["">>"", null], ["">>"", null], ["">>"", null], ["">>"", null], ["">>"", null], [""W_Call incomplete files"", ""W_Call incomplete files""], ["">>"", null], [""W_Call incomplete files"", ""W_Call incomplete files""], ["">>"", null], [""A_Incomplete"", ""A_Incomplete""], ["">>"", null], ["">>"", null], [""W_Call incomplete files"", ""W_Call incomplete files""], ["">>"", null], [""W_Call incomplete files"", ""W_Call incomplete files""], ["">>"", null], [""W_Call incomplete files"", ""W_Call incomplete files""], ["">>"", null], [""O_Accepted"", ""O_Accepted""], [""A_Pending"", ""A_Pending""], [""W_Call incomplete files"", ""W_Call incomplete files""], ["">>"", null], ["">>"", null], ["">>"", null], ["">>"", null], ["">>"", null], ["">>"", null], ["">>"", null]]",[],[]
"('A_Create Application', 'A_Submitted', 'W_Handle leads', 'W_Handle leads', 'W_Complete application', 'A_Concept', 'W_Complete application', 'W_Complete application', 'A_Accepted', 'O_Create Offer', 'O_Created', 'O_Sent (mail and online)', 'W_Complete application', 'W_Call after offers', 'W_Call after offers', 'A_Complete', 'W_Call after offers', 'W_Call after offers', 'W_Call after offers', 'A_Cancelled', 'O_Cancelled', 'W_Call after offers')",734,0,"[[""A_Create Application"", ""A_Create Application""], [""A_Submitted"", ""A_Submitted""], ["">>"", null], ["">>"", null], [""W_Handle leads"", ""W_Handle leads""], ["">>"", null], [""W_Handle leads"", ""W_Handle leads""], ["">>"", null], ["">>"", null], ["">>"", null], [""W_Complete application"", ""W_Complete application""], ["">>"", null], ["">>"", null], [""A_Concept"", ""A_Concept""], [""W_Complete application"", ""W_Complete application""], ["">>"", null], ["">>"", null], [""W_Complete application"", ""W_Complete application""], ["">>"", null], ["">>"", null], ["">>"", null], [""A_Accepted"", ""A_Accepted""], ["">>"", null], ["">>"", null], ["">>"", null], ["">>"", null], ["">>"", null], [""O_Create Offer"", ""O_Create Offer""], [""O_Created"", ""O_Created""], ["">>"", null], ["">>"", null], ["">>"", null], [""O_Sent (mail and online)"", ""O_Sent (mail and online)""], ["">>"", null], ["">>"", null], ["">>"", null], ["">>"", null], ["">>"", null], [""W_Complete application"", ""W_Complete application""], ["">>"", null], ["">>"", null], ["">>"", null], [""W_Call after offers"", ""W_Call after offers""], ["">>"", null], [""W_Call after offers"", ""W_Call after offers""], ["">>"", null], [""A_Complete"", ""A_Complete""], ["">>"", null], ["">>"", null], [""W_Call after offers"", ""W_Call after offers""], ["">>"", null], [""W_Call after offers"", ""W_Call after offers""], ["">>"", null], [""W_Call after offers"", ""W_Call after offers""], ["">>"", null], [""A_Cancelled"", ""A_Cancelled""], ["">>"", null], ["">>"", null], ["">>"", null], [""O_Cancelled"", ""O_Cancelled""], ["">>"", null], ["">>"", null], ["">>"", null], [""W_Call after offers"", ""W_Call after offers""], ["">>"", null], ["">>"", null], ["">>"", null], ["">>"", null]]",[],[]
"('A_Create Application', 'A_Submitted', 'W_Handle leads', 'W_Handle leads', 'W_Complete application', 'A_Concept', 'W_Complete application', 'W_Complete application', 'W_Complete application', 'A_Accepted', 'O_Create Offer', 'O_Created', 'O_Sent (mail and online)', 'W_Complete application', 'W_Call after offers', 'W_Call after offers', 'A_Complete', 'W_Call after offers', 'W_Call after offers', 'W_Call after offers', 'W_Call after offers', 'W_Validate application', 'W_Validate application', 'A_Validating', 'O_Returned', 'W_Validate application', 'W_Validate application', 'W_Call incomplete files', 'W_Call incomplete files', 'A_Incomplete', 'W_Call incomplete files', 'W_Call incomplete files', 'W_Call incomplete files', 'W_Call incomplete files', 'W_Call incomplete files', 'W_Call incomplete files', 'W_Validate application', 'W_Validate application', 'A_Validating', 'W_Validate application', 'O_Accepted', 'A_Pending', 'W_Validate application')",7,0,"[[""A_Create Application"", ""A_Create Application""], [""A_Submitted"", ""A_Submitted""], ["">>"", null], ["">>"", null], ["">>"", null], [""W_Handle leads"", ""W_Handle leads""], ["">>"", null], [""W_Handle leads"", ""W_Handle leads""], ["">>"", null], ["">>"", null], ["">>"", null], [""W_Complete application"", ""W_Complete application""], ["">>"", null], ["">>"", null], [""A_Concept"", ""A_Concept""], [""W_Complete application"", ""W_Complete application""], ["">>"", null], ["">>"", null], [""W_Complete application"", ""W_Complete application""], ["">>"", null], ["">>"", null], [""W_Complete application"", ""W_Complete application""], ["">>"", null], ["">>"", null], [""A_Accepted"", ""A_Accepted""], ["">>"", null], ["">>"", null], ["">>"", null], ["">>"", null], ["">>"", null], ["">>"", null], [""O_Create Offer"", ""O_Create Offer""], [""O_Created"", ""O_Created""], ["">>"", null], ["">>"", null], ["">>"", null], [""O_Sent (mail and online)"", ""O_Sent (mail and online)""], ["">>"", null], ["">>"", null], ["">>"", null], ["">>"", null], ["">>"", null], [""W_Complete application"", ""W_Complete application""], ["">>"", null], ["">>"", null], [""W_Call after offers"", ""W_Call after offers""], ["">>"", null], [""W_Call after offers"", ""W_Call after offers""], ["">>"", null], [""A_Complete"", ""A_Complete""], ["">>"", null], [""W_Call after offers"", ""W_Call after offers""], ["">>"", null], [""W_Call after offers"", ""W_Call after offers""], ["">>"", null], [""W_Call after offers"", ""W_Call after offers""], ["">>"", null], [""W_Call after offers"", ""W_Call after offers""], ["">>"", null], ["">>"", null], [""W_Validate application"", ""W_Validate application""], ["">>"", null], ["">>"", null], [""W_Validate application"", ""W_Validate application""], [""A_Validating"", ""A_Validating""], ["">>"", null], ["">>"", null], ["">>"", null], ["">>"", null], ["">>"", null], ["">>"", null], [""O_Returned"", ""O_Returned""], ["">>"", null], ["">>"", null], ["">>"", null], ["">>"", null], ["">>"", null], ["">>"", null], [""W_Validate application"", ""W_Validate application""], ["">>"", null], ["">>"", null], [""W_Validate application"", ""W_Validate application""], ["">>"", null], ["">>"", null], ["">>"", null], ["">>"", null], ["">>"", null], ["">>"", null], [""W_Call incomplete files"", ""W_Call incomplete files""], ["">>"", null], [""W_Call incomplete files"", ""W_Call incomplete files""], ["">>"", null], [""A_Incomplete"", ""A_Incomplete""], ["">>"", null], [""W_Call incomplete files"", ""W_Call incomplete files""], ["">>"", null], [""W_Call incomplete files"", ""W_Call incomplete files""], ["">>"", null], [""W_Call incomplete files"", ""W_Call incomplete files""], ["">>"", null], [""W_Call incomplete files"", ""W_Call incomplete files""], ["">>"", null], [""W_Call incomplete files"", ""W_Call incomplete files""], ["">>"", null], [""W_Call incomplete files"", ""W_Call incomplete files""], ["">>"", null], ["">>"", null], ["">>"", null], ["">>"", null], ["">>"", null], ["">>"", null], [""W_Validate application"", ""W_Validate application""], ["">>"", null], ["">>"", null], [""W_Validate application"", ""W_Validate application""], [""A_Validating"", ""A_Validating""], ["">>"", null], [""W_Validate application"", ""W_Validate application""], ["">>"", null], ["">>"", null], ["">>"", null], ["">>"", null], ["">>"", null], ["">>"", null], ["">>"", null], [""O_Accepted"", ""O_Accepted""], [""A_Pending"", ""A_Pending""], ["">>"", null], ["">>"", null], ["">>"", null], ["">>"", null], [""W_Validate application"", ""W_Validate application""], ["">>"", null], ["">>"", null], ["">>"", null], ["">>"", null], ["">>"", null], ["">>"", null], ["">>"", null], ["">>"", null], ["">>"", null]]",[],[]
"('A_Create Application', 'A_Submitted', 'W_Handle leads', 'W_Handle leads', 'W_Complete application', 'A_Concept', 'A_Accepted', 'O_Create Offer', 'O_Created', 'O_Sent (mail and online)', 'W_Complete application', 'W_Call after offers', 'W_Call after offers', 'A_Complete', 'W_Call after offers', 'W_Call after offers', 'W_Call after offers', 'W_Call after offers', 'W_Validate application', 'W_Validate application', 'A_Validating', 'O_Returned', 'W_Validate application', 'W_Validate application', 'W_Call incomplete files', 'W_Call incomplete files', 'A_Incomplete', 'W_Call incomplete files', 'W_Call incomplete files', 'W_Call incomplete files', 'W_Call incomplete files', 'W_Validate application', 'W_Validate application', 'A_Validating', 'W_Validate application', 'W_Validate application', 'W_Validate application', 'W_Validate application', 'O_Accepted', 'A_Pending', 'W_Validate application')",2,0,"[[""A_Create Application"", ""A_Create Application""], [""A_Submitted"", ""A_Submitted""], ["">>"", null], ["">>"", null], [""W_Handle leads"", ""W_Handle leads""], ["">>"", null], [""W_Handle leads"", ""W_Handle leads""], ["">>"", null], ["">>"", null], ["">>"", null], [""W_Complete application"", ""W_Complete application""], ["">>"", null], ["">>"", null], ["">>"", null], ["">>"", null], ["">>"", null], ["">>"", null], ["">>"", null], [""A_Concept"", ""A_Concept""], [""A_Accepted"", ""A_Accepted""], [""O_Create Offer"", ""O_Create Offer""], [""O_Created"", ""O_Created""], ["">>"", null], ["">>"", null], ["">>"", null], [""O_Sent (mail and online)"", ""O_Sent (mail and online)""], ["">>"", null], ["">>"", null], ["">>"", null], ["">>"", null], ["">>"", null], ["">>"", null], [""W_Complete application"", ""W_Complete application""], ["">>"", null], ["">>"", null], [""W_Call after offers"", ""W_Call after offers""], ["">>"", null], [""W_Call after offers"", ""W_Call after offers""], ["">>"", null], [""A_Complete"", ""A_Complete""], [""W_Call after offers"", ""W_Call after offers""], ["">>"", null], [""W_Call after offers"", ""W_Call after offers""], ["">>"", null], [""W_Call after offers"", ""W_Call after offers""], ["">>"", null], ["">>"", null], [""W_Call after offers"", ""W_Call after offers""], ["">>"", null], ["">>"", null], [""W_Validate application"", ""W_Validate application""], ["">>"", null], ["">>"", null], [""W_Validate application"", ""W_Validate application""], [""A_Validating"", ""A_Validating""], ["">>"", null], ["">>"", null], ["">>"", null], ["">>"", null], ["">>"", null], ["">>"", null], ["">>"", null], [""O_Returned"", ""O_Returned""], ["">>"", null], ["">>"", null], ["">>"", null], ["">>"", null], ["">>"", null], ["">>"", null], [""W_Validate application"", ""W_Validate application""], ["">>"", null], ["">>"", null], [""W_Validate application"", ""W_Validate application""], ["">>"", null], ["">>"", null], ["">>"", null], ["">>"", null], ["">>"", null], [""W_Call incomplete files"", ""W_Call incomplete files""], ["">>"", null], ["">>"", null], [""W_Call incomplete files"", ""W_Call incomplete files""], ["">>"", null], [""A_Incomplete"", ""A_Incomplete""], ["">>"", null], [""W_Call incomplete files"", ""W_Call incomplete files""], ["">>"", null], [""W_Call incomplete files"", ""W_Call incomplete files""], ["">>"", null], [""W_Call incomplete files"", ""W_Call incomplete files""], ["">>"", null], [""W_Call incomplete files"", ""W_Call incomplete files""], ["">>"", null], ["">>"", null], ["">>"", null], ["">>"", null], ["">>"", null], ["">>"", null], [""W_Validate application"", ""W_Validate application""], ["">>"", null], ["">>"", null], [""W_Validate application"", ""W_Validate application""], [""A_Validating"", ""A_Validating""], ["">>"", null], [""W_Validate application"", ""W_Validate application""], ["">>"", null], ["">>"", null], [""W_Validate application"", ""W_Validate application""], ["">>"", null], ["">>"", null], [""W_Validate application"", ""W_Validate application""], ["">>"", null], ["">>"", null], [""W_Validate application"", ""W_Validate application""], ["">>"", null], ["">>"", null], ["">>"", null], ["">>"", null], ["">>"", null], ["">>"", null], ["">>"", null], [""O_Accepted"", ""O_Accepted""], [""A_Pending"", ""A_Pending""], ["">>"", null], ["">>"", null], ["">>"", null], ["">>"", null], [""W_Validate application"", ""W_Validate application""], ["">>"", null], ["">>"", null], ["">>"", null], ["">>"", null], ["">>"", null], ["">>"", null], ["">>"", null], ["">>"", null], ["">>"", null]]",[],[]
"('A_Create Application', 'A_Submitted', 'W_Handle leads', 'W_Handle leads', 'W_Complete application', 'A_Concept', 'W_Complete application', 'W_Complete application', 'W_Complete application', 'W_Complete application', 'W_Complete application', 'A_Accepted', 'O_Create Offer', 'O_Created', 'O_Create Offer', 'O_Created', 'O_Sent (mail and online)', 'O_Sent (mail and online)', 'W_Complete application', 'W_Call after offers', 'W_Call after offers', 'A_Complete', 'W_Call after offers', 'W_Call after offers', 'W_Call after offers', 'O_Create Offer', 'O_Created', 'O_Sent (mail and online)', 'A_Cancelled', 'O_Cancelled', 'O_Cancelled', 'O_Cancelled', 'W_Call after offers')",4,0,"[[""A_Create Application"", ""A_Create Application""], [""A_Submitted"", ""A_Submitted""], ["">>"", null], ["">>"", null], ["">>"", null], [""W_Handle leads"", ""W_Handle leads""], ["">>"", null], [""W_Handle leads"", ""W_Handle leads""], ["">>"", null], ["">>"", null], ["">>"", null], [""W_Complete application"", ""W_Complete application""], ["">>"", null], ["">>"", null], [""A_Concept"", ""A_Concept""], [""W_Complete application"", ""W_Complete application""], ["">>"", null], ["">>"", null], [""W_Complete application"", ""W_Complete application""], ["">>"", null], ["">>"", null], [""W_Complete application"", ""W_Complete application""], ["">>"", null], ["">>"", null], [""W_Complete application"", ""W_Complete application""], ["">>"", null], ["">>"", null], [""W_Complete application"", ""W_Complete application""], ["">>"", null], ["">>"", null], [""A_Accepted"", ""A_Accepted""], ["">>"", null], ["">>"", null], ["">>"", null], ["">>"", null], ["">>"", null], ["">>"", null], [""O_Create Offer"", ""O_Create Offer""], [""O_Created"", ""O_Created""], ["">>"", null], ["">>"", null], ["">>"", null], ["">>"", null], ["">>"", null], ["">>"", null], ["">>"", null], [""O_Create Offer"", ""O_Create Offer""], [""O_Created"", ""O_Created""], ["">>"", null], ["">>"", null], ["">>"", null], [""O_Sent (mail and online)"", ""O_Sent (mail and online)""], ["">>"", null], ["">>"", null], ["">>"", null], [""O_Sent (mail and online)"", ""O_Sent (mail and online)""], ["">>"", null], ["">>"", null], ["">>"", null], ["">>"", null], ["">>"", null], [""W_Complete application"", ""W_Complete application""], ["">>"", null], ["">>"", null], [""W_Call after offers"", ""W_Call after offers""], ["">>"", null], [""W_Call after offers"", ""W_Call after offers""], ["">>"", null], [""A_Complete"", ""A_Complete""], ["">>"", null], [""W_Call after offers"", ""W_Call after offers""], ["">>"", null], [""W_Call after offers"", ""W_Call after offers""], ["">>"", null], [""W_Call after offers"", ""W_Call after offers""], ["">>"", null], ["">>"", null], ["">>"", null], ["">>"", null], ["">>"", null], [""O_Create Offer"", ""O_Create Offer""], [""O_Created"", ""O_Created""], ["">>"", null], ["">>"", null], ["">>"", null], [""O_Sent (mail and online)"", ""O_Sent (mail and online)""], ["">>"", null], ["">>"", null], ["">>"", null], ["">>"", null], [""A_Cancelled"", ""A_Cancelled""], ["">>"", null], ["">>"", null], ["">>"", null], [""O_Cancelled"", ""O_Cancelled""], ["">>"", null], ["">>"", null], ["">>"", null], [""O_Cancelled"", ""O_Cancelled""], ["">>"", null], ["">>"", null], ["">>"", null], [""O_Cancelled"", ""O_Cancelled""], ["">>"", null], ["">>"", null], ["">>"", null], [""W_Call after offers"", ""W_Call after offers""], ["">>"", null], ["">>"", null], ["">>"", null], ["">>"", null]]",[],[]
"('A_Create Application', 'A_Submitted', 'W_Handle leads', 'W_Handle leads', 'W_Complete application', 'A_Concept', 'W_Complete application', 'A_Accepted', 'O_Create Offer', 'O_Created', 'O_Sent (mail and online)', 'W_Complete application', 'W_Call after offers', 'W_Call after offers', 'A_Complete', 'W_Call after offers', 'W_Call after offers', 'W_Call after offers', 'W_Call after offers', 'W_Validate application', 'W_Validate application', 'A_Validating', 'O_Returned', 'W_Validate application', 'W_Validate application', 'W_Call incomplete files', 'W_Call incomplete files', 'A_Incomplete', 'W_Call incomplete files', 'W_Call incomplete files', 'W_Call incomplete files', 'W_Call incomplete files', 'W_Validate application', 'W_Validate application', 'A_Validating', 'W_Validate application', 'W_Validate application', 'W_Validate application', 'W_Validate application', 'W_Validate application', 'W_Validate application', 'W_Validate application', 'W_Validate application', 'W_Validate application', 'W_Call incomplete files', 'W_Call incomplete files', 'A_Incomplete', 'W_Call incomplete files', 'W_Call incomplete files', 'W_Call incomplete files', 'W_Call incomplete files', 'W_Validate application', 'W_Validate application', 'A_Validating', 'W_Validate application', 'W_Validate application', 'O_Accepted', 'A_Pending', 'W_Validate application')",1,0,"[[""A_Create Application"", ""A_Create Application""], [""A_Submitted"", ""A_Submitted""], ["">>"", null], ["">>"", null], [""W_Handle leads"", ""W_Handle leads""], ["">>"", null], [""W_Handle leads"", ""W_Handle leads""], ["">>"", null], ["">>"", null], ["">>"", null], [""W_Complete application"", ""W_Complete application""], ["">>"", null], ["">>"", null], [""A_Concept"", ""A_Concept""], [""W_Complete application"", ""W_Complete application""], ["">>"", null], [""A_Accepted"", ""A_Accepted""], ["">>"", null], ["">>"", null], ["">>"", null], ["">>"", null], ["">>"", null], ["">>"", null], ["">>"", null], [""O_Create Offer"", ""O_Create Offer""], [""O_Created"", ""O_Created""], ["">>"", null], ["">>"", null], ["">>"", null], [""O_Sent (mail and online)"", ""O_Sent (mail and online)""], ["">>"", null], ["">>"", null], ["">>"", null], ["">>"", null], ["">>"", null], [""W_Complete application"", ""W_Complete application""], ["">>"", null], ["">>"", null], [""W_Call after offers"", ""W_Call after offers""], ["">>"", null], [""W_Call after offers"", ""W_Call after offers""], ["">>"", null], [""A_Complete"", ""A_Complete""], ["">>"", null], [""W_Call after offers"", ""W_Call after offers""], ["">>"", null], [""W_Call after offers"", ""W_Call after offers""], ["">>"", null], [""W_Call after offers"", ""W_Call after offers""], ["">>"", null], [""W_Call after offers"", ""W_Call after offers""], ["">>"", null], [""W_Validate application"", ""W_Validate application""], ["">>"", null], ["">>"", null], [""W_Validate application"", ""W_Validate application""], [""A_Validating"", ""A_Validating""], ["">>"", null], ["">>"", null], ["">>"", null], ["">>"", null], ["">>"", null], ["">>"", null], [""O_Returned"", ""O_Returned""], ["">>"", null], ["">>"", null], ["">>"", null], ["">>"", null], ["">>"", null], ["">>"", null], [""W_Validate application"", ""W_Validate application""], ["">>"", null], ["">>"", null], [""W_Validate application"", ""W_Validate application""], ["">>"", null], ["">>"", null], ["">>"", null], ["">>"", null], ["">>"", null], ["">>"", null], [""W_Call incomplete files"", ""W_Call incomplete files""], ["">>"", null], [""W_Call incomplete files"", ""W_Call incomplete files""], ["">>"", null], [""A_Incomplete"", ""A_Incomplete""], ["">>"", null], [""W_Call incomplete files"", ""W_Call incomplete files""], ["">>"", null], [""W_Call incomplete files"", ""W_Call incomplete files""], ["">>"", null], [""W_Call incomplete files"", ""W_Call incomplete files""], ["">>"", null], [""W_Call incomplete files"", ""W_Call incomplete files""], ["">>"", null], ["">>"", null], ["">>"", null], ["">>"", null], ["">>"", null], ["">>"", null], [""W_Validate application"", ""W_Validate application""], ["">>"", null], ["">>"", null], [""W_Validate application"", ""W_Validate application""], [""A_Validating"", ""A_Validating""], ["">>"", null], [""W_Validate application"", ""W_Validate application""], ["">>"", null], ["">>"", null], [""W_Validate application"", ""W_Validate application""], ["">>"", null], ["">>"", null], [""W_Validate application"", ""W_Validate application""], ["">>"", null], ["">>"", null], [""W_Validate application"", ""W_Validate application""], ["">>"", null], ["">>"", null], [""W_Validate application"", ""W_Validate application""], ["">>"", null], ["">>"", null], [""W_Validate application"", ""W_Validate application""], ["">>"", null], ["">>"", null], [""W_Validate application"", ""W_Validate application""], ["">>"", null], ["">>"", null], [""W_Validate application"", ""W_Validate application""], ["">>"", null], ["">>"", null], [""W_Validate application"", ""W_Validate application""], ["">>"", null], ["">>"", null], ["">>"", null], ["">>"", null], ["">>"", null], ["">>"", null], [""W_Call incomplete files"", ""W_Call incomplete files""], ["">>"", null], [""W_Call incomplete files"", ""W_Call incomplete files""], ["">>"", null], [""A_Incomplete"", ""A_Incomplete""], ["">>"", null], [""W_Call incomplete files"", ""W_Call incomplete files""], ["">>"", null], [""W_Call incomplete files"", ""W_Call incomplete files""], ["">>"", null], [""W_Call incomplete files"", ""W_Call incomplete files""], ["">>"", null], [""W_Call incomplete files"", ""W_Call incomplete files""], ["">>"", null], ["">>"", null], ["">>"", null], ["">>"", null], ["">>"", null], ["">>"", null], ["">>"", null], [""W_Validate application"", ""W_Validate application""], ["">>"", null], ["">>"", null], [""W_Validate application"", ""W_Validate application""], ["">>"", null], [""A_Validating"", ""A_Validating""], ["">>"", null], [""W_Validate application"", ""W_Validate application""], ["">>"", null], ["">>"", null], [""W_Validate application"", ""W_Validate application""], ["">>"", null], ["">>"", null], ["">>"", null], ["">>"", null], ["">>"", null], ["">>"", null], ["">>"", null], [""O_Accepted"", ""O_Accepted""], [""A_Pending"", ""A_Pending""], ["">>"", null], ["">>"", null], ["">>"", null], ["">>"", null], [""W_Validate application"", ""W_Validate application""], ["">>"", null], ["">>"", null], ["">>"", null], ["">>"", null], ["">>"", null], ["">>"", null], ["">>"", null], ["">>"", null], ["">>"", null]]",[],[]
"('A_Create Application', 'A_Submitted', 'W_Handle leads', 'W_Handle leads', 'W_Complete application', 'A_Concept', 'W_Complete application', 'W_Complete application', 'W_Complete application', 'W_Complete application', 'W_Complete application', 'A_Accepted', 'O_Create Offer', 'O_Created', 'O_Sent (mail and online)', 'W_Complete application', 'W_Call after offers', 'W_Call after offers', 'A_Complete', 'W_Call after offers', 'W_Call after offers', 'W_Call after offers', 'A_Cancelled', 'O_Cancelled', 'W_Call after offers')",204,0,"[[""A_Create Application"", ""A_Create Application""], [""A_Submitted"", ""A_Submitted""], ["">>"", null], ["">>"", null], [""W_Handle leads"", ""W_Handle leads""], ["">>"", null], [""W_Handle leads"", ""W_Handle leads""], ["">>"", null], ["">>"", null], ["">>"", null], [""W_Complete application"", ""W_Complete application""], [""A_Concept"", ""A_Concept""], ["">>"", null], ["">>"", null], [""W_Complete application"", ""W_Complete application""], ["">>"", null], ["">>"", null], [""W_Complete application"", ""W_Complete application""], ["">>"", null], ["">>"", null], [""W_Complete application"", ""W_Complete application""], ["">>"", null], ["">>"", null], [""W_Complete application"", ""W_Complete application""], ["">>"", null], ["">>"", null], [""W_Complete application"", ""W_Complete application""], ["">>"", null], ["">>"", null], ["">>"", null], ["">>"", null], ["">>"", null], [""A_Accepted"", ""A_Accepted""], ["">>"", null], ["">>"", null], ["">>"", null], ["">>"", null], [""O_Create Offer"", ""O_Create Offer""], [""O_Created"", ""O_Created""], ["">>"", null], ["">>"", null], ["">>"", null], [""O_Sent (mail and online)"", ""O_Sent (mail and online)""], ["">>"", null], ["">>"", null], ["">>"", null], ["">>"", null], ["">>"", null], [""W_Complete application"", ""W_Complete application""], ["">>"", null], ["">>"", null], [""W_Call after offers"", ""W_Call after offers""], ["">>"", null], [""W_Call after offers"", ""W_Call after offers""], ["">>"", null], [""A_Complete"", ""A_Complete""], [""W_Call after offers"", ""W_Call after offers""], ["">>"", null], [""W_Call after offers"", ""W_Call after offers""], ["">>"", null], [""W_Call after offers"", ""W_Call after offers""], ["">>"", null], ["">>"", null], ["">>"", null], [""A_Cancelled"", ""A_Cancelled""], ["">>"", null], ["">>"", null], ["">>"", null], [""O_Cancelled"", ""O_Cancelled""], ["">>"", null], ["">>"", null], ["">>"", null], [""W_Call after offers"", ""W_Call after offers""], ["">>"", null], ["">>"", null], ["">>"", null], ["">>"", null]]",[],[]
"('A_Create Application', 'A_Submitted', 'W_Handle leads', 'W_Handle leads', 'W_Handle leads', 'W_Complete application', 'W_Complete application', 'A_Concept', 'W_Complete application', 'W_Complete application', 'W_Complete application', 'A_Accepted', 'O_Create Offer', 'O_Created', 'O_Sent (mail and online)', 'W_Complete application', 'W_Call after offers', 'W_Call after offers', 'A_Complete', 'W_Call after offers', 'W_Call after offers', 'W_Call after offers', 'W_Call after offers', 'W_Validate application', 'W_Validate application', 'A_Validating', 'O_Returned', 'W_Validate application', 'W_Validate application', 'W_Validate application', 'W_Validate application', 'W_Validate application', 'W_Validate application', 'W_Validate application', 'W_Validate application', 'A_Denied', 'O_Refused', 'W_Validate application')",4,0,"[[""A_Create Application"", ""A_Create Application""], [""A_Submitted"", ""A_Submitted""], ["">>"", null], ["">>"", null], [""W_Handle leads"", ""W_Handle leads""], ["">>"", null], [""W_Handle leads"", ""W_Handle leads""], ["">>"", null], [""W_Handle leads"", ""W_Handle leads""], ["">>"", null], ["">>"", null], ["">>"", null], [""W_Complete application"", ""W_Complete application""], ["">>"", null], ["">>"", null], [""W_Complete application"", ""W_Complete application""], ["">>"", null], ["">>"", null], [""A_Concept"", ""A_Concept""], [""W_Complete application"", ""W_Complete application""], ["">>"", null], ["">>"", null], [""W_Complete application"", ""W_Complete application""], ["">>"", null], ["">>"", null], [""W_Complete application"", ""W_Complete application""], ["">>"", null], ["">>"", null], ["">>"", null], ["">>"", null], ["">>"", null], ["">>"", null], ["">>"", null], ["">>"", null], [""A_Accepted"", ""A_Accepted""], [""O_Create Offer"", ""O_Create Offer""], [""O_Created"", ""O_Created""], ["">>"", null], ["">>"", null], ["">>"", null], [""O_Sent (mail and online)"", ""O_Sent (mail and online)""], ["">>"", null], ["">>"", null], ["">>"", null], ["">>"", null], ["">>"", null], [""W_Complete application"", ""W_Complete application""], ["">>"", null], ["">>"", null], [""W_Call after offers"", ""W_Call after offers""], ["">>"", null], [""W_Call after offers"", ""W_Call after offers""], ["">>"", null], [""A_Complete"", ""A_Complete""], ["">>"", null], [""W_Call after offers"", ""W_Call after offers""], ["">>"", null], [""W_Call after offers"", ""W_Call after offers""], ["">>"", null], [""W_Call after offers"", ""W_Call after offers""], ["">>"", null], [""W_Call after offers"", ""W_Call after offers""], ["">>"", null], ["">>"", null], [""W_Validate application"", ""W_Validate application""], ["">>"", null], ["">>"", null], ["">>"", null], [""W_Validate application"", ""W_Validate application""], [""A_Validating"", ""A_Validating""], ["">>"", null], ["">>"", null], ["">>"", null], ["">>"", null], ["">>"", null], ["">>"", null], [""O_Returned"", ""O_Returned""], ["">>"", null], ["">>"", null], ["">>"", null], ["">>"", null], ["">>"", null], ["">>"", null], [""W_Validate application"", ""W_Validate application""], ["">>"", null], ["">>"", null], [""W_Validate application"", ""W_Validate application""], ["">>"", null], ["">>"", null], [""W_Validate application"", ""W_Validate application""], ["">>"", null], ["">>"", null], [""W_Validate application"", ""W_Validate application""], ["">>"", null], ["">>"", null], [""W_Validate application"", ""W_Validate application""], ["">>"", null], ["">>"", null], [""W_Validate application"", ""W_Validate application""], ["">>"", null], ["">>"", null], [""W_Validate application"", ""W_Validate application""], ["">>"", null], ["">>"", null], [""W_Validate application"", ""W_Validate application""], ["">>"", null], ["">>"", null], ["">>"", null], ["">>"", null], ["">>"", null], ["">>"", null], [""A_Denied"", ""A_Denied""], ["">>"", null], [""O_Refused"", ""O_Refused""], ["">>"", null], ["">>"", null], ["">>"", null], ["">>"", null], ["">>"", null], [""W_Validate application"", ""W_Validate application""], ["">>"", null], ["">>"", null], ["">>"", null], ["">>"", null], ["">>"", null], ["">>"", null], ["">>"", null], ["">>"", null], ["">>"", null]]",[],[]
"('A_Create Application', 'A_Submitted', 'W_Handle leads', 'W_Handle leads', 'W_Complete application', 'A_Concept', 'W_Complete application', 'A_Accepted', 'O_Create Offer', 'O_Created', 'O_Sent (mail and online)', 'W_Complete application', 'W_Call after offers', 'W_Call after offers', 'A_Complete', 'W_Call after offers', 'W_Call after offers', 'W_Call after offers', 'W_Call after offers', 'W_Validate application', 'W_Validate application', 'A_Validating', 'O_Returned', 'W_Validate application', 'O_Accepted', 'A_Pending', 'W_Validate application')",244,0,"[[""A_Create Application"", ""A_Create Application""], [""A_Submitted"", ""A_Submitted""], ["">>"", null], ["">>"", null], ["">>"", null], [""W_Handle leads"", ""W_Handle leads""], ["">>"", null], [""W_Handle leads"", ""W_Handle leads""], ["">>"", null], ["">>"", null], ["">>"", null], [""W_Complete application"", ""W_Complete application""], ["">>"", null], ["">>"", null], [""A_Concept"", ""A_Concept""], [""W_Complete application"", ""W_Complete application""], ["">>"", null], ["">>"", null], ["">>"", null], ["">>"", null], ["">>"", null], ["">>"", null], ["">>"", null], [""A_Accepted"", ""A_Accepted""], [""O_Create Offer"", ""O_Create Offer""], [""O_Created"", ""O_Created""], ["">>"", null], ["">>"", null], ["">>"", null], [""O_Sent (mail and online)"", ""O_Sent (mail and online)""], ["">>"", null], ["">>"", null], ["">>"", null], ["">>"", null], ["">>"", null], ["">>"", null], [""W_Complete application"", ""W_Complete application""], ["">>"", null], ["">>"", null], [""W_Call after offers"", ""W_Call after offers""], ["">>"", null], [""W_Call after offers"", ""W_Call after offers""], ["">>"", null], [""A_Complete"", ""A_Complete""], [""W_Call after offers"", ""W_Call after offers""], ["">>"", null], [""W_Call after offers"", ""W_Call after offers""], ["">>"", null], ["">>"", null], [""W_Call after offers"", ""W_Call after offers""], ["">>"", null], [""W_Call after offers"", ""W_Call after offers""], ["">>"", null], ["">>"", null], [""W_Validate application"", ""W_Validate application""], ["">>"", null], ["">>"", null], [""W_Validate application"", ""W_Validate application""], [""A_Validating"", ""A_Validating""], ["">>"", null], ["">>"", null], ["">>"", null], ["">>"", null], ["">>"", null], ["">>"", null], [""O_Returned"", ""O_Returned""], ["">>"", null], ["">>"", null], ["">>"", null], ["">>"", null], ["">>"", null], ["">>"", null], [""W_Validate application"", ""W_Validate application""], ["">>"", null], ["">>"", null], ["">>"", null], ["">>"", null], ["">>"", null], ["">>"", null], ["">>"", null], [""O_Accepted"", ""O_Accepted""], [""A_Pending"", ""A_Pending""], ["">>"", null], ["">>"", null], ["">>"", null], ["">>"", null], [""W_Validate application"", ""W_Validate application""], ["">>"", null], ["">>"", null], ["">>"", null], ["">>"", null], ["">>"", null], ["">>"", null], ["">>"", null], ["">>"", null], ["">>"", null]]",[],[]
"('A_Create Application', 'A_Submitted', 'W_Handle leads', 'W_Handle leads', 'W_Complete application', 'A_Concept', 'W_Complete application', 'W_Complete application', 'W_Complete application', 'W_Complete application', 'A_Accepted', 'O_Create Offer', 'O_Created', 'O_Sent (mail and online)', 'W_Complete application', 'W_Call after offers', 'W_Call after offers', 'A_Complete', 'W_Call after offers', 'W_Call after offers', 'W_Call after offers', 'W_Call after offers', 'W_Validate application', 'W_Validate application', 'A_Validating', 'O_Returned', 'W_Validate application', 'W_Validate application', 'W_Validate application', 'W_Validate application', 'W_Call incomplete files', 'W_Call incomplete files', 'A_Incomplete', 'W_Call incomplete files', 'W_Call incomplete files', 'W_Call incomplete files', 'W_Call incomplete files', 'W_Call incomplete files', 'O_Accepted', 'A_Pending', 'W_Call incomplete files')",2,0,"[[""A_Create Application"", ""A_Create Application""], [""A_Submitted"", ""A_Submitted""], ["">>"", null], ["">>"", null], ["">>"", null], [""W_Handle leads"", ""W_Handle leads""], ["">>"", null], [""W_Handle leads"", ""W_Handle leads""], ["">>"", null], ["">>"", null], ["">>"", null], [""W_Complete application"", ""W_Complete application""], ["">>"", null], ["">>"", null], [""A_Concept"", ""A_Concept""], [""W_Complete application"", ""W_Complete application""], ["">>"", null], ["">>"", null], [""W_Complete application"", ""W_Complete application""], ["">>"", null], ["">>"", null], [""W_Complete application"", ""W_Complete application""], ["">>"", null], ["">>"", null], [""W_Complete application"", ""W_Complete application""], ["">>"", null], ["">>"", null], ["">>"", null], ["">>"", null], ["">>"", null], ["">>"", null], ["">>"", null], [""A_Accepted"", ""A_Accepted""], ["">>"", null], [""O_Create Offer"", ""O_Create Offer""], [""O_Created"", ""O_Created""], ["">>"", null], ["">>"", null], ["">>"", null], [""O_Sent (mail and online)"", ""O_Sent (mail and online)""], ["">>"", null], ["">>"", null], ["">>"", null], ["">>"", null], ["">>"", null], [""W_Complete application"", ""W_Complete application""], ["">>"", null], ["">>"", null], [""W_Call after offers"", ""W_Call after offers""], ["">>"", null], [""W_Call after offers"", ""W_Call after offers""], [""A_Complete"", ""A_Complete""], ["">>"", null], ["">>"", null], [""W_Call after offers"", ""W_Call after offers""], ["">>"", null], [""W_Call after offers"", ""W_Call after offers""], ["">>"", null], [""W_Call after offers"", ""W_Call after offers""], ["">>"", null], [""W_Call after offers"", ""W_Call after offers""], ["">>"", null], ["">>"", null], [""W_Validate application"", ""W_Validate application""], ["">>"", null], ["">>"", null], [""W_Validate application"", ""W_Validate application""], [""A_Validating"", ""A_Validating""], ["">>"", null], ["">>"", null], ["">>"", null], ["">>"", null], ["">>"", null], ["">>"", null], [""O_Returned"", ""O_Returned""], ["">>"", null], ["">>"", null], ["">>"", null], ["">>"", null], ["">>"", null], ["">>"", null], [""W_Validate application"", ""W_Validate application""], ["">>"", null], ["">>"", null], [""W_Validate application"", ""W_Validate application""], ["">>"", null], ["">>"", null], [""W_Validate application"", ""W_Validate application""], ["">>"", null], ["">>"", null], [""W_Validate application"", ""W_Validate application""], ["">>"", null], ["">>"", null], ["">>"", null], ["">>"", null], ["">>"", null], ["">>"", null], [""W_Call incomplete files"", ""W_Call incomplete files""], ["">>"", null], [""W_Call incomplete files"", ""W_Call incomplete files""], ["">>"", null], [""A_Incomplete"", ""A_Incomplete""], ["">>"", null], ["">>"", null], [""W_Call incomplete files"", ""W_Call incomplete files""], ["">>"", null], [""W_Call incomplete files"", ""W_Call incomplete files""], ["">>"", null], [""W_Call incomplete files"", ""W_Call incomplete files""], ["">>"", null], [""W_Call incomplete files"", ""W_Call incomplete files""], ["">>"", null], [""W_Call incomplete files"", ""W_Call incomplete files""], ["">>"", null], [""O_Accepted"", ""O_Accepted""], [""A_Pending"", ""A_Pending""], [""W_Call incomplete files"", ""W_Call incomplete files""], ["">>"", null], ["">>"", null], ["">>"", null], ["">>"", null], ["">>"", null], ["">>"", null], ["">>"", null]]",[],[]
"('A_Create Application', 'A_Submitted', 'W_Handle leads', 'W_Handle leads', 'W_Complete application', 'A_Concept', 'W_Complete application', 'A_Accepted', 'O_Create Offer', 'O_Created', 'O_Create Offer', 'O_Created', 'O_Sent (mail and online)', 'O_Sent (mail and online)', 'W_Complete application', 'W_Call after offers', 'W_Call after offers', 'A_Complete', 'W_Call after offers', 'W_Call after offers', 'W_Call after offers', 'W_Call after offers', 'W_Validate application', 'W_Validate application', 'A_Validating', 'O_Returned', 'W_Validate application', 'W_Validate application', 'W_Call incomplete files', 'W_Call incomplete files', 'A_Incomplete', 'W_Call incomplete files', 'W_Call incomplete files', 'W_Call incomplete files', 'O_Accepted', 'A_Pending', 'W_Call incomplete files', 'O_Cancelled')",9,0,"[[""A_Create Application"", ""A_Create Application""], [""A_Submitted"", ""A_Submitted""], ["">>"", null], ["">>"", null], [""W_Handle leads"", ""W_Handle leads""], ["">>"", null], [""W_Handle leads"", ""W_Handle leads""], ["">>"", null], ["">>"", null], ["">>"", null], [""W_Complete application"", ""W_Complete application""], ["">>"", null], ["">>"", null], [""A_Concept"", ""A_Concept""], [""W_Complete application"", ""W_Complete application""], ["">>"", null], ["">>"", null], ["">>"", null], [""A_Accepted"", ""A_Accepted""], ["">>"", null], ["">>"", null], ["">>"", null], ["">>"", null], [""O_Create Offer"", ""O_Create Offer""], [""O_Created"", ""O_Created""], ["">>"", null], ["">>"", null], ["">>"", null], ["">>"", null], ["">>"", null], ["">>"", null], ["">>"", null], ["">>"", null], [""O_Create Offer"", ""O_Create Offer""], [""O_Created"", ""O_Created""], ["">>"", null], ["">>"", null], ["">>"", null], [""O_Sent (mail and online)"", ""O_Sent (mail and online)""], ["">>"", null], ["">>"", null], ["">>"", null], [""O_Sent (mail and online)"", ""O_Sent (mail and online)""], ["">>"", null], ["">>"", null], ["">>"", null], ["">>"", null], ["">>"", null], [""W_Complete application"", ""W_Complete application""], ["">>"", null], ["">>"", null], [""W_Call after offers"", ""W_Call after offers""], ["">>"", null], [""W_Call after offers"", ""W_Call after offers""], ["">>"", null], [""A_Complete"", ""A_Complete""], ["">>"", null], [""W_Call after offers"", ""W_Call after offers""], ["">>"", null], [""W_Call after offers"", ""W_Call after offers""], ["">>"", null], [""W_Call after offers"", ""W_Call after offers""], ["">>"", null], [""W_Call after offers"", ""W_Call after offers""], ["">>"", null], ["">>"", null], [""W_Validate application"", ""W_Validate application""], ["">>"", null], ["">>"", null], [""W_Validate application"", ""W_Validate application""], [""A_Validating"", ""A_Validating""], ["">>"", null], ["">>"", null], ["">>"", null], ["">>"", null], ["">>"", null], ["">>"", null], [""O_Returned"", ""O_Returned""], ["">>"", null], ["">>"", null], ["">>"", null], ["">>"", null], ["">>"", null], ["">>"", null], [""W_Validate application"", ""W_Validate application""], ["">>"", null], ["">>"", null], [""W_Validate application"", ""W_Validate application""], ["">>"", null], ["">>"", null], ["">>"", null], ["">>"", null], ["">>"", null], ["">>"", null], ["">>"", null], [""W_Call incomplete files"", ""W_Call incomplete files""], ["">>"", null], [""W_Call incomplete files"", ""W_Call incomplete files""], ["">>"", null], [""A_Incomplete"", ""A_Incomplete""], ["">>"", null], ["">>"", null], [""W_Call incomplete files"", ""W_Call incomplete files""], ["">>"", null], [""W_Call incomplete files"", ""W_Call incomplete files""], ["">>"", null], [""W_Call incomplete files"", ""W_Call incomplete files""], ["">>"", null], [""O_Accepted"", ""O_Accepted""], [""A_Pending"", ""A_Pending""], [""W_Call incomplete files"", ""W_Call incomplete files""], ["">>"", null], ["">>"", null], ["">>"", null], ["">>"", null], [""O_Cancelled"", ""O_Cancelled""], ["">>"", null], ["">>"", null], ["">>"", null], ["">>"", null], ["">>"", null], ["">>"", null]]",[],[]
"('A_Create Application', 'A_Submitted', 'W_Handle leads', 'W_Handle leads', 'W_Handle leads', 'W_Complete application', 'W_Complete application', 'A_Concept', 'W_Complete application', 'W_Complete application', 'W_Complete application', 'W_Complete application', 'W_Complete application', 'W_Complete application', 'W_Complete application', 'W_Complete application', 'A_Accepted', 'O_Create Offer', 'O_Created', 'O_Create Offer', 'O_Created', 'O_Sent (mail and online)', 'O_Sent (mail and online)', 'W_Complete application', 'W_Call after offers', 'W_Call after offers', 'A_Complete', 'W_Call after offers', 'W_Call after offers', 'W_Call after offers', 'O_Create Offer', 'O_Created', 'O_Sent (mail and online)', 'W_Call after offers', 'W_Validate application', 'W_Validate application', 'A_Validating', 'O_Returned', 'W_Validate application', 'W_Validate application', 'W_Validate application', 'W_Validate application', 'A_Denied', 'O_Refused', 'O_Refused', 'O_Refused', 'W_Validate application')",1,0,"[[""A_Create Application"", ""A_Create Application""], [""A_Submitted"", ""A_Submitted""], ["">>"", null], ["">>"", null], ["">>"", null], [""W_Handle leads"", ""W_Handle leads""], ["">>"", null], [""W_Handle leads"", ""W_Handle leads""], ["">>"", null], [""W_Handle leads"", ""W_Handle leads""], ["">>"", null], ["">>"", null], ["">>"", null], [""W_Complete application"", ""W_Complete application""], ["">>"", null], ["">>"", null], [""W_Complete application"", ""W_Complete application""], ["">>"", null], ["">>"", null], [""A_Concept"", ""A_Concept""], [""W_Complete application"", ""W_Complete application""], ["">>"", null], ["">>"", null], [""W_Complete application"", ""W_Complete application""], ["">>"", null], ["">>"", null], [""W_Complete application"", ""W_Complete application""], ["">>"", null], ["">>"", null], [""W_Complete application"", ""W_Complete application""], ["">>"", null], ["">>"", null], [""W_Complete application"", ""W_Complete application""], ["">>"", null], ["">>"", null], [""W_Complete application"", ""W_Complete application""], ["">>"", null], ["">>"", null], [""W_Complete application"", ""W_Complete application""], ["">>"", null], ["">>"", null], [""W_Complete application"", ""W_Complete application""], ["">>"", null], ["">>"", null], ["">>"", null], ["">>"", null], ["">>"", null], ["">>"", null], ["">>"", null], ["">>"", null], [""A_Accepted"", ""A_Accepted""], [""O_Create Offer"", ""O_Create Offer""], [""O_Created"", ""O_Created""], ["">>"", null], ["">>"", null], ["">>"", null], ["">>"", null], ["">>"", null], ["">>"", null], ["">>"", null], [""O_Create Offer"", ""O_Create Offer""], [""O_Created"", ""O_Created""], ["">>"", null], ["">>"", null], ["">>"", null], [""O_Sent (mail and online)"", ""O_Sent (mail and online)""], ["">>"", null], ["">>"", null], ["">>"", null], [""O_Sent (mail and online)"", ""O_Sent (mail and online)""], ["">>"", null], ["">>"", null], ["">>"", null], ["">>"", null], ["">>"", null], [""W_Complete application"", ""W_Complete application""], ["">>"", null], ["">>"", null], [""W_Call after offers"", ""W_Call after offers""], ["">>"", null], [""W_Call after offers"", ""W_Call after offers""], ["">>"", null], [""A_Complete"", ""A_Complete""], ["">>"", null], ["">>"", null], ["">>"", null], ["">>"", null], ["">>"", null], [""W_Call after offers"", ""W_Call after offers""], ["">>"", null], [""W_Call after offers"", ""W_Call after offers""], ["">>"", null], [""W_Call after offers"", ""W_Call after offers""], ["">>"", null], [""O_Create Offer"", ""O_Create Offer""], [""O_Created"", ""O_Created""], ["">>"", null], ["">>"", null], ["">>"", null], [""O_Sent (mail and online)"", ""O_Sent (mail and online)""], ["">>"", null], ["">>"", null], ["">>"", null], [""W_Call after offers"", ""W_Call after offers""], ["">>"", null], [""W_Validate application"", ""W_Validate application""], ["">>"", null], ["">>"", null], [""W_Validate application"", ""W_Validate application""], [""A_Validating"", ""A_Validating""], ["">>"", null], ["">>"", null], ["">>"", null], ["">>"", null], ["">>"", null], ["">>"", null], ["">>"", null], [""O_Returned"", ""O_Returned""], ["">>"", null], ["">>"", null], ["">>"", null], ["">>"", null], ["">>"", null], ["">>"", null], [""W_Validate application"", ""W_Validate application""], ["">>"", null], ["">>"", null], [""W_Validate application"", ""W_Validate application""], ["">>"", null], ["">>"", null], [""W_Validate application"", ""W_Validate application""], ["">>"", null], ["">>"", null], [""W_Validate application"", ""W_Validate application""], ["">>"", null], ["">>"", null], ["">>"", null], ["">>"", null], ["">>"", null], ["">>"", null], [""A_Denied"", ""A_Denied""], ["">>"", null], [""O_Refused"", ""O_Refused""], ["">>"", null], [""O_Refused"", ""O_Refused""], ["">>"", null], [""O_Refused"", ""O_Refused""], ["">>"", null], ["">>"", null], ["">>"", null], ["">>"", null], ["">>"", null], [""W_Validate application"", ""W_Validate application""], ["">>"", null], ["">>"", null], ["">>"", null], ["">>"", null], ["">>"", null], ["">>"", null], ["">>"", null], ["">>"", null], ["">>"", null]]",[],[]
"('A_Create Application', 'A_Submitted', 'W_Handle leads', 'W_Handle leads', 'W_Complete application', 'A_Concept', 'W_Complete application', 'W_Complete application', 'W_Complete application', 'W_Complete application', 'W_Complete application', 'A_Accepted', 'O_Create Offer', 'O_Created', 'O_Sent (mail and online)', 'W_Complete application', 'W_Call after offers', 'W_Call after offers', 'A_Complete', 'W_Call after offers', 'W_Call after offers', 'W_Call after offers', 'W_Call after offers', 'W_Validate application', 'W_Validate application', 'A_Validating', 'O_Returned', 'W_Validate application', 'W_Validate application', 'W_Call incomplete files', 'W_Call incomplete files', 'A_Incomplete', 'W_Call incomplete files', 'W_Call incomplete files', 'W_Call incomplete files', 'O_Accepted', 'A_Pending', 'W_Call incomplete files')",12,0,"[[""A_Create Application"", ""A_Create Application""], [""A_Submitted"", ""A_Submitted""], ["">>"", null], ["">>"", null], ["">>"", null], [""W_Handle leads"", ""W_Handle leads""], ["">>"", null], [""W_Handle leads"", ""W_Handle leads""], ["">>"", null], ["">>"", null], ["">>"", null], [""W_Complete application"", ""W_Complete application""], ["">>"", null], ["">>"", null], [""A_Concept"", ""A_Concept""], [""W_Complete application"", ""W_Complete application""], ["">>"", null], ["">>"", null], [""W_Complete application"", ""W_Complete application""], ["">>"", null], ["">>"", null], [""W_Complete application"", ""W_Complete application""], ["">>"", null], ["">>"", null], [""W_Complete application"", ""W_Complete application""], ["">>"", null], ["">>"", null], [""W_Complete application"", ""W_Complete application""], ["">>"", null], [""A_Accepted"", ""A_Accepted""], ["">>"", null], ["">>"", null], ["">>"", null], ["">>"", null], ["">>"", null], ["">>"", null], ["">>"", null], [""O_Create Offer"", ""O_Create Offer""], [""O_Created"", ""O_Created""], ["">>"", null], ["">>"", null], ["">>"", null], [""O_Sent (mail and online)"", ""O_Sent (mail and online)""], ["">>"", null], ["">>"", null], ["">>"", null], ["">>"", null], ["">>"", null], [""W_Complete application"", ""W_Complete application""], ["">>"", null], ["">>"", null], [""W_Call after offers"", ""W_Call after offers""], ["">>"", null], [""W_Call after offers"", ""W_Call after offers""], ["">>"", null], [""A_Complete"", ""A_Complete""], [""W_Call after offers"", ""W_Call after offers""], ["">>"", null], [""W_Call after offers"", ""W_Call after offers""], ["">>"", null], [""W_Call after offers"", ""W_Call after offers""], ["">>"", null], [""W_Call after offers"", ""W_Call after offers""], ["">>"", null], ["">>"", null], ["">>"", null], [""W_Validate application"", ""W_Validate application""], ["">>"", null], ["">>"", null], [""W_Validate application"", ""W_Validate application""], [""A_Validating"", ""A_Validating""], ["">>"", null], ["">>"", null], ["">>"", null], ["">>"", null], ["">>"", null], ["">>"", null], [""O_Returned"", ""O_Returned""], ["">>"", null], ["">>"", null], ["">>"", null], ["">>"", null], ["">>"", null], ["">>"", null], [""W_Validate application"", ""W_Validate application""], ["">>"", null], ["">>"", null], [""W_Validate application"", ""W_Validate application""], ["">>"", null], ["">>"", null], ["">>"", null], ["">>"", null], ["">>"", null], [""W_Call incomplete files"", ""W_Call incomplete files""], ["">>"", null], ["">>"", null], [""W_Call incomplete files"", ""W_Call incomplete files""], ["">>"", null], [""A_Incomplete"", ""A_Incomplete""], ["">>"", null], ["">>"", null], [""W_Call incomplete files"", ""W_Call incomplete files""], ["">>"", null], [""W_Call incomplete files"", ""W_Call incomplete files""], ["">>"", null], [""W_Call incomplete files"", ""W_Call incomplete files""], ["">>"", null], [""O_Accepted"", ""O_Accepted""], [""A_Pending"", ""A_Pending""], [""W_Call incomplete files"", ""W_Call incomplete files""], ["">>"", null], ["">>"", null], ["">>"", null], ["">>"", null], ["">>"", null], ["">>"", null], ["">>"", null]]",[],[]
"('A_Create Application', 'A_Submitted', 'W_Handle leads', 'W_Handle leads', 'W_Complete application', 'A_Concept', 'W_Complete application', 'A_Accepted', 'O_Create Offer', 'O_Created', 'O_Sent (mail and online)', 'W_Complete application', 'W_Call after offers', 'W_Call after offers', 'A_Complete', 'W_Call after offers', 'W_Call after offers', 'W_Call after offers', 'W_Call after offers', 'W_Validate application', 'W_Validate application', 'A_Validating', 'O_Returned', 'W_Validate application', 'A_Denied', 'O_Refused', 'W_Validate application')",88,0,"[[""A_Create Application"", ""A_Create Application""], [""A_Submitted"", ""A_Submitted""], ["">>"", null], ["">>"", null], ["">>"", null], [""W_Handle leads"", ""W_Handle leads""], ["">>"", null], [""W_Handle leads"", ""W_Handle leads""], ["">>"", null], ["">>"", null], ["">>"", null], [""W_Complete application"", ""W_Complete application""], ["">>"", null], ["">>"", null], [""A_Concept"", ""A_Concept""], [""W_Complete application"", ""W_Complete application""], ["">>"", null], ["">>"", null], [""A_Accepted"", ""A_Accepted""], ["">>"", null], ["">>"", null], ["">>"", null], ["">>"", null], ["">>"", null], ["">>"", null], [""O_Create Offer"", ""O_Create Offer""], [""O_Created"", ""O_Created""], ["">>"", null], ["">>"", null], ["">>"", null], [""O_Sent (mail and online)"", ""O_Sent (mail and online)""], ["">>"", null], ["">>"", null], ["">>"", null], ["">>"", null], ["">>"", null], [""W_Complete application"", ""W_Complete application""], ["">>"", null], ["">>"", null], [""W_Call after offers"", ""W_Call after offers""], ["">>"", null], [""W_Call after offers"", ""W_Call after offers""], ["">>"", null], [""A_Complete"", ""A_Complete""], ["">>"", null], [""W_Call after offers"", ""W_Call after offers""], ["">>"", null], [""W_Call after offers"", ""W_Call after offers""], ["">>"", null], [""W_Call after offers"", ""W_Call after offers""], ["">>"", null], [""W_Call after offers"", ""W_Call after offers""], ["">>"", null], ["">>"", null], [""W_Validate application"", ""W_Validate application""], ["">>"", null], ["">>"", null], [""W_Validate application"", ""W_Validate application""], [""A_Validating"", ""A_Validating""], ["">>"", null], ["">>"", null], ["">>"", null], ["">>"", null], ["">>"", null], ["">>"", null], [""O_Returned"", ""O_Returned""], ["">>"", null], ["">>"", null], ["">>"", null], ["">>"", null], ["">>"", null], ["">>"", null], [""W_Validate application"", ""W_Validate application""], ["">>"", null], ["">>"", null], ["">>"", null], ["">>"", null], ["">>"", null], ["">>"", null], [""A_Denied"", ""A_Denied""], ["">>"", null], [""O_Refused"", ""O_Refused""], ["">>"", null], ["">>"", null], ["">>"", null], ["">>"", null], ["">>"", null], [""W_Validate application"", ""W_Validate application""], ["">>"", null], ["">>"", null], ["">>"", null], ["">>"", null], ["">>"", null], ["">>"", null], ["">>"", null], ["">>"", null], ["">>"", null]]",[],[]
"('A_Create Application', 'W_Complete application', 'W_Complete application', 'A_Concept', 'A_Accepted', 'O_Create Offer', 'O_Created', 'O_Sent (online only)', 'W_Complete application', 'W_Call after offers', 'W_Call after offers', 'A_Complete', 'O_Cancelled', 'O_Create Offer', 'O_Created', 'O_Sent (mail and online)', 'O_Create Offer', 'O_Created', 'O_Sent (mail and online)', 'W_Call after offers', 'W_Call after offers', 'W_Call after offers', 'O_Create Offer', 'O_Created', 'O_Sent (mail and online)', 'A_Cancelled', 'O_Cancelled', 'O_Cancelled', 'O_Cancelled', 'W_Call after offers')",1,0,"[[""A_Create Application"", ""A_Create Application""], ["">>"", null], ["">>"", null], ["">>"", null], ["">>"", null], ["">>"", null], [""W_Complete application"", ""W_Complete application""], ["">>"", null], ["">>"", null], [""W_Complete application"", ""W_Complete application""], ["">>"", null], ["">>"", null], ["">>"", null], ["">>"", null], [""A_Concept"", ""A_Concept""], [""A_Accepted"", ""A_Accepted""], ["">>"", null], ["">>"", null], ["">>"", null], ["">>"", null], ["">>"", null], [""O_Create Offer"", ""O_Create Offer""], [""O_Created"", ""O_Created""], ["">>"", null], ["">>"", null], ["">>"", null], [""O_Sent (online only)"", ""O_Sent (online only)""], ["">>"", null], ["">>"", null], ["">>"", null], ["">>"", null], ["">>"", null], [""W_Complete application"", ""W_Complete application""], ["">>"", null], ["">>"", null], [""W_Call after offers"", ""W_Call after offers""], ["">>"", null], [""W_Call after offers"", ""W_Call after offers""], [""A_Complete"", ""A_Complete""], ["">>"", null], [""O_Cancelled"", ""O_Cancelled""], ["">>"", null], ["">>"", null], ["">>"", null], [""O_Create Offer"", ""O_Create Offer""], [""O_Created"", ""O_Created""], ["">>"", null], ["">>"", null], ["">>"", null], [""O_Sent (mail and online)"", ""O_Sent (mail and online)""], ["">>"", null], ["">>"", null], ["">>"", null], [""O_Create Offer"", ""O_Create Offer""], [""O_Created"", ""O_Created""], ["">>"", null], ["">>"", null], ["">>"", null], [""O_Sent (mail and online)"", ""O_Sent (mail and online)""], ["">>"", null], ["">>"", null], ["">>"", null], ["">>"", null], [""W_Call after offers"", ""W_Call after offers""], ["">>"", null], [""W_Call after offers"", ""W_Call after offers""], ["">>"", null], [""W_Call after offers"", ""W_Call after offers""], ["">>"", null], [""O_Create Offer"", ""O_Create Offer""], [""O_Created"", ""O_Created""], ["">>"", null], ["">>"", null], ["">>"", null], [""O_Sent (mail and online)"", ""O_Sent (mail and online)""], ["">>"", null], ["">>"", null], ["">>"", null], ["">>"", null], [""A_Cancelled"", ""A_Cancelled""], ["">>"", null], ["">>"", null], ["">>"", null], [""O_Cancelled"", ""O_Cancelled""], ["">>"", null], ["">>"", null], ["">>"", null], [""O_Cancelled"", ""O_Cancelled""], ["">>"", null], ["">>"", null], ["">>"", null], [""O_Cancelled"", ""O_Cancelled""], ["">>"", null], ["">>"", null], ["">>"", null], [""W_Call after offers"", ""W_Call after offers""], ["">>"", null], ["">>"", null], ["">>"", null], ["">>"", null]]",[],[]
"('A_Create Application', 'A_Submitted', 'W_Handle leads', 'W_Handle leads', 'W_Complete application', 'A_Concept', 'W_Complete application', 'W_Complete application', 'W_Complete application', 'W_Complete application', 'A_Accepted', 'O_Create Offer', 'O_Created', 'O_Sent (mail and online)', 'W_Complete application', 'W_Call after offers', 'W_Call after offers', 'A_Complete', 'W_Call after offers', 'A_Cancelled', 'O_Cancelled', 'W_Call after offers')",15,0,"[[""A_Create Application"", ""A_Create Application""], [""A_Submitted"", ""A_Submitted""], ["">>"", null], ["">>"", null], [""W_Handle leads"", ""W_Handle leads""], ["">>"", null], [""W_Handle leads"", ""W_Handle leads""], ["">>"", null], ["">>"", null], ["">>"", null], [""W_Complete application"", ""W_Complete application""], ["">>"", null], ["">>"", null], [""A_Concept"", ""A_Concept""], [""W_Complete application"", ""W_Complete application""], ["">>"", null], ["">>"", null], [""W_Complete application"", ""W_Complete application""], ["">>"", null], ["">>"", null], [""W_Complete application"", ""W_Complete application""], ["">>"", null], ["">>"", null], [""W_Complete application"", ""W_Complete application""], ["">>"", null], ["">>"", null], ["">>"", null], ["">>"", null], ["">>"", null], ["">>"", null], ["">>"", null], ["">>"", null], [""A_Accepted"", ""A_Accepted""], [""O_Create Offer"", ""O_Create Offer""], [""O_Created"", ""O_Created""], ["">>"", null], ["">>"", null], ["">>"", null], [""O_Sent (mail and online)"", ""O_Sent (mail and online)""], ["">>"", null], ["">>"", null], ["">>"", null], ["">>"", null], ["">>"", null], [""W_Complete application"", ""W_Complete application""], ["">>"", null], ["">>"", null], [""W_Call after offers"", ""W_Call after offers""], ["">>"", null], [""W_Call after offers"", ""W_Call after offers""], ["">>"", null], [""A_Complete"", ""A_Complete""], ["">>"", null], ["">>"", null], ["">>"", null], [""W_Call after offers"", ""W_Call after offers""], ["">>"", null], [""A_Cancelled"", ""A_Cancelled""], ["">>"", null], ["">>"", null], ["">>"", null], [""O_Cancelled"", ""O_Cancelled""], ["">>"", null], ["">>"", null], ["">>"", null], [""W_Call after offers"", ""W_Call after offers""], ["">>"", null], ["">>"", null], ["">>"", null], ["">>"", null]]",[],[]
"('A_Create Application', 'A_Submitted', 'W_Handle leads', 'W_Handle leads', 'W_Complete application', 'A_Concept', 'W_Complete application', 'W_Complete application', 'A_Accepted', 'O_Create Offer', 'O_Created', 'O_Sent (mail and online)', 'W_Complete application', 'W_Call after offers', 'W_Call after offers', 'A_Complete', 'W_Call after offers', 'O_Create Offer', 'O_Created', 'O_Sent (mail and online)', 'W_Call after offers', 'W_Call after offers', 'O_Create Offer', 'O_Created', 'O_Sent (mail and online)', 'A_Cancelled', 'O_Cancelled', 'O_Cancelled', 'O_Cancelled', 'W_Call after offers')",1,0,"[[""A_Create Application"", ""A_Create Application""], [""A_Submitted"", ""A_Submitted""], ["">>"", null], ["">>"", null], ["">>"", null], [""W_Handle leads"", ""W_Handle leads""], ["">>"", null], [""W_Handle leads"", ""W_Handle leads""], ["">>"", null], ["">>"", null], ["">>"", null], [""W_Complete application"", ""W_Complete application""], ["">>"", null], ["">>"", null], [""A_Concept"", ""A_Concept""], [""W_Complete application"", ""W_Complete application""], ["">>"", null], ["">>"", null], [""W_Complete application"", ""W_Complete application""], ["">>"", null], ["">>"", null], ["">>"", null], ["">>"", null], ["">>"", null], ["">>"", null], ["">>"", null], ["">>"", null], [""A_Accepted"", ""A_Accepted""], [""O_Create Offer"", ""O_Create Offer""], [""O_Created"", ""O_Created""], ["">>"", null], ["">>"", null], ["">>"", null], [""O_Sent (mail and online)"", ""O_Sent (mail and online)""], ["">>"", null], ["">>"", null], ["">>"", null], ["">>"", null], ["">>"", null], [""W_Complete application"", ""W_Complete application""], ["">>"", null], ["">>"", null], [""W_Call after offers"", ""W_Call after offers""], ["">>"", null], [""W_Call after offers"", ""W_Call after offers""], ["">>"", null], [""A_Complete"", ""A_Complete""], ["">>"", null], [""W_Call after offers"", ""W_Call after offers""], ["">>"", null], ["">>"", null], ["">>"", null], ["">>"", null], ["">>"", null], [""O_Create Offer"", ""O_Create Offer""], [""O_Created"", ""O_Created""], ["">>"", null], ["">>"", null], ["">>"", null], [""O_Sent (mail and online)"", ""O_Sent (mail and online)""], [""W_Call after offers"", ""W_Call after offers""], ["">>"", null], ["">>"", null], ["">>"", null], ["">>"", null], [""W_Call after offers"", ""W_Call after offers""], ["">>"", null], [""O_Create Offer"", ""O_Create Offer""], [""O_Created"", ""O_Created""], ["">>"", null], ["">>"", null], ["">>"", null], [""O_Sent (mail and online)"", ""O_Sent (mail and online)""], ["">>"", null], ["">>"", null], ["">>"", null], ["">>"", null], [""A_Cancelled"", ""A_Cancelled""], ["">>"", null], ["">>"", null], ["">>"", null], [""O_Cancelled"", ""O_Cancelled""], ["">>"", null], ["">>"", null], ["">>"", null], [""O_Cancelled"", ""O_Cancelled""], ["">>"", null], ["">>"", null], ["">>"", null], [""O_Cancelled"", ""O_Cancelled""], ["">>"", null], ["">>"", null], ["">>"", null], [""W_Call after offers"", ""W_Call after offers""], ["">>"", null], ["">>"", null], ["">>"", null], ["">>"", null]]",[],[]
"('A_Create Application', 'A_Submitted', 'W_Handle leads', 'W_Handle leads', 'W_Handle leads', 'W_Complete application', 'W_Complete application', 'A_Concept', 'W_Complete application', 'W_Complete application', 'W_Complete application', 'W_Complete application', 'W_Complete application', 'W_Complete application', 'W_Complete application', 'W_Complete application', 'W_Complete application', 'A_Accepted', 'O_Create Offer', 'O_Created', 'O_Sent (mail and online)', 'W_Complete application', 'W_Call after offers', 'W_Call after offers', 'A_Complete', 'W_Call after offers', 'W_Call after offers', 'W_Call after offers', 'O_Create Offer', 'O_Created', 'O_Sent (mail and online)', 'A_Cancelled', 'O_Cancelled', 'O_Cancelled', 'W_Call after offers')",1,0,"[[""A_Create Application"", ""A_Create Application""], [""A_Submitted"", ""A_Submitted""], ["">>"", null], ["">>"", null], ["">>"", null], [""W_Handle leads"", ""W_Handle leads""], ["">>"", null], [""W_Handle leads"", ""W_Handle leads""], ["">>"", null], [""W_Handle leads"", ""W_Handle leads""], ["">>"", null], ["">>"", null], ["">>"", null], [""W_Complete application"", ""W_Complete application""], ["">>"", null], ["">>"", null], [""W_Complete application"", ""W_Complete application""], ["">>"", null], ["">>"", null], [""A_Concept"", ""A_Concept""], [""W_Complete application"", ""W_Complete application""], ["">>"", null], ["">>"", null], [""W_Complete application"", ""W_Complete application""], ["">>"", null], ["">>"", null], [""W_Complete application"", ""W_Complete application""], ["">>"", null], ["">>"", null], [""W_Complete application"", ""W_Complete application""], ["">>"", null], ["">>"", null], [""W_Complete application"", ""W_Complete application""], ["">>"", null], ["">>"", null], [""W_Complete application"", ""W_Complete application""], ["">>"", null], ["">>"", null], [""W_Complete application"", ""W_Complete application""], ["">>"", null], ["">>"", null], [""W_Complete application"", ""W_Complete application""], ["">>"", null], ["">>"", null], [""W_Complete application"", ""W_Complete application""], ["">>"", null], ["">>"", null], ["">>"", null], ["">>"", null], ["">>"", null], ["">>"", null], ["">>"", null], ["">>"", null], [""A_Accepted"", ""A_Accepted""], [""O_Create Offer"", ""O_Create Offer""], [""O_Created"", ""O_Created""], ["">>"", null], ["">>"", null], ["">>"", null], [""O_Sent (mail and online)"", ""O_Sent (mail and online)""], ["">>"", null], ["">>"", null], ["">>"", null], ["">>"", null], ["">>"", null], [""W_Complete application"", ""W_Complete application""], ["">>"", null], ["">>"", null], [""W_Call after offers"", ""W_Call after offers""], ["">>"", null], [""W_Call after offers"", ""W_Call after offers""], ["">>"", null], [""A_Complete"", ""A_Complete""], ["">>"", null], [""W_Call after offers"", ""W_Call after offers""], ["">>"", null], [""W_Call after offers"", ""W_Call after offers""], ["">>"", null], [""W_Call after offers"", ""W_Call after offers""], ["">>"", null], ["">>"", null], ["">>"", null], ["">>"", null], ["">>"", null], [""O_Create Offer"", ""O_Create Offer""], [""O_Created"", ""O_Created""], ["">>"", null], ["">>"", null], ["">>"", null], [""O_Sent (mail and online)"", ""O_Sent (mail and online)""], ["">>"", null], ["">>"", null], ["">>"", null], ["">>"", null], [""A_Cancelled"", ""A_Cancelled""], ["">>"", null], ["">>"", null], ["">>"", null], [""O_Cancelled"", ""O_Cancelled""], ["">>"", null], ["">>"", null], ["">>"", null], [""O_Cancelled"", ""O_Cancelled""], ["">>"", null], ["">>"", null], ["">>"", null], [""W_Call after offers"", ""W_Call after offers""], ["">>"", null], ["">>"", null], ["">>"", null], ["">>"", null]]",[],[]
"('A_Create Application', 'A_Submitted', 'W_Handle leads', 'W_Handle leads', 'W_Complete application', 'A_Concept', 'W_Complete application', 'W_Complete application', 'W_Complete application', 'A_Accepted', 'O_Create Offer', 'O_Created', 'O_Create Offer', 'O_Created', 'O_Sent (mail and online)', 'O_Sent (mail and online)', 'W_Complete application', 'W_Call after offers', 'W_Call after offers', 'A_Complete', 'W_Call after offers', 'W_Call after offers', 'W_Call after offers', 'O_Create Offer', 'O_Created', 'O_Sent (mail and online)', 'A_Cancelled', 'O_Cancelled', 'O_Cancelled', 'O_Cancelled', 'W_Call after offers')",10,0,"[[""A_Create Application"", ""A_Create Application""], [""A_Submitted"", ""A_Submitted""], ["">>"", null], ["">>"", null], ["">>"", null], [""W_Handle leads"", ""W_Handle leads""], ["">>"", null], [""W_Handle leads"", ""W_Handle leads""], ["">>"", null], ["">>"", null], ["">>"", null], [""W_Complete application"", ""W_Complete application""], ["">>"", null], ["">>"", null], [""A_Concept"", ""A_Concept""], [""W_Complete application"", ""W_Complete application""], ["">>"", null], ["">>"", null], [""W_Complete application"", ""W_Complete application""], ["">>"", null], ["">>"", null], [""W_Complete application"", ""W_Complete application""], ["">>"", null], ["">>"", null], [""A_Accepted"", ""A_Accepted""], ["">>"", null], ["">>"", null], ["">>"", null], ["">>"", null], ["">>"", null], ["">>"", null], [""O_Create Offer"", ""O_Create Offer""], [""O_Created"", ""O_Created""], ["">>"", null], ["">>"", null], ["">>"", null], ["">>"", null], ["">>"", null], ["">>"", null], ["">>"", null], [""O_Create Offer"", ""O_Create Offer""], [""O_Created"", ""O_Created""], ["">>"", null], ["">>"", null], ["">>"", null], [""O_Sent (mail and online)"", ""O_Sent (mail and online)""], ["">>"", null], ["">>"", null], ["">>"", null], [""O_Sent (mail and online)"", ""O_Sent (mail and online)""], ["">>"", null], ["">>"", null], ["">>"", null], ["">>"", null], ["">>"", null], [""W_Complete application"", ""W_Complete application""], ["">>"", null], ["">>"", null], [""W_Call after offers"", ""W_Call after offers""], ["">>"", null], [""W_Call after offers"", ""W_Call after offers""], ["">>"", null], [""A_Complete"", ""A_Complete""], [""W_Call after offers"", ""W_Call after offers""], ["">>"", null], [""W_Call after offers"", ""W_Call after offers""], ["">>"", null], ["">>"", null], [""W_Call after offers"", ""W_Call after offers""], ["">>"", null], ["">>"", null], ["">>"", null], ["">>"", null], ["">>"", null], [""O_Create Offer"", ""O_Create Offer""], [""O_Created"", ""O_Created""], ["">>"", null], ["">>"", null], ["">>"", null], [""O_Sent (mail and online)"", ""O_Sent (mail and online)""], ["">>"", null], ["">>"", null], ["">>"", null], ["">>"", null], [""A_Cancelled"", ""A_Cancelled""], ["">>"", null], ["">>"", null], ["">>"", null], [""O_Cancelled"", ""O_Cancelled""], ["">>"", null], ["">>"", null], ["">>"", null], [""O_Cancelled"", ""O_Cancelled""], ["">>"", null], ["">>"", null], ["">>"", null], [""O_Cancelled"", ""O_Cancelled""], ["">>"", null], ["">>"", null], ["">>"", null], [""W_Call after offers"", ""W_Call after offers""], ["">>"", null], ["">>"", null], ["">>"", null], ["">>"", null]]",[],[]
"('A_Create Application', 'W_Complete application', 'W_Complete application', 'A_Concept', 'A_Accepted', 'O_Create Offer', 'O_Created', 'O_Create Offer', 'O_Created', 'O_Sent (mail and online)', 'O_Sent (mail and online)', 'W_Complete application', 'W_Call after offers', 'W_Call after offers', 'A_Complete', 'W_Call after offers', 'W_Call after offers', 'W_Call after offers', 'W_Call after offers', 'W_Validate application', 'W_Validate application', 'A_Validating', 'O_Returned', 'W_Validate application', 'W_Validate application', 'W_Validate application', 'W_Validate application', 'W_Validate application', 'W_Validate application', 'W_Validate application', 'W_Call incomplete files', 'W_Call incomplete files', 'A_Incomplete', 'W_Call incomplete files', 'W_Call incomplete files', 'W_Call incomplete files', 'W_Call incomplete files', 'W_Validate application', 'W_Validate application', 'A_Validating', 'W_Validate application', 'W_Validate application', 'W_Validate application', 'W_Validate application', 'W_Validate application', 'W_Validate application', 'O_Accepted', 'A_Pending', 'W_Validate application', 'O_Cancelled')",1,0,"[[""A_Create Application"", ""A_Create Application""], ["">>"", null], ["">>"", null], ["">>"", null], ["">>"", null], ["">>"", null], ["">>"", null], [""W_Complete application"", ""W_Complete application""], ["">>"", null], ["">>"", null], [""W_Complete application"", ""W_Complete application""], ["">>"", null], ["">>"", null], ["">>"", null], ["">>"", null], [""A_Concept"", ""A_Concept""], ["">>"", null], ["">>"", null], ["">>"", null], ["">>"", null], [""A_Accepted"", ""A_Accepted""], [""O_Create Offer"", ""O_Create Offer""], [""O_Created"", ""O_Created""], ["">>"", null], ["">>"", null], ["">>"", null], ["">>"", null], ["">>"", null], ["">>"", null], ["">>"", null], [""O_Create Offer"", ""O_Create Offer""], [""O_Created"", ""O_Created""], ["">>"", null], ["">>"", null], ["">>"", null], [""O_Sent (mail and online)"", ""O_Sent (mail and online)""], ["">>"", null], ["">>"", null], ["">>"", null], [""O_Sent (mail and online)"", ""O_Sent (mail and online)""], ["">>"", null], ["">>"", null], ["">>"", null], ["">>"", null], ["">>"", null], [""W_Complete application"", ""W_Complete application""], ["">>"", null], ["">>"", null], [""W_Call after offers"", ""W_Call after offers""], ["">>"", null], [""W_Call after offers"", ""W_Call after offers""], ["">>"", null], [""A_Complete"", ""A_Complete""], ["">>"", null], [""W_Call after offers"", ""W_Call after offers""], ["">>"", null], [""W_Call after offers"", ""W_Call after offers""], ["">>"", null], [""W_Call after offers"", ""W_Call after offers""], ["">>"", null], [""W_Call after offers"", ""W_Call after offers""], ["">>"", null], [""W_Validate application"", ""W_Validate application""], ["">>"", null], ["">>"", null], [""W_Validate application"", ""W_Validate application""], [""A_Validating"", ""A_Validating""], ["">>"", null], ["">>"", null], ["">>"", null], ["">>"", null], ["">>"", null], ["">>"", null], ["">>"", null], [""O_Returned"", ""O_Returned""], ["">>"", null], ["">>"", null], ["">>"", null], ["">>"", null], ["">>"", null], ["">>"", null], [""W_Validate application"", ""W_Validate application""], ["">>"", null], ["">>"", null], [""W_Validate application"", ""W_Validate application""], ["">>"", null], ["">>"", null], [""W_Validate application"", ""W_Validate application""], ["">>"", null], ["">>"", null], [""W_Validate application"", ""W_Validate application""], ["">>"", null], ["">>"", null], [""W_Validate application"", ""W_Validate application""], ["">>"", null], ["">>"", null], [""W_Validate application"", ""W_Validate application""], ["">>"", null], ["">>"", null], [""W_Validate application"", ""W_Validate application""], ["">>"", null], ["">>"", null], ["">>"", null], ["">>"", null], ["">>"", null], ["">>"", null], [""W_Call incomplete files"", ""W_Call incomplete files""], ["">>"", null], [""W_Call incomplete files"", ""W_Call incomplete files""], ["">>"", null], [""A_Incomplete"", ""A_Incomplete""], ["">>"", null], [""W_Call incomplete files"", ""W_Call incomplete files""], ["">>"", null], [""W_Call incomplete files"", ""W_Call incomplete files""], ["">>"", null], [""W_Call incomplete files"", ""W_Call incomplete files""], ["">>"", null], [""W_Call incomplete files"", ""W_Call incomplete files""], ["">>"", null], ["">>"", null], ["">>"", null], ["">>"", null], ["">>"", null], ["">>"", null], [""W_Validate application"", ""W_Validate application""], ["">>"", null], ["">>"", null], [""W_Validate application"", ""W_Validate application""], [""A_Validating"", ""A_Validating""], ["">>"", null], [""W_Validate application"", ""W_Validate application""], ["">>"", null], ["">>"", null], [""W_Validate application"", ""W_Validate application""], ["">>"", null], ["">>"", null], [""W_Validate application"", ""W_Validate application""], ["">>"", null], ["">>"", null], [""W_Validate application"", ""W_Validate application""], ["">>"", null], ["">>"", null], [""W_Validate application"", ""W_Validate application""], ["">>"", null], ["">>"", null], [""W_Validate application"", ""W_Validate application""], ["">>"", null], ["">>"", null], ["">>"", null], ["">>"", null], ["">>"", null], ["">>"", null], ["">>"", null], [""O_Accepted"", ""O_Accepted""], [""A_Pending"", ""A_Pending""], ["">>"", null], ["">>"", null], ["">>"", null], ["">>"", null], [""W_Validate application"", ""W_Validate application""], ["">>"", null], ["">>"", null], ["">>"", null], ["">>"", null], ["">>"", null], ["">>"", null], [""O_Cancelled"", ""O_Cancelled""], ["">>"", null], ["">>"", null], ["">>"", null], ["">>"", null], ["">>"", null], ["">>"", null]]",[],[]
"('A_Create Application', 'A_Submitted', 'W_Handle leads', 'W_Handle leads', 'W_Complete application', 'A_Concept', 'W_Complete application', 'W_Complete application', 'A_Accepted', 'O_Create Offer', 'O_Created', 'O_Sent (mail and online)', 'W_Complete application', 'W_Call after offers', 'W_Call after offers', 'A_Complete', 'W_Call after offers', 'O_Create Offer', 'O_Created', 'O_Sent (mail and online)', 'W_Call after offers', 'W_Call after offers', 'W_Call after offers', 'W_Call after offers', 'O_Create Offer', 'O_Created', 'O_Sent (online only)', 'W_Call after offers', 'W_Validate application', 'W_Validate application', 'A_Validating', 'O_Returned', 'W_Validate application', 'W_Validate application', 'W_Validate application', 'W_Validate application', 'W_Validate application', 'W_Validate application', 'W_Validate application', 'W_Call incomplete files', 'W_Call incomplete files', 'A_Incomplete', 'W_Call incomplete files', 'W_Validate application', 'W_Validate application', 'A_Validating', 'W_Validate application', 'W_Call incomplete files', 'W_Call incomplete files', 'A_Incomplete', 'W_Call incomplete files', 'W_Call incomplete files', 'W_Call incomplete files', 'W_Call incomplete files', 'W_Validate application', 'W_Validate application', 'A_Validating', 'W_Validate application', 'W_Validate application', 'O_Accepted', 'A_Pending', 'W_Validate application', 'O_Cancelled', 'O_Cancelled')",1,0,"[[""A_Create Application"", ""A_Create Application""], [""A_Submitted"", ""A_Submitted""], ["">>"", null], ["">>"", null], ["">>"", null], [""W_Handle leads"", ""W_Handle leads""], ["">>"", null], [""W_Handle leads"", ""W_Handle leads""], ["">>"", null], ["">>"", null], ["">>"", null], [""W_Complete application"", ""W_Complete application""], ["">>"", null], ["">>"", null], [""A_Concept"", ""A_Concept""], [""W_Complete application"", ""W_Complete application""], ["">>"", null], ["">>"", null], [""W_Complete application"", ""W_Complete application""], ["">>"", null], ["">>"", null], ["">>"", null], ["">>"", null], ["">>"", null], ["">>"", null], ["">>"", null], ["">>"", null], [""A_Accepted"", ""A_Accepted""], [""O_Create Offer"", ""O_Create Offer""], [""O_Created"", ""O_Created""], ["">>"", null], ["">>"", null], ["">>"", null], [""O_Sent (mail and online)"", ""O_Sent (mail and online)""], ["">>"", null], ["">>"", null], ["">>"", null], ["">>"", null], ["">>"", null], [""W_Complete application"", ""W_Complete application""], ["">>"", null], ["">>"", null], [""W_Call after offers"", ""W_Call after offers""], ["">>"", null], [""W_Call after offers"", ""W_Call after offers""], ["">>"", null], [""A_Complete"", ""A_Complete""], ["">>"", null], [""W_Call after offers"", ""W_Call after offers""], ["">>"", null], ["">>"", null], ["">>"", null], ["">>"", null], ["">>"", null], [""O_Create Offer"", ""O_Create Offer""], [""O_Created"", ""O_Created""], ["">>"", null], ["">>"", null], ["">>"", null], [""O_Sent (mail and online)"", ""O_Sent (mail and online)""], ["">>"", null], ["">>"", null], ["">>"", null], [""W_Call after offers"", ""W_Call after offers""], ["">>"", null], [""W_Call after offers"", ""W_Call after offers""], ["">>"", null], [""W_Call after offers"", ""W_Call after offers""], ["">>"", null], [""W_Call after offers"", ""W_Call after offers""], ["">>"", null], [""O_Create Offer"", ""O_Create Offer""], [""O_Created"", ""O_Created""], ["">>"", null], ["">>"", null], ["">>"", null], [""O_Sent (online only)"", ""O_Sent (online only)""], ["">>"", null], ["">>"", null], ["">>"", null], [""W_Call after offers"", ""W_Call after offers""], ["">>"", null], ["">>"", null], [""W_Validate application"", ""W_Validate application""], ["">>"", null], ["">>"", null], [""W_Validate application"", ""W_Validate application""], [""A_Validating"", ""A_Validating""], ["">>"", null], ["">>"", null], ["">>"", null], ["">>"", null], ["">>"", null], ["">>"", null], [""O_Returned"", ""O_Returned""], ["">>"", null], ["">>"", null], ["">>"", null], ["">>"", null], ["">>"", null], ["">>"", null], [""W_Validate application"", ""W_Validate application""], ["">>"", null], ["">>"", null], [""W_Validate application"", ""W_Validate application""], ["">>"", null], ["">>"", null], [""W_Validate application"", ""W_Validate application""], ["">>"", null], ["">>"", null], [""W_Validate application"", ""W_Validate application""], ["">>"", null], ["">>"", null], [""W_Validate application"", ""W_Validate application""], ["">>"", null], ["">>"", null], [""W_Validate application"", ""W_Validate application""], ["">>"", null], ["">>"", null], [""W_Validate application"", ""W_Validate application""], ["">>"", null], ["">>"", null], ["">>"", null], ["">>"", null], ["">>"", null], [""W_Call incomplete files"", ""W_Call incomplete files""], ["">>"", null], ["">>"", null], [""W_Call incomplete files"", ""W_Call incomplete files""], ["">>"", null], [""A_Incomplete"", ""A_Incomplete""], ["">>"", null], [""W_Call incomplete files"", ""W_Call incomplete files""], ["">>"", null], ["">>"", null], ["">>"", null], ["">>"", null], ["">>"", null], ["">>"", null], [""W_Validate application"", ""W_Validate application""], ["">>"", null], ["">>"", null], [""W_Validate application"", ""W_Validate application""], [""A_Validating"", ""A_Validating""], ["">>"", null], [""W_Validate application"", ""W_Validate application""], ["">>"", null], ["">>"", null], ["">>"", null], ["">>"", null], ["">>"", null], [""W_Call incomplete files"", ""W_Call incomplete files""], ["">>"", null], ["">>"", null], [""W_Call incomplete files"", ""W_Call incomplete files""], ["">>"", null], [""A_Incomplete"", ""A_Incomplete""], ["">>"", null], [""W_Call incomplete files"", ""W_Call incomplete files""], ["">>"", null], [""W_Call incomplete files"", ""W_Call incomplete files""], ["">>"", null], [""W_Call incomplete files"", ""W_Call incomplete files""], ["">>"", null], [""W_Call incomplete files"", ""W_Call incomplete files""], ["">>"", null], ["">>"", null], ["">>"", null], ["">>"", null], ["">>"", null], ["">>"", null], [""W_Validate application"", ""W_Validate application""], ["">>"", null], ["">>"", null], [""W_Validate application"", ""W_Validate application""], [""A_Validating"", ""A_Validating""], ["">>"", null], [""W_Validate application"", ""W_Validate application""], ["">>"", null], ["">>"", null], [""W_Validate application"", ""W_Validate application""], ["">>"", null], ["">>"", null], ["">>"", null], ["">>"", null], ["">>"", null], ["">>"", null], ["">>"", null], [""O_Accepted"", ""O_Accepted""], [""A_Pending"", ""A_Pending""], ["">>"", null], ["">>"", null], ["">>"", null], ["">>"", null], [""W_Validate application"", ""W_Validate application""], ["">>"", null], ["">>"", null], ["">>"", null], ["">>"", null], ["">>"", null], ["">>"", null], [""O_Cancelled"", ""O_Cancelled""], ["">>"", null], ["">>"", null], ["">>"", null], [""O_Cancelled"", ""O_Cancelled""], ["">>"", null], ["">>"", null], ["">>"", null], ["">>"", null], ["">>"", null], ["">>"", null]]",[],[]
"('A_Create Application', 'W_Complete application', 'W_Complete application', 'A_Concept', 'W_Complete application', 'A_Accepted', 'O_Create Offer', 'O_Created', 'O_Cancelled', 'O_Create Offer', 'O_Created', 'O_Sent (mail and online)', 'W_Complete application', 'W_Call after offers', 'W_Call after offers', 'A_Complete', 'W_Call after offers', 'O_Create Offer', 'O_Created', 'O_Sent (mail and online)', 'O_Cancelled', 'W_Call after offers', 'W_Call after offers', 'W_Call after offers', 'W_Validate application', 'W_Validate application', 'A_Validating', 'W_Validate application', 'W_Call incomplete files', 'W_Call incomplete files', 'A_Incomplete', 'W_Call incomplete files', 'O_Returned', 'W_Call incomplete files', 'W_Validate application', 'W_Validate application', 'A_Validating', 'W_Validate application', 'O_Accepted', 'A_Pending', 'W_Validate application')",1,0,"[[""A_Create Application"", ""A_Create Application""], ["">>"", null], ["">>"", null], ["">>"", null], ["">>"", null], ["">>"", null], ["">>"", null], [""W_Complete application"", ""W_Complete application""], ["">>"", null], ["">>"", null], [""W_Complete application"", ""W_Complete application""], ["">>"", null], ["">>"", null], [""A_Concept"", ""A_Concept""], [""W_Complete application"", ""W_Complete application""], ["">>"", null], ["">>"", null], ["">>"", null], ["">>"", null], ["">>"", null], ["">>"", null], ["">>"", null], ["">>"", null], [""A_Accepted"", ""A_Accepted""], [""O_Create Offer"", ""O_Create Offer""], [""O_Created"", ""O_Created""], ["">>"", null], ["">>"", null], ["">>"", null], [""O_Cancelled"", ""O_Cancelled""], ["">>"", null], ["">>"", null], ["">>"", null], [""O_Create Offer"", ""O_Create Offer""], [""O_Created"", ""O_Created""], ["">>"", null], ["">>"", null], ["">>"", null], [""O_Sent (mail and online)"", ""O_Sent (mail and online)""], ["">>"", null], ["">>"", null], ["">>"", null], ["">>"", null], ["">>"", null], [""W_Complete application"", ""W_Complete application""], ["">>"", null], ["">>"", null], [""W_Call after offers"", ""W_Call after offers""], ["">>"", null], [""W_Call after offers"", ""W_Call after offers""], ["">>"", null], [""A_Complete"", ""A_Complete""], ["">>"", null], [""W_Call after offers"", ""W_Call after offers""], ["">>"", null], ["">>"", null], ["">>"", null], ["">>"", null], ["">>"", null], [""O_Create Offer"", ""O_Create Offer""], [""O_Created"", ""O_Created""], ["">>"", null], ["">>"", null], ["">>"", null], [""O_Sent (mail and online)"", ""O_Sent (mail and online)""], ["">>"", null], ["">>"", null], ["">>"", null], [""O_Cancelled"", ""O_Cancelled""], [""W_Call after offers"", ""W_Call after offers""], ["">>"", null], [""W_Call after offers"", ""W_Call after offers""], ["">>"", null], [""W_Call after offers"", ""W_Call after offers""], ["">>"", null], ["">>"", null], ["">>"", null], ["">>"", null], [""W_Validate application"", ""W_Validate application""], ["">>"", null], ["">>"", null], ["">>"", null], [""W_Validate application"", ""W_Validate application""], [""A_Validating"", ""A_Validating""], ["">>"", null], [""W_Validate application"", ""W_Validate application""], ["">>"", null], ["">>"", null], ["">>"", null], ["">>"", null], ["">>"", null], [""W_Call incomplete files"", ""W_Call incomplete files""], ["">>"", null], ["">>"", null], [""W_Call incomplete files"", ""W_Call incomplete files""], ["">>"", null], [""A_Incomplete"", ""A_Incomplete""], ["">>"", null], [""W_Call incomplete files"", ""W_Call incomplete files""], ["">>"", null], ["">>"", null], [""O_Returned"", ""O_Returned""], ["">>"", null], [""W_Call incomplete files"", ""W_Call incomplete files""], ["">>"", null], ["">>"", null], ["">>"", null], ["">>"", null], ["">>"", null], ["">>"", null], [""W_Validate application"", ""W_Validate application""], ["">>"", null], ["">>"", null], [""W_Validate application"", ""W_Validate application""], [""A_Validating"", ""A_Validating""], ["">>"", null], [""W_Validate application"", ""W_Validate application""], ["">>"", null], ["">>"", null], ["">>"", null], ["">>"", null], ["">>"", null], ["">>"", null], ["">>"", null], [""O_Accepted"", ""O_Accepted""], [""A_Pending"", ""A_Pending""], ["">>"", null], ["">>"", null], ["">>"", null], ["">>"", null], [""W_Validate application"", ""W_Validate application""], ["">>"", null], ["">>"", null], ["">>"", null], ["">>"", null], ["">>"", null], ["">>"", null], ["">>"", null], ["">>"", null], ["">>"", null]]",[],[]
"('A_Create Application', 'A_Submitted', 'W_Handle leads', 'W_Handle leads', 'W_Complete application', 'A_Concept', 'W_Complete application', 'W_Complete application', 'W_Complete application', 'W_Complete application', 'A_Accepted', 'O_Create Offer', 'O_Created', 'O_Sent (mail and online)', 'W_Complete application', 'W_Call after offers', 'W_Call after offers', 'A_Complete', 'W_Call after offers', 'W_Call after offers', 'W_Call after offers', 'W_Call after offers', 'W_Call after offers', 'W_Call after offers', 'W_Validate application', 'W_Validate application', 'A_Validating', 'O_Returned', 'W_Validate application', 'W_Validate application', 'W_Validate application', 'W_Validate application', 'W_Validate application', 'W_Validate application', 'O_Accepted', 'A_Pending', 'W_Validate application')",1,0,"[[""A_Create Application"", ""A_Create Application""], [""A_Submitted"", ""A_Submitted""], ["">>"", null], ["">>"", null], [""W_Handle leads"", ""W_Handle leads""], ["">>"", null], [""W_Handle leads"", ""W_Handle leads""], ["">>"", null], ["">>"", null], ["">>"", null], [""W_Complete application"", ""W_Complete application""], ["">>"", null], ["">>"", null], [""A_Concept"", ""A_Concept""], [""W_Complete application"", ""W_Complete application""], ["">>"", null], ["">>"", null], [""W_Complete application"", ""W_Complete application""], ["">>"", null], ["">>"", null], [""W_Complete application"", ""W_Complete application""], ["">>"", null], ["">>"", null], [""W_Complete application"", ""W_Complete application""], ["">>"", null], ["">>"", null], ["">>"", null], [""A_Accepted"", ""A_Accepted""], ["">>"", null], ["">>"", null], ["">>"", null], ["">>"", null], [""O_Create Offer"", ""O_Create Offer""], [""O_Created"", ""O_Created""], ["">>"", null], ["">>"", null], ["">>"", null], [""O_Sent (mail and online)"", ""O_Sent (mail and online)""], ["">>"", null], ["">>"", null], ["">>"", null], ["">>"", null], ["">>"", null], ["">>"", null], [""W_Complete application"", ""W_Complete application""], ["">>"", null], ["">>"", null], [""W_Call after offers"", ""W_Call after offers""], ["">>"", null], [""W_Call after offers"", ""W_Call after offers""], ["">>"", null], [""A_Complete"", ""A_Complete""], ["">>"", null], [""W_Call after offers"", ""W_Call after offers""], ["">>"", null], [""W_Call after offers"", ""W_Call after offers""], ["">>"", null], [""W_Call after offers"", ""W_Call after offers""], ["">>"", null], [""W_Call after offers"", ""W_Call after offers""], ["">>"", null], [""W_Call after offers"", ""W_Call after offers""], ["">>"", null], [""W_Call after offers"", ""W_Call after offers""], ["">>"", null], [""W_Validate application"", ""W_Validate application""], ["">>"", null], ["">>"", null], ["">>"", null], [""W_Validate application"", ""W_Validate application""], [""A_Validating"", ""A_Validating""], ["">>"", null], ["">>"", null], ["">>"", null], ["">>"", null], ["">>"", null], ["">>"", null], ["">>"", null], [""O_Returned"", ""O_Returned""], ["">>"", null], ["">>"", null], ["">>"", null], ["">>"", null], ["">>"", null], ["">>"", null], [""W_Validate application"", ""W_Validate application""], ["">>"", null], ["">>"", null], [""W_Validate application"", ""W_Validate application""], ["">>"", null], ["">>"", null], [""W_Validate application"", ""W_Validate application""], ["">>"", null], ["">>"", null], [""W_Validate application"", ""W_Validate application""], ["">>"", null], ["">>"", null], [""W_Validate application"", ""W_Validate application""], ["">>"", null], ["">>"", null], [""W_Validate application"", ""W_Validate application""], ["">>"", null], ["">>"", null], ["">>"", null], ["">>"", null], ["">>"", null], ["">>"", null], ["">>"", null], [""O_Accepted"", ""O_Accepted""], [""A_Pending"", ""A_Pending""], ["">>"", null], ["">>"", null], ["">>"", null], ["">>"", null], [""W_Validate application"", ""W_Validate application""], ["">>"", null], ["">>"", null], ["">>"", null], ["">>"", null], ["">>"", null], ["">>"", null], ["">>"", null], ["">>"", null], ["">>"", null]]",[],[]
"('A_Create Application', 'A_Submitted', 'W_Handle leads', 'W_Handle leads', 'W_Complete application', 'A_Concept', 'W_Complete application', 'W_Complete application', 'A_Accepted', 'O_Create Offer', 'O_Created', 'O_Sent (mail and online)', 'W_Complete application', 'W_Call after offers', 'W_Call after offers', 'A_Complete', 'W_Call after offers', 'W_Call after offers', 'W_Call after offers', 'O_Create Offer', 'O_Created', 'O_Sent (mail and online)', 'A_Cancelled', 'O_Cancelled', 'O_Cancelled', 'W_Call after offers')",46,0,"[[""A_Create Application"", ""A_Create Application""], [""A_Submitted"", ""A_Submitted""], ["">>"", null], ["">>"", null], [""W_Handle leads"", ""W_Handle leads""], ["">>"", null], [""W_Handle leads"", ""W_Handle leads""], ["">>"", null], ["">>"", null], ["">>"", null], [""W_Complete application"", ""W_Complete application""], ["">>"", null], ["">>"", null], [""A_Concept"", ""A_Concept""], [""W_Complete application"", ""W_Complete application""], ["">>"", null], ["">>"", null], [""W_Complete application"", ""W_Complete application""], ["">>"", null], ["">>"", null], ["">>"", null], ["">>"", null], ["">>"", null], ["">>"", null], ["">>"", null], ["">>"", null], [""A_Accepted"", ""A_Accepted""], [""O_Create Offer"", ""O_Create Offer""], [""O_Created"", ""O_Created""], ["">>"", null], ["">>"", null], ["">>"", null], [""O_Sent (mail and online)"", ""O_Sent (mail and online)""], ["">>"", null], ["">>"", null], ["">>"", null], ["">>"", null], ["">>"", null], ["">>"", null], [""W_Complete application"", ""W_Complete application""], ["">>"", null], ["">>"", null], [""W_Call after offers"", ""W_Call after offers""], ["">>"", null], [""W_Call after offers"", ""W_Call after offers""], ["">>"", null], [""A_Complete"", ""A_Complete""], ["">>"", null], [""W_Call after offers"", ""W_Call after offers""], ["">>"", null], [""W_Call after offers"", ""W_Call after offers""], ["">>"", null], [""W_Call after offers"", ""W_Call after offers""], ["">>"", null], ["">>"", null], ["">>"", null], ["">>"", null], ["">>"", null], [""O_Create Offer"", ""O_Create Offer""], [""O_Created"", ""O_Created""], ["">>"", null], ["">>"", null], ["">>"", null], [""O_Sent (mail and online)"", ""O_Sent (mail and online)""], ["">>"", null], ["">>"", null], ["">>"", null], ["">>"", null], [""A_Cancelled"", ""A_Cancelled""], ["">>"", null], ["">>"", null], ["">>"", null], [""O_Cancelled"", ""O_Cancelled""], ["">>"", null], ["">>"", null], ["">>"", null], [""O_Cancelled"", ""O_Cancelled""], ["">>"", null], ["">>"", null], ["">>"", null], [""W_Call after offers"", ""W_Call after offers""], ["">>"", null], ["">>"", null], ["">>"", null], ["">>"", null]]",[],[]
"('A_Create Application', 'A_Submitted', 'W_Handle leads', 'W_Handle leads', 'W_Complete application', 'A_Concept', 'W_Complete application', 'W_Complete application', 'W_Complete application', 'A_Accepted', 'O_Create Offer', 'O_Created', 'O_Sent (mail and online)', 'W_Complete application', 'W_Call after offers', 'W_Call after offers', 'A_Complete', 'W_Call after offers', 'O_Create Offer', 'O_Created', 'O_Sent (mail and online)', 'W_Call after offers', 'W_Call after offers', 'W_Call after offers', 'W_Validate application', 'W_Validate application', 'A_Validating', 'O_Returned', 'W_Validate application', 'W_Validate application', 'W_Call incomplete files', 'W_Call incomplete files', 'A_Incomplete', 'W_Call incomplete files', 'W_Call incomplete files', 'W_Call incomplete files', 'W_Call incomplete files', 'W_Validate application', 'W_Validate application', 'A_Validating', 'W_Validate application', 'W_Validate application', 'W_Validate application', 'A_Denied', 'O_Refused', 'O_Refused', 'W_Validate application')",1,0,"[[""A_Create Application"", ""A_Create Application""], [""A_Submitted"", ""A_Submitted""], ["">>"", null], ["">>"", null], [""W_Handle leads"", ""W_Handle leads""], ["">>"", null], [""W_Handle leads"", ""W_Handle leads""], ["">>"", null], ["">>"", null], ["">>"", null], [""W_Complete application"", ""W_Complete application""], ["">>"", null], ["">>"", null], [""A_Concept"", ""A_Concept""], [""W_Complete application"", ""W_Complete application""], ["">>"", null], ["">>"", null], [""W_Complete application"", ""W_Complete application""], ["">>"", null], ["">>"", null], [""W_Complete application"", ""W_Complete application""], ["">>"", null], [""A_Accepted"", ""A_Accepted""], ["">>"", null], ["">>"", null], ["">>"", null], ["">>"", null], ["">>"", null], ["">>"", null], [""O_Create Offer"", ""O_Create Offer""], [""O_Created"", ""O_Created""], ["">>"", null], ["">>"", null], ["">>"", null], [""O_Sent (mail and online)"", ""O_Sent (mail and online)""], ["">>"", null], ["">>"", null], ["">>"", null], ["">>"", null], ["">>"", null], ["">>"", null], [""W_Complete application"", ""W_Complete application""], ["">>"", null], ["">>"", null], [""W_Call after offers"", ""W_Call after offers""], ["">>"", null], [""W_Call after offers"", ""W_Call after offers""], ["">>"", null], [""A_Complete"", ""A_Complete""], [""W_Call after offers"", ""W_Call after offers""], ["">>"", null], ["">>"", null], ["">>"", null], ["">>"", null], ["">>"", null], ["">>"", null], [""O_Create Offer"", ""O_Create Offer""], [""O_Created"", ""O_Created""], ["">>"", null], ["">>"", null], ["">>"", null], [""O_Sent (mail and online)"", ""O_Sent (mail and online)""], [""W_Call after offers"", ""W_Call after offers""], ["">>"", null], [""W_Call after offers"", ""W_Call after offers""], ["">>"", null], ["">>"", null], ["">>"", null], ["">>"", null], [""W_Call after offers"", ""W_Call after offers""], ["">>"", null], [""W_Validate application"", ""W_Validate application""], ["">>"", null], ["">>"", null], ["">>"", null], [""W_Validate application"", ""W_Validate application""], [""A_Validating"", ""A_Validating""], ["">>"", null], ["">>"", null], ["">>"", null], ["">>"", null], ["">>"", null], ["">>"", null], [""O_Returned"", ""O_Returned""], ["">>"", null], ["">>"", null], ["">>"", null], ["">>"", null], ["">>"", null], ["">>"", null], ["">>"", null], [""W_Validate application"", ""W_Validate application""], ["">>"", null], ["">>"", null], [""W_Validate application"", ""W_Validate application""], ["">>"", null], ["">>"", null], ["">>"", null], ["">>"", null], ["">>"", null], [""W_Call incomplete files"", ""W_Call incomplete files""], ["">>"", null], [""W_Call incomplete files"", ""W_Call incomplete files""], ["">>"", null], ["">>"", null], [""A_Incomplete"", ""A_Incomplete""], ["">>"", null], [""W_Call incomplete files"", ""W_Call incomplete files""], ["">>"", null], [""W_Call incomplete files"", ""W_Call incomplete files""], ["">>"", null], [""W_Call incomplete files"", ""W_Call incomplete files""], ["">>"", null], [""W_Call incomplete files"", ""W_Call incomplete files""], ["">>"", null], ["">>"", null], ["">>"", null], ["">>"", null], ["">>"", null], ["">>"", null], [""W_Validate application"", ""W_Validate application""], ["">>"", null], ["">>"", null], [""W_Validate application"", ""W_Validate application""], [""A_Validating"", ""A_Validating""], ["">>"", null], [""W_Validate application"", ""W_Validate application""], ["">>"", null], ["">>"", null], [""W_Validate application"", ""W_Validate application""], ["">>"", null], ["">>"", null], [""W_Validate application"", ""W_Validate application""], ["">>"", null], ["">>"", null], ["">>"", null], ["">>"", null], ["">>"", null], ["">>"", null], [""A_Denied"", ""A_Denied""], ["">>"", null], [""O_Refused"", ""O_Refused""], ["">>"", null], [""O_Refused"", ""O_Refused""], ["">>"", null], ["">>"", null], ["">>"", null], ["">>"", null], ["">>"", null], [""W_Validate application"", ""W_Validate application""], ["">>"", null], ["">>"", null], ["">>"", null], ["">>"", null], ["">>"", null], ["">>"", null], ["">>"", null], ["">>"", null], ["">>"", null]]",[],[]
"('A_Create Application', 'A_Submitted', 'W_Handle leads', 'W_Handle leads', 'W_Complete application', 'A_Concept', 'W_Complete application', 'W_Complete application', 'W_Complete application', 'W_Complete application', 'A_Accepted', 'O_Create Offer', 'O_Created', 'O_Sent (mail and online)', 'W_Complete application', 'W_Call after offers', 'W_Call after offers', 'A_Complete', 'W_Call after offers', 'W_Call after offers', 'W_Call after offers', 'W_Call after offers', 'W_Validate application', 'W_Validate application', 'A_Validating', 'O_Returned', 'W_Validate application', 'W_Validate application', 'W_Call incomplete files', 'W_Call incomplete files', 'A_Incomplete', 'W_Call incomplete files', 'W_Call incomplete files', 'W_Call incomplete files', 'W_Call incomplete files', 'W_Call incomplete files', 'W_Call incomplete files', 'W_Validate application', 'W_Validate application', 'A_Validating', 'W_Validate application', 'W_Validate application', 'W_Call incomplete files', 'W_Call incomplete files', 'A_Incomplete', 'W_Call incomplete files', 'W_Call incomplete files', 'W_Call incomplete files', 'W_Call incomplete files', 'W_Validate application', 'W_Validate application', 'A_Validating', 'W_Validate application', 'O_Accepted', 'A_Pending', 'W_Validate application')",1,0,"[[""A_Create Application"", ""A_Create Application""], [""A_Submitted"", ""A_Submitted""], ["">>"", null], ["">>"", null], [""W_Handle leads"", ""W_Handle leads""], ["">>"", null], [""W_Handle leads"", ""W_Handle leads""], ["">>"", null], ["">>"", null], ["">>"", null], [""W_Complete application"", ""W_Complete application""], ["">>"", null], ["">>"", null], [""A_Concept"", ""A_Concept""], [""W_Complete application"", ""W_Complete application""], ["">>"", null], ["">>"", null], [""W_Complete application"", ""W_Complete application""], ["">>"", null], ["">>"", null], [""W_Complete application"", ""W_Complete application""], ["">>"", null], ["">>"", null], [""W_Complete application"", ""W_Complete application""], ["">>"", null], [""A_Accepted"", ""A_Accepted""], ["">>"", null], ["">>"", null], ["">>"", null], ["">>"", null], ["">>"", null], ["">>"", null], [""O_Create Offer"", ""O_Create Offer""], [""O_Created"", ""O_Created""], ["">>"", null], ["">>"", null], ["">>"", null], [""O_Sent (mail and online)"", ""O_Sent (mail and online)""], ["">>"", null], ["">>"", null], ["">>"", null], ["">>"", null], ["">>"", null], ["">>"", null], [""W_Complete application"", ""W_Complete application""], ["">>"", null], ["">>"", null], [""W_Call after offers"", ""W_Call after offers""], ["">>"", null], [""W_Call after offers"", ""W_Call after offers""], ["">>"", null], [""A_Complete"", ""A_Complete""], [""W_Call after offers"", ""W_Call after offers""], ["">>"", null], ["">>"", null], [""W_Call after offers"", ""W_Call after offers""], ["">>"", null], [""W_Call after offers"", ""W_Call after offers""], ["">>"", null], [""W_Call after offers"", ""W_Call after offers""], ["">>"", null], [""W_Validate application"", ""W_Validate application""], ["">>"", null], ["">>"", null], [""W_Validate application"", ""W_Validate application""], [""A_Validating"", ""A_Validating""], ["">>"", null], ["">>"", null], ["">>"", null], ["">>"", null], ["">>"", null], ["">>"", null], [""O_Returned"", ""O_Returned""], ["">>"", null], ["">>"", null], ["">>"", null], ["">>"", null], ["">>"", null], ["">>"", null], [""W_Validate application"", ""W_Validate application""], ["">>"", null], ["">>"", null], [""W_Validate application"", ""W_Validate application""], ["">>"", null], ["">>"", null], ["">>"", null], ["">>"", null], ["">>"", null], [""W_Call incomplete files"", ""W_Call incomplete files""], ["">>"", null], ["">>"", null], [""W_Call incomplete files"", ""W_Call incomplete files""], ["">>"", null], [""A_Incomplete"", ""A_Incomplete""], ["">>"", null], [""W_Call incomplete files"", ""W_Call incomplete files""], ["">>"", null], [""W_Call incomplete files"", ""W_Call incomplete files""], ["">>"", null], [""W_Call incomplete files"", ""W_Call incomplete files""], ["">>"", null], [""W_Call incomplete files"", ""W_Call incomplete files""], ["">>"", null], [""W_Call incomplete files"", ""W_Call incomplete files""], ["">>"", null], [""W_Call incomplete files"", ""W_Call incomplete files""], ["">>"", null], ["">>"", null], ["">>"", null], ["">>"", null], ["">>"", null], ["">>"", null], [""W_Validate application"", ""W_Validate application""], ["">>"", null], ["">>"", null], [""W_Validate application"", ""W_Validate application""], [""A_Validating"", ""A_Validating""], ["">>"", null], [""W_Validate application"", ""W_Validate application""], ["">>"", null], ["">>"", null], [""W_Validate application"", ""W_Validate application""], ["">>"", null], ["">>"", null], ["">>"", null], ["">>"", null], ["">>"", null], [""W_Call incomplete files"", ""W_Call incomplete files""], ["">>"", null], ["">>"", null], [""W_Call incomplete files"", ""W_Call incomplete files""], ["">>"", null], [""A_Incomplete"", ""A_Incomplete""], ["">>"", null], [""W_Call incomplete files"", ""W_Call incomplete files""], ["">>"", null], [""W_Call incomplete files"", ""W_Call incomplete files""], ["">>"", null], [""W_Call incomplete files"", ""W_Call incomplete files""], ["">>"", null], [""W_Call incomplete files"", ""W_Call incomplete files""], ["">>"", null], ["">>"", null], ["">>"", null], ["">>"", null], ["">>"", null], ["">>"", null], ["">>"", null], [""W_Validate application"", ""W_Validate application""], ["">>"", null], ["">>"", null], [""W_Validate application"", ""W_Validate application""], [""A_Validating"", ""A_Validating""], ["">>"", null], ["">>"", null], [""W_Validate application"", ""W_Validate application""], ["">>"", null], ["">>"", null], ["">>"", null], ["">>"", null], ["">>"", null], ["">>"", null], ["">>"", null], [""O_Accepted"", ""O_Accepted""], [""A_Pending"", ""A_Pending""], ["">>"", null], ["">>"", null], ["">>"", null], ["">>"", null], [""W_Validate application"", ""W_Validate application""], ["">>"", null], ["">>"", null], ["">>"", null], ["">>"", null], ["">>"", null], ["">>"", null], ["">>"", null], ["">>"", null], ["">>"", null]]",[],[]
"('A_Create Application', 'A_Submitted', 'W_Handle leads', 'W_Handle leads', 'W_Complete application', 'A_Concept', 'W_Complete application', 'W_Complete application', 'W_Complete application', 'A_Accepted', 'O_Create Offer', 'O_Created', 'O_Sent (online only)', 'W_Complete application', 'W_Call after offers', 'W_Call after offers', 'A_Complete', 'O_Create Offer', 'O_Created', 'O_Sent (mail and online)', 'O_Create Offer', 'O_Created', 'O_Sent (mail and online)', 'O_Cancelled', 'W_Call after offers', 'W_Call after offers', 'W_Call after offers', 'W_Call after offers', 'W_Validate application', 'W_Validate application', 'A_Validating', 'O_Returned', 'W_Validate application', 'W_Validate application', 'W_Call incomplete files', 'W_Call incomplete files', 'A_Incomplete', 'W_Call incomplete files', 'W_Call incomplete files', 'W_Call incomplete files', 'W_Call incomplete files', 'W_Call incomplete files', 'W_Call incomplete files', 'W_Validate application', 'W_Validate application', 'A_Validating', 'W_Validate application', 'O_Accepted', 'A_Pending', 'W_Validate application', 'O_Cancelled')",1,0,"[[""A_Create Application"", ""A_Create Application""], [""A_Submitted"", ""A_Submitted""], ["">>"", null], ["">>"", null], [""W_Handle leads"", ""W_Handle leads""], ["">>"", null], [""W_Handle leads"", ""W_Handle leads""], ["">>"", null], ["">>"", null], ["">>"", null], [""W_Complete application"", ""W_Complete application""], ["">>"", null], ["">>"", null], [""A_Concept"", ""A_Concept""], [""W_Complete application"", ""W_Complete application""], ["">>"", null], ["">>"", null], [""W_Complete application"", ""W_Complete application""], ["">>"", null], ["">>"", null], [""W_Complete application"", ""W_Complete application""], ["">>"", null], [""A_Accepted"", ""A_Accepted""], ["">>"", null], ["">>"", null], ["">>"", null], ["">>"", null], ["">>"", null], ["">>"", null], ["">>"", null], [""O_Create Offer"", ""O_Create Offer""], [""O_Created"", ""O_Created""], ["">>"", null], ["">>"", null], ["">>"", null], [""O_Sent (online only)"", ""O_Sent (online only)""], ["">>"", null], ["">>"", null], ["">>"", null], ["">>"", null], ["">>"", null], [""W_Complete application"", ""W_Complete application""], ["">>"", null], ["">>"", null], [""W_Call after offers"", ""W_Call after offers""], ["">>"", null], [""W_Call after offers"", ""W_Call after offers""], [""A_Complete"", ""A_Complete""], ["">>"", null], ["">>"", null], ["">>"", null], ["">>"", null], ["">>"", null], ["">>"", null], [""O_Create Offer"", ""O_Create Offer""], [""O_Created"", ""O_Created""], ["">>"", null], ["">>"", null], ["">>"", null], [""O_Sent (mail and online)"", ""O_Sent (mail and online)""], ["">>"", null], ["">>"", null], ["">>"", null], [""O_Create Offer"", ""O_Create Offer""], [""O_Created"", ""O_Created""], ["">>"", null], ["">>"", null], ["">>"", null], [""O_Sent (mail and online)"", ""O_Sent (mail and online)""], ["">>"", null], ["">>"", null], ["">>"", null], [""O_Cancelled"", ""O_Cancelled""], ["">>"", null], ["">>"", null], ["">>"", null], [""W_Call after offers"", ""W_Call after offers""], ["">>"", null], [""W_Call after offers"", ""W_Call after offers""], ["">>"", null], [""W_Call after offers"", ""W_Call after offers""], ["">>"", null], [""W_Call after offers"", ""W_Call after offers""], ["">>"", null], [""W_Validate application"", ""W_Validate application""], ["">>"", null], ["">>"", null], [""W_Validate application"", ""W_Validate application""], [""A_Validating"", ""A_Validating""], ["">>"", null], ["">>"", null], ["">>"", null], ["">>"", null], ["">>"", null], ["">>"", null], [""O_Returned"", ""O_Returned""], ["">>"", null], ["">>"", null], ["">>"", null], ["">>"", null], ["">>"", null], ["">>"", null], [""W_Validate application"", ""W_Validate application""], ["">>"", null], ["">>"", null], [""W_Validate application"", ""W_Validate application""], ["">>"", null], ["">>"", null], ["">>"", null], ["">>"", null], ["">>"", null], [""W_Call incomplete files"", ""W_Call incomplete files""], ["">>"", null], [""W_Call incomplete files"", ""W_Call incomplete files""], ["">>"", null], ["">>"", null], [""A_Incomplete"", ""A_Incomplete""], ["">>"", null], [""W_Call incomplete files"", ""W_Call incomplete files""], ["">>"", null], [""W_Call incomplete files"", ""W_Call incomplete files""], ["">>"", null], [""W_Call incomplete files"", ""W_Call incomplete files""], ["">>"", null], [""W_Call incomplete files"", ""W_Call incomplete files""], ["">>"", null], [""W_Call incomplete files"", ""W_Call incomplete files""], ["">>"", null], [""W_Call incomplete files"", ""W_Call incomplete files""], ["">>"", null], ["">>"", null], ["">>"", null], ["">>"", null], ["">>"", null], ["">>"", null], ["">>"", null], [""W_Validate application"", ""W_Validate application""], ["">>"", null], ["">>"", null], [""W_Validate application"", ""W_Validate application""], [""A_Validating"", ""A_Validating""], ["">>"", null], ["">>"", null], [""W_Validate application"", ""W_Validate application""], ["">>"", null], ["">>"", null], ["">>"", null], ["">>"", null], ["">>"", null], ["">>"", null], ["">>"", null], [""O_Accepted"", ""O_Accepted""], [""A_Pending"", ""A_Pending""], ["">>"", null], ["">>"", null], ["">>"", null], ["">>"", null], [""W_Validate application"", ""W_Validate application""], ["">>"", null], ["">>"", null], ["">>"", null], ["">>"", null], ["">>"", null], ["">>"", null], [""O_Cancelled"", ""O_Cancelled""], ["">>"", null], ["">>"", null], ["">>"", null], ["">>"", null], ["">>"", null], ["">>"", null]]",[],[]
"('A_Create Application', 'A_Concept', 'W_Complete application', 'W_Complete application', 'A_Accepted', 'O_Create Offer', 'O_Created', 'O_Sent (mail and online)', 'W_Complete application', 'W_Call after offers', 'W_Call after offers', 'A_Complete', 'W_Call after offers', 'W_Call after offers', 'W_Call after offers', 'W_Call after offers', 'W_Validate application', 'W_Validate application', 'A_Validating', 'O_Returned', 'W_Validate application', 'W_Validate application', 'W_Validate application', 'W_Validate application', 'O_Accepted', 'A_Pending', 'W_Validate application')",25,0,"[[""A_Create Application"", ""A_Create Application""], ["">>"", null], ["">>"", null], ["">>"", null], ["">>"", null], ["">>"", null], [""A_Concept"", ""A_Concept""], [""W_Complete application"", ""W_Complete application""], ["">>"", null], ["">>"", null], [""W_Complete application"", ""W_Complete application""], ["">>"", null], [""A_Accepted"", ""A_Accepted""], ["">>"", null], ["">>"", null], ["">>"", null], ["">>"", null], ["">>"", null], ["">>"", null], [""O_Create Offer"", ""O_Create Offer""], [""O_Created"", ""O_Created""], ["">>"", null], ["">>"", null], ["">>"", null], [""O_Sent (mail and online)"", ""O_Sent (mail and online)""], ["">>"", null], ["">>"", null], ["">>"", null], ["">>"", null], ["">>"", null], ["">>"", null], [""W_Complete application"", ""W_Complete application""], ["">>"", null], ["">>"", null], [""W_Call after offers"", ""W_Call after offers""], ["">>"", null], [""W_Call after offers"", ""W_Call after offers""], ["">>"", null], [""A_Complete"", ""A_Complete""], ["">>"", null], ["">>"", null], [""W_Call after offers"", ""W_Call after offers""], ["">>"", null], [""W_Call after offers"", ""W_Call after offers""], ["">>"", null], [""W_Call after offers"", ""W_Call after offers""], ["">>"", null], [""W_Call after offers"", ""W_Call after offers""], ["">>"", null], [""W_Validate application"", ""W_Validate application""], ["">>"", null], ["">>"", null], [""W_Validate application"", ""W_Validate application""], [""A_Validating"", ""A_Validating""], ["">>"", null], ["">>"", null], ["">>"", null], ["">>"", null], ["">>"", null], ["">>"", null], [""O_Returned"", ""O_Returned""], ["">>"", null], ["">>"", null], ["">>"", null], ["">>"", null], ["">>"", null], ["">>"", null], [""W_Validate application"", ""W_Validate application""], ["">>"", null], ["">>"", null], [""W_Validate application"", ""W_Validate application""], ["">>"", null], ["">>"", null], ["">>"", null], [""W_Validate application"", ""W_Validate application""], ["">>"", null], ["">>"", null], [""W_Validate application"", ""W_Validate application""], ["">>"", null], ["">>"", null], ["">>"", null], ["">>"", null], ["">>"", null], ["">>"", null], ["">>"", null], [""O_Accepted"", ""O_Accepted""], [""A_Pending"", ""A_Pending""], ["">>"", null], ["">>"", null], ["">>"", null], ["">>"", null], [""W_Validate application"", ""W_Validate application""], ["">>"", null], ["">>"", null], ["">>"", null], ["">>"", null], ["">>"", null], ["">>"", null], ["">>"", null], ["">>"", null], ["">>"", null]]",[],[]
"('A_Create Application', 'A_Concept', 'W_Complete application', 'W_Complete application', 'A_Accepted', 'W_Complete application', 'W_Complete application', 'W_Complete application', 'O_Create Offer', 'O_Created', 'O_Sent (mail and online)', 'W_Complete application', 'W_Call after offers', 'W_Call after offers', 'A_Complete', 'W_Call after offers', 'W_Call after offers', 'W_Call after offers', 'W_Call after offers', 'W_Validate application', 'W_Validate application', 'A_Validating', 'O_Returned', 'W_Validate application', 'O_Accepted', 'A_Pending', 'W_Validate application')",19,0,"[[""A_Create Application"", ""A_Create Application""], ["">>"", null], ["">>"", null], ["">>"", null], ["">>"", null], ["">>"", null], [""A_Concept"", ""A_Concept""], [""W_Complete application"", ""W_Complete application""], ["">>"", null], ["">>"", null], [""W_Complete application"", ""W_Complete application""], ["">>"", null], ["">>"", null], [""A_Accepted"", ""A_Accepted""], [""W_Complete application"", ""W_Complete application""], ["">>"", null], ["">>"", null], [""W_Complete application"", ""W_Complete application""], ["">>"", null], ["">>"", null], [""W_Complete application"", ""W_Complete application""], ["">>"", null], ["">>"", null], ["">>"", null], ["">>"", null], ["">>"", null], ["">>"", null], ["">>"", null], ["">>"", null], [""O_Create Offer"", ""O_Create Offer""], [""O_Created"", ""O_Created""], ["">>"", null], ["">>"", null], ["">>"", null], [""O_Sent (mail and online)"", ""O_Sent (mail and online)""], ["">>"", null], ["">>"", null], ["">>"", null], ["">>"", null], ["">>"", null], ["">>"", null], [""W_Complete application"", ""W_Complete application""], ["">>"", null], ["">>"", null], [""W_Call after offers"", ""W_Call after offers""], ["">>"", null], [""W_Call after offers"", ""W_Call after offers""], ["">>"", null], [""A_Complete"", ""A_Complete""], ["">>"", null], [""W_Call after offers"", ""W_Call after offers""], ["">>"", null], [""W_Call after offers"", ""W_Call after offers""], ["">>"", null], [""W_Call after offers"", ""W_Call after offers""], ["">>"", null], [""W_Call after offers"", ""W_Call after offers""], ["">>"", null], [""W_Validate application"", ""W_Validate application""], ["">>"", null], ["">>"", null], ["">>"", null], [""W_Validate application"", ""W_Validate application""], [""A_Validating"", ""A_Validating""], ["">>"", null], ["">>"", null], ["">>"", null], ["">>"", null], ["">>"", null], ["">>"", null], [""O_Returned"", ""O_Returned""], ["">>"", null], ["">>"", null], ["">>"", null], ["">>"", null], ["">>"", null], ["">>"", null], [""W_Validate application"", ""W_Validate application""], ["">>"", null], ["">>"", null], ["">>"", null], ["">>"", null], ["">>"", null], ["">>"", null], ["">>"", null], [""O_Accepted"", ""O_Accepted""], [""A_Pending"", ""A_Pending""], ["">>"", null], ["">>"", null], ["">>"", null], ["">>"", null], [""W_Validate application"", ""W_Validate application""], ["">>"", null], ["">>"", null], ["">>"", null], ["">>"", null], ["">>"", null], ["">>"", null], ["">>"", null], ["">>"", null], ["">>"", null]]",[],[]
"('A_Create Application', 'A_Concept', 'W_Complete application', 'W_Complete application', 'A_Accepted', 'W_Complete application', 'W_Complete application', 'W_Complete application', 'O_Create Offer', 'O_Created', 'O_Sent (mail and online)', 'W_Complete application', 'W_Call after offers', 'W_Call after offers', 'A_Complete', 'W_Call after offers', 'O_Create Offer', 'O_Created', 'O_Sent (mail and online)', 'W_Call after offers', 'W_Call after offers', 'W_Call after offers', 'W_Validate application', 'W_Validate application', 'A_Validating', 'O_Returned', 'W_Validate application', 'W_Validate application', 'W_Validate application', 'W_Validate application', 'W_Validate application', 'W_Call incomplete files', 'W_Call incomplete files', 'A_Incomplete', 'W_Call incomplete files', 'W_Call incomplete files', 'W_Call incomplete files', 'W_Call incomplete files', 'W_Call incomplete files', 'W_Call incomplete files', 'W_Call incomplete files', 'W_Call incomplete files', 'W_Validate application', 'W_Validate application', 'A_Validating', 'W_Validate application', 'W_Validate application', 'W_Validate application', 'W_Validate application', 'O_Accepted', 'A_Pending', 'W_Validate application', 'O_Cancelled')",1,0,"[[""A_Create Application"", ""A_Create Application""], ["">>"", null], ["">>"", null], ["">>"", null], ["">>"", null], ["">>"", null], [""A_Concept"", ""A_Concept""], [""W_Complete application"", ""W_Complete application""], ["">>"", null], ["">>"", null], [""W_Complete application"", ""W_Complete application""], ["">>"", null], ["">>"", null], [""A_Accepted"", ""A_Accepted""], [""W_Complete application"", ""W_Complete application""], ["">>"", null], ["">>"", null], [""W_Complete application"", ""W_Complete application""], ["">>"", null], ["">>"", null], [""W_Complete application"", ""W_Complete application""], ["">>"", null], ["">>"", null], ["">>"", null], ["">>"", null], ["">>"", null], ["">>"", null], ["">>"", null], ["">>"", null], [""O_Create Offer"", ""O_Create Offer""], [""O_Created"", ""O_Created""], ["">>"", null], ["">>"", null], ["">>"", null], [""O_Sent (mail and online)"", ""O_Sent (mail and online)""], ["">>"", null], ["">>"", null], ["">>"", null], ["">>"", null], ["">>"", null], [""W_Complete application"", ""W_Complete application""], ["">>"", null], ["">>"", null], [""W_Call after offers"", ""W_Call after offers""], ["">>"", null], [""W_Call after offers"", ""W_Call after offers""], ["">>"", null], [""A_Complete"", ""A_Complete""], ["">>"", null], [""W_Call after offers"", ""W_Call after offers""], ["">>"", null], ["">>"", null], ["">>"", null], ["">>"", null], ["">>"", null], [""O_Create Offer"", ""O_Create Offer""], [""O_Created"", ""O_Created""], ["">>"", null], ["">>"", null], ["">>"", null], [""O_Sent (mail and online)"", ""O_Sent (mail and online)""], ["">>"", null], ["">>"", null], ["">>"", null], ["">>"", null], [""W_Call after offers"", ""W_Call after offers""], ["">>"", null], [""W_Call after offers"", ""W_Call after offers""], ["">>"", null], [""W_Call after offers"", ""W_Call after offers""], ["">>"", null], ["">>"", null], [""W_Validate application"", ""W_Validate application""], ["">>"", null], ["">>"", null], [""W_Validate application"", ""W_Validate application""], [""A_Validating"", ""A_Validating""], ["">>"", null], ["">>"", null], ["">>"", null], ["">>"", null], ["">>"", null], ["">>"", null], [""O_Returned"", ""O_Returned""], ["">>"", null], ["">>"", null], ["">>"", null], ["">>"", null], ["">>"", null], ["">>"", null], [""W_Validate application"", ""W_Validate application""], ["">>"", null], ["">>"", null], [""W_Validate application"", ""W_Validate application""], ["">>"", null], ["">>"", null], [""W_Validate application"", ""W_Validate application""], ["">>"", null], ["">>"", null], [""W_Validate application"", ""W_Validate application""], ["">>"", null], ["">>"", null], [""W_Validate application"", ""W_Validate application""], ["">>"", null], ["">>"", null], ["">>"", null], ["">>"", null], ["">>"", null], [""W_Call incomplete files"", ""W_Call incomplete files""], ["">>"", null], ["">>"", null], [""W_Call incomplete files"", ""W_Call incomplete files""], ["">>"", null], [""A_Incomplete"", ""A_Incomplete""], ["">>"", null], [""W_Call incomplete files"", ""W_Call incomplete files""], ["">>"", null], [""W_Call incomplete files"", ""W_Call incomplete files""], ["">>"", null], [""W_Call incomplete files"", ""W_Call incomplete files""], ["">>"", null], [""W_Call incomplete files"", ""W_Call incomplete files""], ["">>"", null], [""W_Call incomplete files"", ""W_Call incomplete files""], ["">>"", null], [""W_Call incomplete files"", ""W_Call incomplete files""], ["">>"", null], [""W_Call incomplete files"", ""W_Call incomplete files""], ["">>"", null], [""W_Call incomplete files"", ""W_Call incomplete files""], ["">>"", null], ["">>"", null], ["">>"", null], ["">>"", null], ["">>"", null], ["">>"", null], [""W_Validate application"", ""W_Validate application""], ["">>"", null], ["">>"", null], [""W_Validate application"", ""W_Validate application""], [""A_Validating"", ""A_Validating""], ["">>"", null], [""W_Validate application"", ""W_Validate application""], ["">>"", null], ["">>"", null], [""W_Validate application"", ""W_Validate application""], ["">>"", null], ["">>"", null], [""W_Validate application"", ""W_Validate application""], ["">>"", null], ["">>"", null], [""W_Validate application"", ""W_Validate application""], ["">>"", null], ["">>"", null], ["">>"", null], ["">>"", null], ["">>"", null], ["">>"", null], ["">>"", null], [""O_Accepted"", ""O_Accepted""], [""A_Pending"", ""A_Pending""], ["">>"", null], ["">>"", null], ["">>"", null], ["">>"", null], [""W_Validate application"", ""W_Validate application""], ["">>"", null], ["">>"", null], ["">>"", null], ["">>"", null], ["">>"", null], ["">>"", null], [""O_Cancelled"", ""O_Cancelled""], ["">>"", null], ["">>"", null], ["">>"", null], ["">>"", null], ["">>"", null], ["">>"", null]]",[],[]
"('A_Create Application', 'A_Concept', 'W_Complete application', 'W_Complete application', 'W_Complete application', 'W_Complete application', 'A_Accepted', 'O_Create Offer', 'O_Created', 'O_Sent (mail and online)', 'W_Complete application', 'W_Call after offers', 'W_Call after offers', 'A_Complete', 'W_Call after offers', 'W_Call after offers', 'W_Call after offers', 'A_Cancelled', 'O_Cancelled', 'W_Call after offers')",81,0,"[[""A_Create Application"", ""A_Create Application""], ["">>"", null], ["">>"", null], ["">>"", null], ["">>"", null], ["">>"", null], ["">>"", null], [""A_Concept"", ""A_Concept""], [""W_Complete application"", ""W_Complete application""], ["">>"", null], ["">>"", null], [""W_Complete application"", ""W_Complete application""], ["">>"", null], ["">>"", null], [""W_Complete application"", ""W_Complete application""], ["">>"", null], ["">>"", null], [""W_Complete application"", ""W_Complete application""], ["">>"", null], ["">>"", null], ["">>"", null], ["">>"", null], ["">>"", null], ["">>"", null], ["">>"", null], ["">>"", null], [""A_Accepted"", ""A_Accepted""], [""O_Create Offer"", ""O_Create Offer""], [""O_Created"", ""O_Created""], ["">>"", null], ["">>"", null], ["">>"", null], [""O_Sent (mail and online)"", ""O_Sent (mail and online)""], ["">>"", null], ["">>"", null], ["">>"", null], ["">>"", null], ["">>"", null], [""W_Complete application"", ""W_Complete application""], ["">>"", null], ["">>"", null], [""W_Call after offers"", ""W_Call after offers""], ["">>"", null], [""W_Call after offers"", ""W_Call after offers""], ["">>"", null], [""A_Complete"", ""A_Complete""], ["">>"", null], ["">>"", null], [""W_Call after offers"", ""W_Call after offers""], ["">>"", null], [""W_Call after offers"", ""W_Call after offers""], ["">>"", null], [""W_Call after offers"", ""W_Call after offers""], ["">>"", null], [""A_Cancelled"", ""A_Cancelled""], ["">>"", null], ["">>"", null], ["">>"", null], [""O_Cancelled"", ""O_Cancelled""], ["">>"", null], ["">>"", null], ["">>"", null], [""W_Call after offers"", ""W_Call after offers""], ["">>"", null], ["">>"", null], ["">>"", null], ["">>"", null]]",[],[]
"('A_Create Application', 'W_Complete application', 'W_Complete application', 'A_Concept', 'W_Complete application', 'W_Complete application', 'W_Complete application', 'W_Complete application', 'A_Accepted', 'O_Create Offer', 'O_Created', 'O_Create Offer', 'O_Created', 'O_Cancelled', 'O_Sent (mail and online)', 'W_Complete application', 'W_Call after offers', 'W_Call after offers', 'A_Complete', 'W_Call after offers', 'O_Cancelled', 'O_Create Offer', 'O_Created', 'O_Sent (mail and online)', 'O_Cancelled', 'O_Create Offer', 'O_Created', 'O_Sent (mail and online)', 'W_Call after offers', 'W_Validate application', 'W_Validate application', 'A_Validating', 'O_Returned', 'W_Validate application', 'W_Validate application', 'W_Call incomplete files', 'W_Call incomplete files', 'A_Incomplete', 'W_Call incomplete files', 'W_Call incomplete files', 'W_Call incomplete files', 'W_Call incomplete files', 'W_Validate application', 'W_Validate application', 'A_Validating', 'W_Validate application', 'W_Validate application', 'W_Validate application', 'W_Call incomplete files', 'W_Call incomplete files', 'A_Incomplete', 'W_Call incomplete files', 'W_Call incomplete files', 'O_Create Offer', 'O_Created', 'O_Sent (online only)', 'W_Call incomplete files', 'O_Create Offer', 'O_Created', 'O_Sent (online only)', 'O_Returned', 'W_Call incomplete files', 'W_Validate application', 'W_Validate application', 'A_Validating', 'W_Validate application', 'O_Accepted', 'A_Pending', 'W_Validate application', 'O_Cancelled', 'O_Cancelled')",1,0,"[[""A_Create Application"", ""A_Create Application""], ["">>"", null], ["">>"", null], ["">>"", null], ["">>"", null], ["">>"", null], [""W_Complete application"", ""W_Complete application""], ["">>"", null], ["">>"", null], [""W_Complete application"", ""W_Complete application""], ["">>"", null], ["">>"", null], [""A_Concept"", ""A_Concept""], [""W_Complete application"", ""W_Complete application""], ["">>"", null], ["">>"", null], [""W_Complete application"", ""W_Complete application""], ["">>"", null], ["">>"", null], [""W_Complete application"", ""W_Complete application""], ["">>"", null], ["">>"", null], [""W_Complete application"", ""W_Complete application""], ["">>"", null], ["">>"", null], ["">>"", null], ["">>"", null], ["">>"", null], [""A_Accepted"", ""A_Accepted""], ["">>"", null], ["">>"", null], [""O_Create Offer"", ""O_Create Offer""], [""O_Created"", ""O_Created""], ["">>"", null], ["">>"", null], ["">>"", null], ["">>"", null], ["">>"", null], ["">>"", null], ["">>"", null], ["">>"", null], [""O_Create Offer"", ""O_Create Offer""], [""O_Created"", ""O_Created""], ["">>"", null], ["">>"", null], ["">>"", null], [""O_Cancelled"", ""O_Cancelled""], ["">>"", null], ["">>"", null], ["">>"", null], [""O_Sent (mail and online)"", ""O_Sent (mail and online)""], ["">>"", null], ["">>"", null], ["">>"", null], ["">>"", null], ["">>"", null], [""W_Complete application"", ""W_Complete application""], ["">>"", null], ["">>"", null], [""W_Call after offers"", ""W_Call after offers""], ["">>"", null], [""W_Call after offers"", ""W_Call after offers""], ["">>"", null], [""A_Complete"", ""A_Complete""], ["">>"", null], [""W_Call after offers"", ""W_Call after offers""], ["">>"", null], [""O_Cancelled"", ""O_Cancelled""], ["">>"", null], ["">>"", null], ["">>"", null], [""O_Create Offer"", ""O_Create Offer""], [""O_Created"", ""O_Created""], ["">>"", null], ["">>"", null], ["">>"", null], [""O_Sent (mail and online)"", ""O_Sent (mail and online)""], ["">>"", null], ["">>"", null], ["">>"", null], [""O_Cancelled"", ""O_Cancelled""], ["">>"", null], ["">>"", null], ["">>"", null], [""O_Create Offer"", ""O_Create Offer""], [""O_Created"", ""O_Created""], ["">>"", null], ["">>"", null], ["">>"", null], [""O_Sent (mail and online)"", ""O_Sent (mail and online)""], ["">>"", null], ["">>"", null], ["">>"", null], ["">>"", null], [""W_Call after offers"", ""W_Call after offers""], ["">>"", null], ["">>"", null], [""W_Validate application"", ""W_Validate application""], ["">>"", null], ["">>"", null], [""W_Validate application"", ""W_Validate application""], [""A_Validating"", ""A_Validating""], ["">>"", null], ["">>"", null], ["">>"", null], ["">>"", null], ["">>"", null], ["">>"", null], [""O_Returned"", ""O_Returned""], ["">>"", null], ["">>"", null], ["">>"", null], ["">>"", null], ["">>"", null], ["">>"", null], [""W_Validate application"", ""W_Validate application""], ["">>"", null], ["">>"", null], [""W_Validate application"", ""W_Validate application""], ["">>"", null], ["">>"", null], ["">>"", null], ["">>"", null], ["">>"", null], ["">>"", null], [""W_Call incomplete files"", ""W_Call incomplete files""], ["">>"", null], [""W_Call incomplete files"", ""W_Call incomplete files""], ["">>"", null], [""A_Incomplete"", ""A_Incomplete""], ["">>"", null], [""W_Call incomplete files"", ""W_Call incomplete files""], ["">>"", null], [""W_Call incomplete files"", ""W_Call incomplete files""], ["">>"", null], [""W_Call incomplete files"", ""W_Call incomplete files""], ["">>"", null], [""W_Call incomplete files"", ""W_Call incomplete files""], ["">>"", null], ["">>"", null], ["">>"", null], ["">>"", null], ["">>"", null], ["">>"", null], [""W_Validate application"", ""W_Validate application""], ["">>"", null], ["">>"", null], [""W_Validate application"", ""W_Validate application""], [""A_Validating"", ""A_Validating""], ["">>"", null], [""W_Validate application"", ""W_Validate application""], ["">>"", null], ["">>"", null], [""W_Validate application"", ""W_Validate application""], ["">>"", null], ["">>"", null], [""W_Validate application"", ""W_Validate application""], ["">>"", null], ["">>"", null], ["">>"", null], ["">>"", null], ["">>"", null], ["">>"", null], [""W_Call incomplete files"", ""W_Call incomplete files""], ["">>"", null], [""W_Call incomplete files"", ""W_Call incomplete files""], ["">>"", null], [""A_Incomplete"", ""A_Incomplete""], ["">>"", null], [""W_Call incomplete files"", ""W_Call incomplete files""], ["">>"", null], [""W_Call incomplete files"", ""W_Call incomplete files""], ["">>"", null], [""O_Create Offer"", ""O_Create Offer""], [""O_Created"", ""O_Created""], ["">>"", null], ["">>"", null], ["">>"", null], [""O_Sent (online only)"", ""O_Sent (online only)""], ["">>"", null], ["">>"", null], ["">>"", null], [""W_Call incomplete files"", ""W_Call incomplete files""], ["">>"", null], [""O_Create Offer"", ""O_Create Offer""], [""O_Created"", ""O_Created""], ["">>"", null], ["">>"", null], ["">>"", null], [""O_Sent (online only)"", ""O_Sent (online only)""], ["">>"", null], ["">>"", null], ["">>"", null], ["">>"", null], [""O_Returned"", ""O_Returned""], ["">>"", null], [""W_Call incomplete files"", ""W_Call incomplete files""], ["">>"", null], ["">>"", null], ["">>"", null], ["">>"", null], ["">>"", null], ["">>"", null], [""W_Validate application"", ""W_Validate application""], ["">>"", null], ["">>"", null], [""W_Validate application"", ""W_Validate application""], [""A_Validating"", ""A_Validating""], ["">>"", null], [""W_Validate application"", ""W_Validate application""], ["">>"", null], ["">>"", null], ["">>"", null], ["">>"", null], ["">>"", null], ["">>"", null], ["">>"", null], [""O_Accepted"", ""O_Accepted""], [""A_Pending"", ""A_Pending""], ["">>"", null], ["">>"", null], ["">>"", null], ["">>"", null], [""W_Validate application"", ""W_Validate application""], ["">>"", null], ["">>"", null], ["">>"", null], ["">>"", null], ["">>"", null], ["">>"", null], [""O_Cancelled"", ""O_Cancelled""], ["">>"", null], ["">>"", null], ["">>"", null], [""O_Cancelled"", ""O_Cancelled""], ["">>"", null], ["">>"", null], ["">>"", null], ["">>"", null], ["">>"", null], ["">>"", null]]",[],[]
"('A_Create Application', 'A_Concept', 'W_Complete application', 'W_Complete application', 'W_Complete application', 'W_Complete application', 'W_Complete application', 'W_Complete application', 'W_Complete application', 'W_Complete application', 'W_Complete application', 'W_Complete application', 'W_Complete application', 'W_Complete application', 'W_Complete application', 'A_Accepted', 'O_Create Offer', 'O_Created', 'O_Sent (mail and online)', 'W_Complete application', 'W_Call after offers', 'W_Call after offers', 'A_Complete', 'W_Call after offers', 'W_Call after offers', 'W_Call after offers', 'W_Call after offers', 'W_Validate application', 'W_Validate application', 'A_Validating', 'O_Returned', 'W_Validate application', 'W_Validate application', 'W_Validate application', 'W_Validate application', 'W_Validate application', 'W_Call incomplete files', 'W_Call incomplete files', 'A_Incomplete', 'W_Call incomplete files', 'W_Call incomplete files', 'W_Call incomplete files', 'W_Call incomplete files', 'W_Validate application', 'W_Validate application', 'A_Validating', 'W_Validate application', 'W_Validate application', 'O_Accepted', 'A_Pending', 'W_Validate application')",1,0,"[[""A_Create Application"", ""A_Create Application""], ["">>"", null], ["">>"", null], ["">>"", null], ["">>"", null], ["">>"", null], [""A_Concept"", ""A_Concept""], [""W_Complete application"", ""W_Complete application""], ["">>"", null], ["">>"", null], [""W_Complete application"", ""W_Complete application""], ["">>"", null], ["">>"", null], [""W_Complete application"", ""W_Complete application""], ["">>"", null], ["">>"", null], [""W_Complete application"", ""W_Complete application""], ["">>"", null], ["">>"", null], [""W_Complete application"", ""W_Complete application""], ["">>"", null], ["">>"", null], [""W_Complete application"", ""W_Complete application""], ["">>"", null], ["">>"", null], [""W_Complete application"", ""W_Complete application""], ["">>"", null], ["">>"", null], [""W_Complete application"", ""W_Complete application""], ["">>"", null], ["">>"", null], [""W_Complete application"", ""W_Complete application""], ["">>"", null], ["">>"", null], [""W_Complete application"", ""W_Complete application""], ["">>"", null], ["">>"", null], [""W_Complete application"", ""W_Complete application""], ["">>"", null], ["">>"", null], [""W_Complete application"", ""W_Complete application""], ["">>"", null], ["">>"", null], [""W_Complete application"", ""W_Complete application""], ["">>"", null], ["">>"", null], ["">>"", null], ["">>"", null], [""A_Accepted"", ""A_Accepted""], ["">>"", null], ["">>"", null], ["">>"", null], ["">>"", null], [""O_Create Offer"", ""O_Create Offer""], [""O_Created"", ""O_Created""], ["">>"", null], ["">>"", null], ["">>"", null], [""O_Sent (mail and online)"", ""O_Sent (mail and online)""], ["">>"", null], ["">>"", null], ["">>"", null], ["">>"", null], ["">>"", null], [""W_Complete application"", ""W_Complete application""], ["">>"", null], ["">>"", null], [""W_Call after offers"", ""W_Call after offers""], ["">>"", null], [""W_Call after offers"", ""W_Call after offers""], ["">>"", null], [""A_Complete"", ""A_Complete""], ["">>"", null], [""W_Call after offers"", ""W_Call after offers""], ["">>"", null], [""W_Call after offers"", ""W_Call after offers""], ["">>"", null], [""W_Call after offers"", ""W_Call after offers""], ["">>"", null], [""W_Call after offers"", ""W_Call after offers""], ["">>"", null], [""W_Validate application"", ""W_Validate application""], ["">>"", null], ["">>"", null], [""W_Validate application"", ""W_Validate application""], [""A_Validating"", ""A_Validating""], ["">>"", null], ["">>"", null], ["">>"", null], ["">>"", null], ["">>"", null], [""O_Returned"", ""O_Returned""], ["">>"", null], ["">>"", null], ["">>"", null], ["">>"", null], ["">>"", null], ["">>"", null], ["">>"", null], [""W_Validate application"", ""W_Validate application""], ["">>"", null], ["">>"", null], [""W_Validate application"", ""W_Validate application""], ["">>"", null], ["">>"", null], [""W_Validate application"", ""W_Validate application""], ["">>"", null], ["">>"", null], [""W_Validate application"", ""W_Validate application""], ["">>"", null], ["">>"", null], [""W_Validate application"", ""W_Validate application""], ["">>"", null], ["">>"", null], ["">>"", null], ["">>"", null], ["">>"", null], [""W_Call incomplete files"", ""W_Call incomplete files""], ["">>"", null], ["">>"", null], [""W_Call incomplete files"", ""W_Call incomplete files""], ["">>"", null], [""A_Incomplete"", ""A_Incomplete""], ["">>"", null], [""W_Call incomplete files"", ""W_Call incomplete files""], ["">>"", null], [""W_Call incomplete files"", ""W_Call incomplete files""], ["">>"", null], [""W_Call incomplete files"", ""W_Call incomplete files""], ["">>"", null], [""W_Call incomplete files"", ""W_Call incomplete files""], ["">>"", null], ["">>"", null], ["">>"", null], ["">>"", null], ["">>"", null], ["">>"", null], ["">>"", null], [""W_Validate application"", ""W_Validate application""], ["">>"", null], ["">>"", null], [""W_Validate application"", ""W_Validate application""], ["">>"", null], [""A_Validating"", ""A_Validating""], ["">>"", null], [""W_Validate application"", ""W_Validate application""], ["">>"", null], ["">>"", null], [""W_Validate application"", ""W_Validate application""], ["">>"", null], ["">>"", null], ["">>"", null], ["">>"", null], ["">>"", null], ["">>"", null], ["">>"", null], [""O_Accepted"", ""O_Accepted""], [""A_Pending"", ""A_Pending""], ["">>"", null], ["">>"", null], ["">>"", null], ["">>"", null], [""W_Validate application"", ""W_Validate application""], ["">>"", null], ["">>"", null], ["">>"", null], ["">>"", null], ["">>"", null], ["">>"", null], ["">>"", null], ["">>"", null], ["">>"", null]]",[],[]
"('A_Create Application', 'A_Concept', 'W_Complete application', 'W_Complete application', 'W_Complete application', 'W_Complete application', 'W_Complete application', 'W_Complete application', 'A_Accepted', 'O_Create Offer', 'O_Created', 'O_Sent (mail and online)', 'W_Complete application', 'W_Call after offers', 'W_Call after offers', 'A_Complete', 'W_Call after offers', 'W_Call after offers', 'W_Call after offers', 'W_Call after offers', 'W_Validate application', 'W_Validate application', 'A_Validating', 'O_Returned', 'W_Validate application', 'O_Accepted', 'A_Pending', 'W_Validate application')",28,0,"[[""A_Create Application"", ""A_Create Application""], ["">>"", null], ["">>"", null], ["">>"", null], ["">>"", null], ["">>"", null], ["">>"", null], [""A_Concept"", ""A_Concept""], [""W_Complete application"", ""W_Complete application""], ["">>"", null], ["">>"", null], [""W_Complete application"", ""W_Complete application""], ["">>"", null], ["">>"", null], [""W_Complete application"", ""W_Complete application""], ["">>"", null], ["">>"", null], [""W_Complete application"", ""W_Complete application""], ["">>"", null], ["">>"", null], [""W_Complete application"", ""W_Complete application""], ["">>"", null], ["">>"", null], [""W_Complete application"", ""W_Complete application""], ["">>"", null], ["">>"", null], [""A_Accepted"", ""A_Accepted""], ["">>"", null], ["">>"", null], ["">>"", null], ["">>"", null], ["">>"", null], ["">>"", null], [""O_Create Offer"", ""O_Create Offer""], [""O_Created"", ""O_Created""], ["">>"", null], ["">>"", null], ["">>"", null], [""O_Sent (mail and online)"", ""O_Sent (mail and online)""], ["">>"", null], ["">>"", null], ["">>"", null], ["">>"", null], ["">>"", null], [""W_Complete application"", ""W_Complete application""], ["">>"", null], ["">>"", null], [""W_Call after offers"", ""W_Call after offers""], ["">>"", null], [""W_Call after offers"", ""W_Call after offers""], ["">>"", null], [""A_Complete"", ""A_Complete""], [""W_Call after offers"", ""W_Call after offers""], ["">>"", null], [""W_Call after offers"", ""W_Call after offers""], ["">>"", null], [""W_Call after offers"", ""W_Call after offers""], ["">>"", null], [""W_Call after offers"", ""W_Call after offers""], ["">>"", null], ["">>"", null], ["">>"", null], [""W_Validate application"", ""W_Validate application""], ["">>"", null], ["">>"", null], [""W_Validate application"", ""W_Validate application""], [""A_Validating"", ""A_Validating""], ["">>"", null], ["">>"", null], ["">>"", null], ["">>"", null], ["">>"", null], ["">>"", null], [""O_Returned"", ""O_Returned""], ["">>"", null], ["">>"", null], ["">>"", null], ["">>"", null], ["">>"", null], ["">>"", null], [""W_Validate application"", ""W_Validate application""], ["">>"", null], ["">>"", null], ["">>"", null], ["">>"", null], ["">>"", null], ["">>"", null], ["">>"", null], [""O_Accepted"", ""O_Accepted""], [""A_Pending"", ""A_Pending""], ["">>"", null], ["">>"", null], ["">>"", null], ["">>"", null], [""W_Validate application"", ""W_Validate application""], ["">>"", null], ["">>"", null], ["">>"", null], ["">>"", null], ["">>"", null], ["">>"", null], ["">>"", null], ["">>"", null], ["">>"", null]]",[],[]
"('A_Create Application', 'A_Concept', 'W_Complete application', 'W_Complete application', 'W_Complete application', 'W_Complete application', 'W_Complete application', 'A_Accepted', 'O_Create Offer', 'O_Created', 'O_Sent (mail and online)', 'W_Complete application', 'W_Call after offers', 'W_Call after offers', 'A_Complete', 'W_Call after offers', 'W_Call after offers', 'W_Call after offers', 'W_Call after offers', 'W_Validate application', 'W_Validate application', 'A_Validating', 'O_Returned', 'W_Validate application', 'W_Validate application', 'W_Call incomplete files', 'W_Call incomplete files', 'A_Incomplete', 'W_Call incomplete files', 'W_Call incomplete files', 'W_Call incomplete files', 'W_Call incomplete files', 'W_Validate application', 'W_Validate application', 'A_Validating', 'W_Validate application', 'W_Validate application', 'W_Validate application', 'O_Accepted', 'A_Pending', 'W_Validate application')",4,0,"[[""A_Create Application"", ""A_Create Application""], ["">>"", null], ["">>"", null], ["">>"", null], ["">>"", null], ["">>"", null], ["">>"", null], [""A_Concept"", ""A_Concept""], [""W_Complete application"", ""W_Complete application""], ["">>"", null], ["">>"", null], [""W_Complete application"", ""W_Complete application""], ["">>"", null], ["">>"", null], [""W_Complete application"", ""W_Complete application""], ["">>"", null], ["">>"", null], [""W_Complete application"", ""W_Complete application""], ["">>"", null], ["">>"", null], [""W_Complete application"", ""W_Complete application""], ["">>"", null], ["">>"", null], [""A_Accepted"", ""A_Accepted""], ["">>"", null], ["">>"", null], ["">>"", null], ["">>"", null], ["">>"", null], ["">>"", null], [""O_Create Offer"", ""O_Create Offer""], [""O_Created"", ""O_Created""], ["">>"", null], ["">>"", null], ["">>"", null], [""O_Sent (mail and online)"", ""O_Sent (mail and online)""], ["">>"", null], ["">>"", null], ["">>"", null], ["">>"", null], ["">>"", null], [""W_Complete application"", ""W_Complete application""], ["">>"", null], ["">>"", null], [""W_Call after offers"", ""W_Call after offers""], ["">>"", null], [""W_Call after offers"", ""W_Call after offers""], ["">>"", null], [""A_Complete"", ""A_Complete""], ["">>"", null], [""W_Call after offers"", ""W_Call after offers""], ["">>"", null], [""W_Call after offers"", ""W_Call after offers""], ["">>"", null], [""W_Call after offers"", ""W_Call after offers""], ["">>"", null], [""W_Call after offers"", ""W_Call after offers""], ["">>"", null], ["">>"", null], [""W_Validate application"", ""W_Validate application""], ["">>"", null], ["">>"", null], [""W_Validate application"", ""W_Validate application""], [""A_Validating"", ""A_Validating""], ["">>"", null], ["">>"", null], ["">>"", null], ["">>"", null], ["">>"", null], ["">>"", null], [""O_Returned"", ""O_Returned""], ["">>"", null], ["">>"", null], ["">>"", null], ["">>"", null], ["">>"", null], ["">>"", null], [""W_Validate application"", ""W_Validate application""], ["">>"", null], ["">>"", null], [""W_Validate application"", ""W_Validate application""], ["">>"", null], ["">>"", null], ["">>"", null], ["">>"", null], ["">>"", null], ["">>"", null], [""W_Call incomplete files"", ""W_Call incomplete files""], ["">>"", null], [""W_Call incomplete files"", ""W_Call incomplete files""], ["">>"", null], [""A_Incomplete"", ""A_Incomplete""], ["">>"", null], [""W_Call incomplete files"", ""W_Call incomplete files""], ["">>"", null], [""W_Call incomplete files"", ""W_Call incomplete files""], ["">>"", null], [""W_Call incomplete files"", ""W_Call incomplete files""], ["">>"", null], [""W_Call incomplete files"", ""W_Call incomplete files""], ["">>"", null], ["">>"", null], ["">>"", null], ["">>"", null], ["">>"", null], ["">>"", null], [""W_Validate application"", ""W_Validate application""], ["">>"", null], ["">>"", null], [""W_Validate application"", ""W_Validate application""], [""A_Validating"", ""A_Validating""], ["">>"", null], [""W_Validate application"", ""W_Validate application""], ["">>"", null], ["">>"", null], [""W_Validate application"", ""W_Validate application""], ["">>"", null], ["">>"", null], [""W_Validate application"", ""W_Validate application""], ["">>"", null], ["">>"", null], ["">>"", null], ["">>"", null], ["">>"", null], ["">>"", null], ["">>"", null], [""O_Accepted"", ""O_Accepted""], [""A_Pending"", ""A_Pending""], ["">>"", null], ["">>"", null], ["">>"", null], ["">>"", null], [""W_Validate application"", ""W_Validate application""], ["">>"", null], ["">>"", null], ["">>"", null], ["">>"", null], ["">>"", null], ["">>"", null], ["">>"", null], ["">>"", null], ["">>"", null]]",[],[]
"('A_Create Application', 'A_Concept', 'W_Complete application', 'W_Complete application', 'W_Complete application', 'W_Complete application', 'W_Complete application', 'A_Accepted', 'O_Create Offer', 'O_Created', 'O_Sent (mail and online)', 'W_Complete application', 'W_Call after offers', 'W_Call after offers', 'A_Complete', 'W_Call after offers', 'W_Call after offers', 'W_Validate application', 'W_Validate application', 'A_Validating', 'O_Returned', 'W_Validate application', 'W_Validate application', 'W_Call incomplete files', 'W_Call incomplete files', 'A_Incomplete', 'W_Call incomplete files', 'W_Call incomplete files', 'W_Call incomplete files', 'W_Call incomplete files', 'W_Validate application', 'W_Validate application', 'A_Validating', 'W_Validate application', 'O_Accepted', 'A_Pending', 'W_Validate application')",3,0,"[[""A_Create Application"", ""A_Create Application""], ["">>"", null], ["">>"", null], ["">>"", null], ["">>"", null], ["">>"", null], [""A_Concept"", ""A_Concept""], [""W_Complete application"", ""W_Complete application""], ["">>"", null], ["">>"", null], [""W_Complete application"", ""W_Complete application""], ["">>"", null], ["">>"", null], [""W_Complete application"", ""W_Complete application""], ["">>"", null], ["">>"", null], [""W_Complete application"", ""W_Complete application""], ["">>"", null], ["">>"", null], [""W_Complete application"", ""W_Complete application""], ["">>"", null], ["">>"", null], ["">>"", null], ["">>"", null], ["">>"", null], ["">>"", null], ["">>"", null], ["">>"", null], [""A_Accepted"", ""A_Accepted""], [""O_Create Offer"", ""O_Create Offer""], [""O_Created"", ""O_Created""], ["">>"", null], ["">>"", null], ["">>"", null], [""O_Sent (mail and online)"", ""O_Sent (mail and online)""], ["">>"", null], ["">>"", null], ["">>"", null], ["">>"", null], ["">>"", null], [""W_Complete application"", ""W_Complete application""], ["">>"", null], ["">>"", null], [""W_Call after offers"", ""W_Call after offers""], ["">>"", null], [""W_Call after offers"", ""W_Call after offers""], ["">>"", null], [""A_Complete"", ""A_Complete""], [""W_Call after offers"", ""W_Call after offers""], ["">>"", null], ["">>"", null], [""W_Call after offers"", ""W_Call after offers""], ["">>"", null], [""W_Validate application"", ""W_Validate application""], ["">>"", null], ["">>"", null], [""W_Validate application"", ""W_Validate application""], [""A_Validating"", ""A_Validating""], ["">>"", null], ["">>"", null], ["">>"", null], ["">>"", null], ["">>"", null], ["">>"", null], [""O_Returned"", ""O_Returned""], ["">>"", null], ["">>"", null], ["">>"", null], ["">>"", null], ["">>"", null], ["">>"", null], [""W_Validate application"", ""W_Validate application""], ["">>"", null], ["">>"", null], [""W_Validate application"", ""W_Validate application""], ["">>"", null], ["">>"", null], ["">>"", null], ["">>"", null], ["">>"", null], ["">>"", null], [""W_Call incomplete files"", ""W_Call incomplete files""], ["">>"", null], [""W_Call incomplete files"", ""W_Call incomplete files""], ["">>"", null], [""A_Incomplete"", ""A_Incomplete""], ["">>"", null], [""W_Call incomplete files"", ""W_Call incomplete files""], ["">>"", null], [""W_Call incomplete files"", ""W_Call incomplete files""], ["">>"", null], [""W_Call incomplete files"", ""W_Call incomplete files""], ["">>"", null], [""W_Call incomplete files"", ""W_Call incomplete files""], ["">>"", null], ["">>"", null], ["">>"", null], ["">>"", null], ["">>"", null], ["">>"", null], ["">>"", null], [""W_Validate application"", ""W_Validate application""], ["">>"", null], ["">>"", null], [""W_Validate application"", ""W_Validate application""], ["">>"", null], [""A_Validating"", ""A_Validating""], ["">>"", null], [""W_Validate application"", ""W_Validate application""], ["">>"", null], ["">>"", null], ["">>"", null], ["">>"", null], ["">>"", null], ["">>"", null], ["">>"", null], [""O_Accepted"", ""O_Accepted""], [""A_Pending"", ""A_Pending""], ["">>"", null], ["">>"", null], ["">>"", null], ["">>"", null], [""W_Validate application"", ""W_Validate application""], ["">>"", null], ["">>"", null], ["">>"", null], ["">>"", null], ["">>"", null], ["">>"", null], ["">>"", null], ["">>"", null], ["">>"", null]]",[],[]
"('A_Create Application', 'W_Complete application', 'W_Complete application', 'A_Concept', 'A_Accepted', 'O_Create Offer', 'O_Created', 'O_Sent (mail and online)', 'W_Complete application', 'W_Call after offers', 'W_Call after offers', 'A_Complete', 'W_Call after offers', 'W_Call after offers', 'W_Call after offers', 'W_Call after offers', 'W_Validate application', 'W_Validate application', 'A_Validating', 'O_Returned', 'W_Validate application', 'W_Validate application', 'W_Call incomplete files', 'W_Call incomplete files', 'A_Incomplete', 'W_Call incomplete files', 'W_Call incomplete files', 'W_Call incomplete files', 'O_Accepted', 'A_Pending', 'W_Call incomplete files')",170,0,"[[""A_Create Application"", ""A_Create Application""], ["">>"", null], ["">>"", null], ["">>"", null], ["">>"", null], ["">>"", null], [""W_Complete application"", ""W_Complete application""], ["">>"", null], ["">>"", null], [""W_Complete application"", ""W_Complete application""], ["">>"", null], [""A_Concept"", ""A_Concept""], [""A_Accepted"", ""A_Accepted""], ["">>"", null], ["">>"", null], ["">>"", null], ["">>"", null], ["">>"", null], ["">>"", null], ["">>"", null], [""O_Create Offer"", ""O_Create Offer""], [""O_Created"", ""O_Created""], ["">>"", null], ["">>"", null], ["">>"", null], [""O_Sent (mail and online)"", ""O_Sent (mail and online)""], ["">>"", null], ["">>"", null], ["">>"", null], ["">>"", null], ["">>"", null], [""W_Complete application"", ""W_Complete application""], ["">>"", null], ["">>"", null], [""W_Call after offers"", ""W_Call after offers""], ["">>"", null], [""W_Call after offers"", ""W_Call after offers""], ["">>"", null], [""A_Complete"", ""A_Complete""], ["">>"", null], [""W_Call after offers"", ""W_Call after offers""], ["">>"", null], ["">>"", null], [""W_Call after offers"", ""W_Call after offers""], ["">>"", null], [""W_Call after offers"", ""W_Call after offers""], ["">>"", null], [""W_Call after offers"", ""W_Call after offers""], ["">>"", null], ["">>"", null], [""W_Validate application"", ""W_Validate application""], ["">>"", null], ["">>"", null], [""W_Validate application"", ""W_Validate application""], [""A_Validating"", ""A_Validating""], ["">>"", null], ["">>"", null], ["">>"", null], ["">>"", null], ["">>"", null], ["">>"", null], [""O_Returned"", ""O_Returned""], ["">>"", null], ["">>"", null], ["">>"", null], ["">>"", null], ["">>"", null], ["">>"", null], [""W_Validate application"", ""W_Validate application""], ["">>"", null], ["">>"", null], [""W_Validate application"", ""W_Validate application""], ["">>"", null], ["">>"", null], ["">>"", null], ["">>"", null], ["">>"", null], ["">>"", null], [""W_Call incomplete files"", ""W_Call incomplete files""], ["">>"", null], [""W_Call incomplete files"", ""W_Call incomplete files""], ["">>"", null], [""A_Incomplete"", ""A_Incomplete""], ["">>"", null], ["">>"", null], [""W_Call incomplete files"", ""W_Call incomplete files""], ["">>"", null], [""W_Call incomplete files"", ""W_Call incomplete files""], ["">>"", null], [""W_Call incomplete files"", ""W_Call incomplete files""], ["">>"", null], [""O_Accepted"", ""O_Accepted""], [""A_Pending"", ""A_Pending""], [""W_Call incomplete files"", ""W_Call incomplete files""], ["">>"", null], ["">>"", null], ["">>"", null], ["">>"", null], ["">>"", null], ["">>"", null], ["">>"", null]]",[],[]
"('A_Create Application', 'W_Complete application', 'W_Complete application', 'A_Concept', 'A_Accepted', 'W_Complete application', 'W_Complete application', 'W_Complete application', 'O_Create Offer', 'O_Created', 'O_Sent (mail and online)', 'W_Complete application', 'W_Call after offers', 'W_Call after offers', 'A_Complete', 'W_Call after offers', 'W_Call after offers', 'W_Call after offers', 'W_Call after offers', 'W_Validate application', 'W_Validate application', 'A_Validating', 'W_Validate application', 'W_Validate application', 'W_Validate application', 'W_Validate application', 'W_Validate application', 'W_Validate application', 'W_Validate application', 'W_Validate application', 'W_Validate application', 'W_Validate application', 'W_Validate application', 'W_Validate application', 'O_Returned', 'O_Accepted', 'A_Pending', 'W_Validate application')",1,0,"[[""A_Create Application"", ""A_Create Application""], ["">>"", null], ["">>"", null], ["">>"", null], ["">>"", null], ["">>"", null], ["">>"", null], [""W_Complete application"", ""W_Complete application""], ["">>"", null], ["">>"", null], [""W_Complete application"", ""W_Complete application""], ["">>"", null], ["">>"", null], [""A_Concept"", ""A_Concept""], [""A_Accepted"", ""A_Accepted""], [""W_Complete application"", ""W_Complete application""], ["">>"", null], ["">>"", null], [""W_Complete application"", ""W_Complete application""], ["">>"", null], ["">>"", null], [""W_Complete application"", ""W_Complete application""], ["">>"", null], ["">>"", null], ["">>"", null], ["">>"", null], ["">>"", null], ["">>"", null], ["">>"", null], ["">>"", null], [""O_Create Offer"", ""O_Create Offer""], [""O_Created"", ""O_Created""], ["">>"", null], ["">>"", null], ["">>"", null], [""O_Sent (mail and online)"", ""O_Sent (mail and online)""], ["">>"", null], ["">>"", null], ["">>"", null], ["">>"", null], ["">>"", null], [""W_Complete application"", ""W_Complete application""], ["">>"", null], ["">>"", null], [""W_Call after offers"", ""W_Call after offers""], ["">>"", null], [""W_Call after offers"", ""W_Call after offers""], ["">>"", null], [""A_Complete"", ""A_Complete""], [""W_Call after offers"", ""W_Call after offers""], ["">>"", null], [""W_Call after offers"", ""W_Call after offers""], ["">>"", null], ["">>"", null], [""W_Call after offers"", ""W_Call after offers""], ["">>"", null], [""W_Call after offers"", ""W_Call after offers""], ["">>"", null], ["">>"", null], [""W_Validate application"", ""W_Validate application""], ["">>"", null], ["">>"", null], [""W_Validate application"", ""W_Validate application""], [""A_Validating"", ""A_Validating""], ["">>"", null], [""W_Validate application"", ""W_Validate application""], ["">>"", null], ["">>"", null], [""W_Validate application"", ""W_Validate application""], ["">>"", null], ["">>"", null], [""W_Validate application"", ""W_Validate application""], ["">>"", null], ["">>"", null], [""W_Validate application"", ""W_Validate application""], ["">>"", null], ["">>"", null], [""W_Validate application"", ""W_Validate application""], ["">>"", null], ["">>"", null], [""W_Validate application"", ""W_Validate application""], ["">>"", null], ["">>"", null], [""W_Validate application"", ""W_Validate application""], ["">>"", null], ["">>"", null], [""W_Validate application"", ""W_Validate application""], ["">>"", null], ["">>"", null], [""W_Validate application"", ""W_Validate application""], ["">>"", null], ["">>"", null], [""W_Validate application"", ""W_Validate application""], ["">>"", null], ["">>"", null], [""W_Validate application"", ""W_Validate application""], ["">>"", null], ["">>"", null], [""W_Validate application"", ""W_Validate application""], ["">>"", null], ["">>"", null], ["">>"", null], ["">>"", null], ["">>"", null], ["">>"", null], ["">>"", null], [""O_Returned"", ""O_Returned""], ["">>"", null], [""O_Accepted"", ""O_Accepted""], [""A_Pending"", ""A_Pending""], ["">>"", null], ["">>"", null], ["">>"", null], ["">>"", null], [""W_Validate application"", ""W_Validate application""], ["">>"", null], ["">>"", null], ["">>"", null], ["">>"", null], ["">>"", null], ["">>"", null], ["">>"", null], ["">>"", null], ["">>"", null]]",[],[]
"('A_Create Application', 'W_Complete application', 'W_Complete application', 'A_Concept', 'A_Accepted', 'O_Create Offer', 'O_Created', 'O_Sent (mail and online)', 'W_Complete application', 'W_Call after offers', 'W_Call after offers', 'A_Complete', 'W_Call after offers', 'W_Call after offers', 'W_Call after offers', 'A_Cancelled', 'O_Cancelled', 'W_Call after offers')",1021,0,"[[""A_Create Application"", ""A_Create Application""], ["">>"", null], ["">>"", null], ["">>"", null], ["">>"", null], ["">>"", null], [""W_Complete application"", ""W_Complete application""], ["">>"", null], ["">>"", null], [""W_Complete application"", ""W_Complete application""], ["">>"", null], ["">>"", null], [""A_Concept"", ""A_Concept""], [""A_Accepted"", ""A_Accepted""], ["">>"", null], ["">>"", null], ["">>"", null], ["">>"", null], ["">>"", null], ["">>"", null], [""O_Create Offer"", ""O_Create Offer""], [""O_Created"", ""O_Created""], ["">>"", null], ["">>"", null], ["">>"", null], [""O_Sent (mail and online)"", ""O_Sent (mail and online)""], ["">>"", null], ["">>"", null], ["">>"", null], ["">>"", null], ["">>"", null], [""W_Complete application"", ""W_Complete application""], ["">>"", null], ["">>"", null], [""W_Call after offers"", ""W_Call after offers""], ["">>"", null], [""W_Call after offers"", ""W_Call after offers""], ["">>"", null], [""A_Complete"", ""A_Complete""], [""W_Call after offers"", ""W_Call after offers""], ["">>"", null], ["">>"", null], [""W_Call after offers"", ""W_Call after offers""], ["">>"", null], [""W_Call after offers"", ""W_Call after offers""], ["">>"", null], ["">>"", null], ["">>"", null], [""A_Cancelled"", ""A_Cancelled""], ["">>"", null], ["">>"", null], ["">>"", null], [""O_Cancelled"", ""O_Cancelled""], ["">>"", null], ["">>"", null], ["">>"", null], [""W_Call after offers"", ""W_Call after offers""], ["">>"", null], ["">>"", null], ["">>"", null], ["">>"", null]]",[],[]
"('A_Create Application', 'A_Concept', 'W_Complete application', 'W_Complete application', 'W_Complete application', 'W_Complete application', 'W_Complete application', 'A_Accepted', 'O_Create Offer', 'O_Created', 'O_Sent (mail and online)', 'W_Complete application', 'W_Call after offers', 'W_Call after offers', 'A_Complete', 'W_Call after offers', 'W_Call after offers', 'W_Call after offers', 'W_Call after offers', 'W_Call after offers', 'W_Call after offers', 'W_Validate application', 'W_Validate application', 'A_Validating', 'O_Returned', 'W_Validate application', 'O_Accepted', 'A_Pending', 'W_Validate application')",7,0,"[[""A_Create Application"", ""A_Create Application""], ["">>"", null], ["">>"", null], ["">>"", null], ["">>"", null], ["">>"", null], [""A_Concept"", ""A_Concept""], [""W_Complete application"", ""W_Complete application""], ["">>"", null], ["">>"", null], [""W_Complete application"", ""W_Complete application""], ["">>"", null], ["">>"", null], [""W_Complete application"", ""W_Complete application""], ["">>"", null], ["">>"", null], [""W_Complete application"", ""W_Complete application""], ["">>"", null], ["">>"", null], [""W_Complete application"", ""W_Complete application""], ["">>"", null], [""A_Accepted"", ""A_Accepted""], ["">>"", null], ["">>"", null], ["">>"", null], ["">>"", null], ["">>"", null], ["">>"", null], ["">>"", null], [""O_Create Offer"", ""O_Create Offer""], [""O_Created"", ""O_Created""], ["">>"", null], ["">>"", null], ["">>"", null], [""O_Sent (mail and online)"", ""O_Sent (mail and online)""], ["">>"", null], ["">>"", null], ["">>"", null], ["">>"", null], ["">>"", null], ["">>"", null], [""W_Complete application"", ""W_Complete application""], ["">>"", null], ["">>"", null], [""W_Call after offers"", ""W_Call after offers""], ["">>"", null], [""W_Call after offers"", ""W_Call after offers""], [""A_Complete"", ""A_Complete""], ["">>"", null], [""W_Call after offers"", ""W_Call after offers""], ["">>"", null], ["">>"", null], [""W_Call after offers"", ""W_Call after offers""], ["">>"", null], [""W_Call after offers"", ""W_Call after offers""], ["">>"", null], [""W_Call after offers"", ""W_Call after offers""], ["">>"", null], [""W_Call after offers"", ""W_Call after offers""], ["">>"", null], [""W_Call after offers"", ""W_Call after offers""], ["">>"", null], ["">>"", null], [""W_Validate application"", ""W_Validate application""], ["">>"", null], ["">>"", null], [""W_Validate application"", ""W_Validate application""], [""A_Validating"", ""A_Validating""], ["">>"", null], ["">>"", null], ["">>"", null], ["">>"", null], ["">>"", null], ["">>"", null], [""O_Returned"", ""O_Returned""], ["">>"", null], ["">>"", null], ["">>"", null], ["">>"", null], ["">>"", null], ["">>"", null], [""W_Validate application"", ""W_Validate application""], ["">>"", null], ["">>"", null], ["">>"", null], ["">>"", null], ["">>"", null], ["">>"", null], ["">>"", null], [""O_Accepted"", ""O_Accepted""], [""A_Pending"", ""A_Pending""], ["">>"", null], ["">>"", null], ["">>"", null], ["">>"", null], [""W_Validate application"", ""W_Validate application""], ["">>"", null], ["">>"", null], ["">>"", null], ["">>"", null], ["">>"", null], ["">>"", null], ["">>"", null], ["">>"", null], ["">>"", null]]",[],[]
"('A_Create Application', 'W_Complete application', 'W_Complete application', 'A_Concept', 'A_Accepted', 'O_Create Offer', 'O_Created', 'O_Sent (mail and online)', 'W_Complete application', 'W_Call after offers', 'W_Call after offers', 'A_Complete', 'W_Call after offers', 'W_Call after offers', 'W_Call after offers', 'W_Call after offers', 'W_Validate application', 'W_Validate application', 'A_Validating', 'O_Returned', 'W_Validate application', 'W_Validate application', 'W_Call incomplete files', 'W_Call incomplete files', 'A_Incomplete', 'W_Call incomplete files', 'W_Call incomplete files', 'W_Call incomplete files', 'W_Call incomplete files', 'W_Call incomplete files', 'O_Create Offer', 'O_Created', 'O_Sent (mail and online)', 'W_Call incomplete files', 'W_Validate application', 'W_Validate application', 'A_Validating', 'W_Validate application', 'W_Validate application', 'W_Call incomplete files', 'W_Call incomplete files', 'A_Incomplete', 'W_Call incomplete files', 'W_Call incomplete files', 'W_Call incomplete files', 'W_Call incomplete files', 'W_Validate application', 'W_Validate application', 'A_Validating', 'W_Validate application', 'O_Returned', 'O_Accepted', 'A_Pending', 'W_Validate application', 'O_Cancelled')",1,0,"[[""A_Create Application"", ""A_Create Application""], ["">>"", null], ["">>"", null], ["">>"", null], ["">>"", null], ["">>"", null], [""W_Complete application"", ""W_Complete application""], ["">>"", null], ["">>"", null], [""W_Complete application"", ""W_Complete application""], ["">>"", null], ["">>"", null], ["">>"", null], ["">>"", null], [""A_Concept"", ""A_Concept""], ["">>"", null], ["">>"", null], ["">>"", null], ["">>"", null], [""A_Accepted"", ""A_Accepted""], [""O_Create Offer"", ""O_Create Offer""], [""O_Created"", ""O_Created""], ["">>"", null], ["">>"", null], ["">>"", null], [""O_Sent (mail and online)"", ""O_Sent (mail and online)""], ["">>"", null], ["">>"", null], ["">>"", null], ["">>"", null], ["">>"", null], [""W_Complete application"", ""W_Complete application""], ["">>"", null], ["">>"", null], [""W_Call after offers"", ""W_Call after offers""], ["">>"", null], [""W_Call after offers"", ""W_Call after offers""], ["">>"", null], [""A_Complete"", ""A_Complete""], ["">>"", null], [""W_Call after offers"", ""W_Call after offers""], ["">>"", null], [""W_Call after offers"", ""W_Call after offers""], ["">>"", null], [""W_Call after offers"", ""W_Call after offers""], ["">>"", null], [""W_Call after offers"", ""W_Call after offers""], ["">>"", null], [""W_Validate application"", ""W_Validate application""], ["">>"", null], ["">>"", null], ["">>"", null], [""W_Validate application"", ""W_Validate application""], [""A_Validating"", ""A_Validating""], ["">>"", null], ["">>"", null], ["">>"", null], ["">>"", null], ["">>"", null], ["">>"", null], [""O_Returned"", ""O_Returned""], ["">>"", null], ["">>"", null], ["">>"", null], ["">>"", null], ["">>"", null], ["">>"", null], [""W_Validate application"", ""W_Validate application""], ["">>"", null], ["">>"", null], [""W_Validate application"", ""W_Validate application""], ["">>"", null], ["">>"", null], ["">>"", null], ["">>"", null], ["">>"", null], ["">>"", null], [""W_Call incomplete files"", ""W_Call incomplete files""], ["">>"", null], [""W_Call incomplete files"", ""W_Call incomplete files""], ["">>"", null], [""A_Incomplete"", ""A_Incomplete""], ["">>"", null], [""W_Call incomplete files"", ""W_Call incomplete files""], ["">>"", null], [""W_Call incomplete files"", ""W_Call incomplete files""], ["">>"", null], [""W_Call incomplete files"", ""W_Call incomplete files""], ["">>"", null], [""W_Call incomplete files"", ""W_Call incomplete files""], ["">>"", null], [""W_Call incomplete files"", ""W_Call incomplete files""], ["">>"", null], [""O_Create Offer"", ""O_Create Offer""], [""O_Created"", ""O_Created""], ["">>"", null], ["">>"", null], ["">>"", null], [""O_Sent (mail and online)"", ""O_Sent (mail and online)""], ["">>"", null], ["">>"", null], [""W_Call incomplete files"", ""W_Call incomplete files""], ["">>"", null], ["">>"", null], ["">>"", null], ["">>"", null], ["">>"", null], ["">>"", null], [""W_Validate application"", ""W_Validate application""], ["">>"", null], ["">>"", null], ["">>"", null], [""W_Validate application"", ""W_Validate application""], [""A_Validating"", ""A_Validating""], ["">>"", null], [""W_Validate application"", ""W_Validate application""], ["">>"", null], ["">>"", null], [""W_Validate application"", ""W_Validate application""], ["">>"", null], ["">>"", null], ["">>"", null], ["">>"", null], ["">>"", null], ["">>"", null], [""W_Call incomplete files"", ""W_Call incomplete files""], ["">>"", null], [""W_Call incomplete files"", ""W_Call incomplete files""], ["">>"", null], [""A_Incomplete"", ""A_Incomplete""], ["">>"", null], [""W_Call incomplete files"", ""W_Call incomplete files""], ["">>"", null], [""W_Call incomplete files"", ""W_Call incomplete files""], ["">>"", null], [""W_Call incomplete files"", ""W_Call incomplete files""], ["">>"", null], [""W_Call incomplete files"", ""W_Call incomplete files""], ["">>"", null], ["">>"", null], ["">>"", null], ["">>"", null], ["">>"", null], ["">>"", null], [""W_Validate application"", ""W_Validate application""], ["">>"", null], ["">>"", null], [""W_Validate application"", ""W_Validate application""], [""A_Validating"", ""A_Validating""], ["">>"", null], [""W_Validate application"", ""W_Validate application""], ["">>"", null], ["">>"", null], ["">>"", null], ["">>"", null], ["">>"", null], ["">>"", null], ["">>"", null], [""O_Returned"", ""O_Returned""], ["">>"", null], [""O_Accepted"", ""O_Accepted""], [""A_Pending"", ""A_Pending""], ["">>"", null], ["">>"", null], ["">>"", null], ["">>"", null], [""W_Validate application"", ""W_Validate application""], ["">>"", null], ["">>"", null], ["">>"", null], ["">>"", null], ["">>"", null], ["">>"", null], [""O_Cancelled"", ""O_Cancelled""], ["">>"", null], ["">>"", null], ["">>"", null], ["">>"", null], ["">>"", null], ["">>"", null]]",[],[]
"('A_Create Application', 'A_Concept', 'W_Complete application', 'W_Complete application', 'A_Accepted', 'O_Create Offer', 'O_Created', 'O_Sent (mail and online)', 'W_Complete application', 'W_Call after offers', 'W_Call after offers', 'A_Complete', 'W_Call after offers', 'W_Call after offers', 'W_Call after offers', 'W_Call after offers', 'W_Validate application', 'W_Validate application', 'A_Validating', 'O_Returned', 'W_Validate application', 'W_Validate application', 'W_Validate application', 'O_Accepted', 'A_Pending', 'W_Validate application')",24,0,"[[""A_Create Application"", ""A_Create Application""], ["">>"", null], ["">>"", null], ["">>"", null], ["">>"", null], ["">>"", null], ["">>"", null], [""A_Concept"", ""A_Concept""], [""W_Complete application"", ""W_Complete application""], ["">>"", null], ["">>"", null], [""W_Complete application"", ""W_Complete application""], ["">>"", null], ["">>"", null], [""A_Accepted"", ""A_Accepted""], ["">>"", null], ["">>"", null], ["">>"", null], ["">>"", null], ["">>"", null], ["">>"", null], [""O_Create Offer"", ""O_Create Offer""], [""O_Created"", ""O_Created""], ["">>"", null], ["">>"", null], ["">>"", null], [""O_Sent (mail and online)"", ""O_Sent (mail and online)""], ["">>"", null], ["">>"", null], ["">>"", null], ["">>"", null], ["">>"", null], [""W_Complete application"", ""W_Complete application""], ["">>"", null], ["">>"", null], [""W_Call after offers"", ""W_Call after offers""], ["">>"", null], [""W_Call after offers"", ""W_Call after offers""], ["">>"", null], [""A_Complete"", ""A_Complete""], ["">>"", null], [""W_Call after offers"", ""W_Call after offers""], ["">>"", null], [""W_Call after offers"", ""W_Call after offers""], ["">>"", null], [""W_Call after offers"", ""W_Call after offers""], ["">>"", null], [""W_Call after offers"", ""W_Call after offers""], ["">>"", null], ["">>"", null], [""W_Validate application"", ""W_Validate application""], ["">>"", null], ["">>"", null], [""W_Validate application"", ""W_Validate application""], [""A_Validating"", ""A_Validating""], ["">>"", null], ["">>"", null], ["">>"", null], ["">>"", null], ["">>"", null], ["">>"", null], [""O_Returned"", ""O_Returned""], ["">>"", null], ["">>"", null], ["">>"", null], ["">>"", null], ["">>"", null], ["">>"", null], [""W_Validate application"", ""W_Validate application""], ["">>"", null], ["">>"", null], [""W_Validate application"", ""W_Validate application""], ["">>"", null], ["">>"", null], [""W_Validate application"", ""W_Validate application""], ["">>"", null], ["">>"", null], ["">>"", null], ["">>"", null], ["">>"", null], ["">>"", null], ["">>"", null], [""O_Accepted"", ""O_Accepted""], [""A_Pending"", ""A_Pending""], ["">>"", null], ["">>"", null], ["">>"", null], ["">>"", null], [""W_Validate application"", ""W_Validate application""], ["">>"", null], ["">>"", null], ["">>"", null], ["">>"", null], ["">>"", null], ["">>"", null], ["">>"", null], ["">>"", null], ["">>"", null]]",[],[]
"('A_Create Application', 'A_Submitted', 'W_Handle leads', 'W_Handle leads', 'W_Complete application', 'A_Concept', 'W_Complete application', 'W_Complete application', 'A_Accepted', 'O_Create Offer', 'O_Created', 'O_Sent (mail and online)', 'W_Complete application', 'W_Call after offers', 'W_Call after offers', 'A_Complete', 'W_Call after offers', 'W_Call after offers', 'W_Call after offers', 'W_Call after offers', 'W_Call after offers', 'W_Call after offers', 'W_Call after offers', 'W_Call after offers', 'W_Validate application', 'W_Validate application', 'A_Validating', 'O_Returned', 'W_Validate application', 'W_Validate application', 'W_Call incomplete files', 'W_Call incomplete files', 'A_Incomplete', 'W_Call incomplete files', 'W_Call incomplete files', 'W_Call incomplete files', 'W_Call incomplete files', 'W_Call incomplete files', 'O_Accepted', 'A_Pending', 'W_Call incomplete files')",1,0,"[[""A_Create Application"", ""A_Create Application""], [""A_Submitted"", ""A_Submitted""], ["">>"", null], ["">>"", null], [""W_Handle leads"", ""W_Handle leads""], ["">>"", null], [""W_Handle leads"", ""W_Handle leads""], ["">>"", null], ["">>"", null], ["">>"", null], [""W_Complete application"", ""W_Complete application""], ["">>"", null], ["">>"", null], [""A_Concept"", ""A_Concept""], [""W_Complete application"", ""W_Complete application""], ["">>"", null], ["">>"", null], [""W_Complete application"", ""W_Complete application""], ["">>"", null], ["">>"", null], ["">>"", null], ["">>"", null], ["">>"", null], ["">>"", null], ["">>"", null], [""A_Accepted"", ""A_Accepted""], [""O_Create Offer"", ""O_Create Offer""], [""O_Created"", ""O_Created""], ["">>"", null], ["">>"", null], ["">>"", null], [""O_Sent (mail and online)"", ""O_Sent (mail and online)""], ["">>"", null], ["">>"", null], ["">>"", null], ["">>"", null], ["">>"", null], ["">>"", null], [""W_Complete application"", ""W_Complete application""], ["">>"", null], ["">>"", null], [""W_Call after offers"", ""W_Call after offers""], ["">>"", null], [""W_Call after offers"", ""W_Call after offers""], ["">>"", null], [""A_Complete"", ""A_Complete""], ["">>"", null], ["">>"", null], [""W_Call after offers"", ""W_Call after offers""], ["">>"", null], [""W_Call after offers"", ""W_Call after offers""], ["">>"", null], [""W_Call after offers"", ""W_Call after offers""], ["">>"", null], [""W_Call after offers"", ""W_Call after offers""], ["">>"", null], [""W_Call after offers"", ""W_Call after offers""], ["">>"", null], [""W_Call after offers"", ""W_Call after offers""], ["">>"", null], [""W_Call after offers"", ""W_Call after offers""], ["">>"", null], [""W_Call after offers"", ""W_Call after offers""], ["">>"", null], ["">>"", null], [""W_Validate application"", ""W_Validate application""], ["">>"", null], ["">>"", null], [""W_Validate application"", ""W_Validate application""], [""A_Validating"", ""A_Validating""], ["">>"", null], ["">>"", null], ["">>"", null], ["">>"", null], ["">>"", null], ["">>"", null], [""O_Returned"", ""O_Returned""], ["">>"", null], ["">>"", null], ["">>"", null], ["">>"", null], ["">>"", null], ["">>"", null], [""W_Validate application"", ""W_Validate application""], ["">>"", null], ["">>"", null], [""W_Validate application"", ""W_Validate application""], ["">>"", null], ["">>"", null], ["">>"", null], ["">>"", null], ["">>"", null], [""W_Call incomplete files"", ""W_Call incomplete files""], ["">>"", null], [""W_Call incomplete files"", ""W_Call incomplete files""], ["">>"", null], ["">>"", null], [""A_Incomplete"", ""A_Incomplete""], ["">>"", null], ["">>"", null], [""W_Call incomplete files"", ""W_Call incomplete files""], ["">>"", null], [""W_Call incomplete files"", ""W_Call incomplete files""], ["">>"", null], [""W_Call incomplete files"", ""W_Call incomplete files""], ["">>"", null], [""W_Call incomplete files"", ""W_Call incomplete files""], ["">>"", null], [""W_Call incomplete files"", ""W_Call incomplete files""], ["">>"", null], [""O_Accepted"", ""O_Accepted""], [""A_Pending"", ""A_Pending""], [""W_Call incomplete files"", ""W_Call incomplete files""], ["">>"", null], ["">>"", null], ["">>"", null], ["">>"", null], ["">>"", null], ["">>"", null], ["">>"", null]]",[],[]
"('A_Create Application', 'A_Submitted', 'W_Handle leads', 'W_Handle leads', 'W_Complete application', 'A_Concept', 'W_Complete application', 'W_Complete application', 'W_Complete application', 'W_Complete application', 'W_Complete application', 'W_Complete application', 'W_Complete application', 'A_Accepted', 'W_Complete application', 'W_Complete application', 'W_Complete application', 'W_Complete application', 'W_Complete application', 'W_Complete application', 'W_Complete application', 'W_Complete application', 'O_Create Offer', 'O_Created', 'O_Sent (mail and online)', 'W_Complete application', 'W_Call after offers', 'W_Call after offers', 'A_Complete', 'W_Call after offers', 'W_Call after offers', 'W_Call after offers', 'W_Call after offers', 'W_Validate application', 'W_Validate application', 'A_Validating', 'O_Returned', 'W_Validate application', 'W_Validate application', 'W_Call incomplete files', 'W_Call incomplete files', 'A_Incomplete', 'W_Call incomplete files', 'W_Call incomplete files', 'W_Call incomplete files', 'W_Call incomplete files', 'W_Validate application', 'W_Validate application', 'A_Validating', 'W_Validate application', 'W_Validate application', 'W_Call incomplete files', 'W_Call incomplete files', 'A_Incomplete', 'W_Call incomplete files', 'W_Call incomplete files', 'W_Call incomplete files', 'O_Accepted', 'A_Pending', 'W_Call incomplete files')",1,0,"[[""A_Create Application"", ""A_Create Application""], [""A_Submitted"", ""A_Submitted""], ["">>"", null], ["">>"", null], [""W_Handle leads"", ""W_Handle leads""], ["">>"", null], [""W_Handle leads"", ""W_Handle leads""], ["">>"", null], ["">>"", null], ["">>"", null], [""W_Complete application"", ""W_Complete application""], [""A_Concept"", ""A_Concept""], ["">>"", null], ["">>"", null], [""W_Complete application"", ""W_Complete application""], ["">>"", null], ["">>"", null], [""W_Complete application"", ""W_Complete application""], ["">>"", null], ["">>"", null], [""W_Complete application"", ""W_Complete application""], ["">>"", null], ["">>"", null], [""W_Complete application"", ""W_Complete application""], ["">>"", null], ["">>"", null], [""W_Complete application"", ""W_Complete application""], ["">>"", null], ["">>"", null], [""W_Complete application"", ""W_Complete application""], ["">>"", null], ["">>"", null], [""W_Complete application"", ""W_Complete application""], ["">>"", null], ["">>"", null], [""A_Accepted"", ""A_Accepted""], [""W_Complete application"", ""W_Complete application""], ["">>"", null], ["">>"", null], [""W_Complete application"", ""W_Complete application""], ["">>"", null], ["">>"", null], [""W_Complete application"", ""W_Complete application""], ["">>"", null], ["">>"", null], [""W_Complete application"", ""W_Complete application""], ["">>"", null], ["">>"", null], [""W_Complete application"", ""W_Complete application""], ["">>"", null], ["">>"", null], [""W_Complete application"", ""W_Complete application""], ["">>"", null], ["">>"", null], [""W_Complete application"", ""W_Complete application""], ["">>"", null], ["">>"", null], [""W_Complete application"", ""W_Complete application""], ["">>"", null], ["">>"", null], ["">>"", null], ["">>"", null], ["">>"", null], ["">>"", null], [""O_Create Offer"", ""O_Create Offer""], ["">>"", null], [""O_Created"", ""O_Created""], ["">>"", null], ["">>"", null], ["">>"", null], [""O_Sent (mail and online)"", ""O_Sent (mail and online)""], ["">>"", null], ["">>"", null], ["">>"", null], ["">>"", null], ["">>"", null], ["">>"", null], [""W_Complete application"", ""W_Complete application""], ["">>"", null], ["">>"", null], [""W_Call after offers"", ""W_Call after offers""], ["">>"", null], [""W_Call after offers"", ""W_Call after offers""], ["">>"", null], [""A_Complete"", ""A_Complete""], ["">>"", null], [""W_Call after offers"", ""W_Call after offers""], ["">>"", null], ["">>"", null], [""W_Call after offers"", ""W_Call after offers""], ["">>"", null], [""W_Call after offers"", ""W_Call after offers""], ["">>"", null], [""W_Call after offers"", ""W_Call after offers""], ["">>"", null], [""W_Validate application"", ""W_Validate application""], ["">>"", null], ["">>"", null], [""W_Validate application"", ""W_Validate application""], [""A_Validating"", ""A_Validating""], ["">>"", null], ["">>"", null], ["">>"", null], ["">>"", null], ["">>"", null], ["">>"", null], ["">>"", null], [""O_Returned"", ""O_Returned""], ["">>"", null], ["">>"", null], ["">>"", null], ["">>"", null], ["">>"", null], ["">>"", null], [""W_Validate application"", ""W_Validate application""], ["">>"", null], ["">>"", null], [""W_Validate application"", ""W_Validate application""], ["">>"", null], ["">>"", null], ["">>"", null], ["">>"", null], ["">>"", null], ["">>"", null], [""W_Call incomplete files"", ""W_Call incomplete files""], ["">>"", null], [""W_Call incomplete files"", ""W_Call incomplete files""], ["">>"", null], [""A_Incomplete"", ""A_Incomplete""], ["">>"", null], [""W_Call incomplete files"", ""W_Call incomplete files""], ["">>"", null], [""W_Call incomplete files"", ""W_Call incomplete files""], ["">>"", null], [""W_Call incomplete files"", ""W_Call incomplete files""], ["">>"", null], [""W_Call incomplete files"", ""W_Call incomplete files""], ["">>"", null], ["">>"", null], ["">>"", null], ["">>"", null], ["">>"", null], ["">>"", null], [""W_Validate application"", ""W_Validate application""], ["">>"", null], ["">>"", null], [""W_Validate application"", ""W_Validate application""], [""A_Validating"", ""A_Validating""], ["">>"", null], [""W_Validate application"", ""W_Validate application""], ["">>"", null], ["">>"", null], [""W_Validate application"", ""W_Validate application""], ["">>"", null], ["">>"", null], ["">>"", null], ["">>"", null], ["">>"", null], [""W_Call incomplete files"", ""W_Call incomplete files""], ["">>"", null], [""W_Call incomplete files"", ""W_Call incomplete files""], ["">>"", null], ["">>"", null], [""A_Incomplete"", ""A_Incomplete""], ["">>"", null], ["">>"", null], [""W_Call incomplete files"", ""W_Call incomplete files""], ["">>"", null], [""W_Call incomplete files"", ""W_Call incomplete files""], ["">>"", null], [""W_Call incomplete files"", ""W_Call incomplete files""], ["">>"", null], [""O_Accepted"", ""O_Accepted""], [""A_Pending"", ""A_Pending""], [""W_Call incomplete files"", ""W_Call incomplete files""], ["">>"", null], ["">>"", null], ["">>"", null], ["">>"", null], ["">>"", null], ["">>"", null], ["">>"", null]]",[],[]
"('A_Create Application', 'A_Submitted', 'W_Handle leads', 'W_Handle leads', 'W_Complete application', 'A_Concept', 'W_Complete application', 'A_Accepted', 'O_Create Offer', 'O_Created', 'O_Sent (mail and online)', 'W_Complete application', 'W_Call after offers', 'W_Call after offers', 'A_Complete', 'W_Call after offers', 'O_Create Offer', 'O_Created', 'O_Sent (mail and online)', 'W_Call after offers', 'W_Validate application', 'W_Validate application', 'A_Validating', 'O_Returned', 'W_Validate application', 'W_Validate application', 'W_Validate application', 'W_Validate application', 'W_Validate application', 'W_Call incomplete files', 'W_Call incomplete files', 'A_Incomplete', 'W_Call incomplete files', 'W_Call incomplete files', 'W_Call incomplete files', 'W_Call incomplete files', 'W_Call incomplete files', 'W_Call incomplete files', 'W_Validate application', 'W_Validate application', 'A_Validating', 'W_Validate application', 'W_Validate application', 'W_Validate application', 'W_Call incomplete files', 'W_Call incomplete files', 'A_Incomplete', 'W_Call incomplete files', 'W_Call incomplete files', 'W_Call incomplete files', 'W_Call incomplete files', 'W_Validate application', 'W_Validate application', 'A_Validating', 'W_Validate application', 'W_Validate application', 'W_Validate application', 'O_Accepted', 'A_Pending', 'W_Validate application', 'O_Cancelled')",1,0,"[[""A_Create Application"", ""A_Create Application""], [""A_Submitted"", ""A_Submitted""], ["">>"", null], ["">>"", null], [""W_Handle leads"", ""W_Handle leads""], ["">>"", null], [""W_Handle leads"", ""W_Handle leads""], ["">>"", null], ["">>"", null], ["">>"", null], [""W_Complete application"", ""W_Complete application""], [""A_Concept"", ""A_Concept""], ["">>"", null], ["">>"", null], [""W_Complete application"", ""W_Complete application""], ["">>"", null], ["">>"", null], ["">>"", null], [""A_Accepted"", ""A_Accepted""], ["">>"", null], ["">>"", null], ["">>"", null], ["">>"", null], ["">>"", null], ["">>"", null], [""O_Create Offer"", ""O_Create Offer""], [""O_Created"", ""O_Created""], ["">>"", null], ["">>"", null], ["">>"", null], [""O_Sent (mail and online)"", ""O_Sent (mail and online)""], ["">>"", null], ["">>"", null], ["">>"", null], ["">>"", null], ["">>"", null], [""W_Complete application"", ""W_Complete application""], ["">>"", null], ["">>"", null], [""W_Call after offers"", ""W_Call after offers""], ["">>"", null], [""W_Call after offers"", ""W_Call after offers""], ["">>"", null], [""A_Complete"", ""A_Complete""], ["">>"", null], [""W_Call after offers"", ""W_Call after offers""], ["">>"", null], ["">>"", null], ["">>"", null], ["">>"", null], ["">>"", null], [""O_Create Offer"", ""O_Create Offer""], [""O_Created"", ""O_Created""], ["">>"", null], ["">>"", null], ["">>"", null], [""O_Sent (mail and online)"", ""O_Sent (mail and online)""], ["">>"", null], ["">>"", null], ["">>"", null], [""W_Call after offers"", ""W_Call after offers""], ["">>"", null], ["">>"", null], [""W_Validate application"", ""W_Validate application""], ["">>"", null], ["">>"", null], [""W_Validate application"", ""W_Validate application""], [""A_Validating"", ""A_Validating""], ["">>"", null], ["">>"", null], ["">>"", null], ["">>"", null], ["">>"", null], ["">>"", null], [""O_Returned"", ""O_Returned""], ["">>"", null], ["">>"", null], ["">>"", null], ["">>"", null], ["">>"", null], ["">>"", null], [""W_Validate application"", ""W_Validate application""], ["">>"", null], ["">>"", null], [""W_Validate application"", ""W_Validate application""], ["">>"", null], ["">>"", null], [""W_Validate application"", ""W_Validate application""], ["">>"", null], ["">>"", null], [""W_Validate application"", ""W_Validate application""], ["">>"", null], ["">>"", null], [""W_Validate application"", ""W_Validate application""], ["">>"", null], ["">>"", null], ["">>"", null], ["">>"", null], ["">>"", null], ["">>"", null], [""W_Call incomplete files"", ""W_Call incomplete files""], ["">>"", null], [""W_Call incomplete files"", ""W_Call incomplete files""], ["">>"", null], [""A_Incomplete"", ""A_Incomplete""], ["">>"", null], [""W_Call incomplete files"", ""W_Call incomplete files""], ["">>"", null], [""W_Call incomplete files"", ""W_Call incomplete files""], ["">>"", null], [""W_Call incomplete files"", ""W_Call incomplete files""], ["">>"", null], [""W_Call incomplete files"", ""W_Call incomplete files""], ["">>"", null], [""W_Call incomplete files"", ""W_Call incomplete files""], ["">>"", null], [""W_Call incomplete files"", ""W_Call incomplete files""], ["">>"", null], ["">>"", null], ["">>"", null], ["">>"", null], ["">>"", null], ["">>"", null], [""W_Validate application"", ""W_Validate application""], ["">>"", null], ["">>"", null], [""W_Validate application"", ""W_Validate application""], [""A_Validating"", ""A_Validating""], ["">>"", null], [""W_Validate application"", ""W_Validate application""], ["">>"", null], ["">>"", null], [""W_Validate application"", ""W_Validate application""], ["">>"", null], ["">>"", null], [""W_Validate application"", ""W_Validate application""], ["">>"", null], ["">>"", null], ["">>"", null], ["">>"", null], ["">>"", null], ["">>"", null], [""W_Call incomplete files"", ""W_Call incomplete files""], ["">>"", null], [""W_Call incomplete files"", ""W_Call incomplete files""], ["">>"", null], [""A_Incomplete"", ""A_Incomplete""], ["">>"", null], [""W_Call incomplete files"", ""W_Call incomplete files""], ["">>"", null], [""W_Call incomplete files"", ""W_Call incomplete files""], ["">>"", null], [""W_Call incomplete files"", ""W_Call incomplete files""], ["">>"", null], [""W_Call incomplete files"", ""W_Call incomplete files""], ["">>"", null], ["">>"", null], ["">>"", null], ["">>"", null], ["">>"", null], ["">>"", null], [""W_Validate application"", ""W_Validate application""], ["">>"", null], ["">>"", null], [""W_Validate application"", ""W_Validate application""], [""A_Validating"", ""A_Validating""], ["">>"", null], [""W_Validate application"", ""W_Validate application""], ["">>"", null], ["">>"", null], [""W_Validate application"", ""W_Validate application""], ["">>"", null], ["">>"", null], [""W_Validate application"", ""W_Validate application""], ["">>"", null], ["">>"", null], ["">>"", null], ["">>"", null], ["">>"", null], ["">>"", null], ["">>"", null], [""O_Accepted"", ""O_Accepted""], [""A_Pending"", ""A_Pending""], ["">>"", null], ["">>"", null], ["">>"", null], ["">>"", null], [""W_Validate application"", ""W_Validate application""], ["">>"", null], ["">>"", null], ["">>"", null], ["">>"", null], ["">>"", null], ["">>"", null], [""O_Cancelled"", ""O_Cancelled""], ["">>"", null], ["">>"", null], ["">>"", null], ["">>"", null], ["">>"", null], ["">>"", null]]",[],[]
"('A_Create Application', 'A_Submitted', 'W_Handle leads', 'W_Handle leads', 'W_Handle leads', 'W_Complete application', 'W_Complete application', 'A_Concept', 'W_Complete application', 'W_Complete application', 'A_Accepted', 'O_Create Offer', 'O_Created', 'W_Complete application', 'O_Sent (mail and online)', 'W_Complete application', 'W_Call after offers', 'W_Call after offers', 'A_Complete', 'W_Call after offers', 'W_Call after offers', 'W_Call after offers', 'A_Cancelled', 'O_Cancelled', 'W_Call after offers')",2,0,"[[""A_Create Application"", ""A_Create Application""], [""A_Submitted"", ""A_Submitted""], ["">>"", null], ["">>"", null], [""W_Handle leads"", ""W_Handle leads""], ["">>"", null], [""W_Handle leads"", ""W_Handle leads""], ["">>"", null], [""W_Handle leads"", ""W_Handle leads""], ["">>"", null], ["">>"", null], ["">>"", null], [""W_Complete application"", ""W_Complete application""], ["">>"", null], ["">>"", null], [""W_Complete application"", ""W_Complete application""], ["">>"", null], ["">>"", null], [""A_Concept"", ""A_Concept""], [""W_Complete application"", ""W_Complete application""], ["">>"", null], ["">>"", null], [""W_Complete application"", ""W_Complete application""], ["">>"", null], ["">>"", null], ["">>"", null], ["">>"", null], ["">>"", null], ["">>"", null], ["">>"", null], ["">>"", null], ["">>"", null], [""A_Accepted"", ""A_Accepted""], [""O_Create Offer"", ""O_Create Offer""], [""O_Created"", ""O_Created""], ["">>"", null], ["">>"", null], ["">>"", null], ["">>"", null], ["">>"", null], [""W_Complete application"", ""W_Complete application""], ["">>"", null], ["">>"", null], ["">>"", null], ["">>"", null], [""O_Sent (mail and online)"", ""O_Sent (mail and online)""], ["">>"", null], ["">>"", null], ["">>"", null], ["">>"", null], ["">>"", null], [""W_Complete application"", ""W_Complete application""], ["">>"", null], ["">>"", null], [""W_Call after offers"", ""W_Call after offers""], ["">>"", null], [""W_Call after offers"", ""W_Call after offers""], ["">>"", null], [""A_Complete"", ""A_Complete""], ["">>"", null], ["">>"", null], [""W_Call after offers"", ""W_Call after offers""], ["">>"", null], [""W_Call after offers"", ""W_Call after offers""], ["">>"", null], [""W_Call after offers"", ""W_Call after offers""], ["">>"", null], [""A_Cancelled"", ""A_Cancelled""], ["">>"", null], ["">>"", null], ["">>"", null], [""O_Cancelled"", ""O_Cancelled""], ["">>"", null], ["">>"", null], ["">>"", null], [""W_Call after offers"", ""W_Call after offers""], ["">>"", null], ["">>"", null], ["">>"", null], ["">>"", null]]",[],[]
"('A_Create Application', 'A_Submitted', 'W_Handle leads', 'W_Handle leads', 'W_Complete application', 'A_Concept', 'W_Complete application', 'W_Complete application', 'A_Accepted', 'O_Create Offer', 'O_Created', 'O_Sent (mail and online)', 'W_Complete application', 'W_Call after offers', 'W_Call after offers', 'A_Complete', 'W_Call after offers', 'W_Call after offers', 'W_Call after offers', 'W_Call after offers', 'W_Validate application', 'W_Validate application', 'A_Validating', 'O_Returned', 'W_Validate application', 'W_Validate application', 'W_Validate application', 'W_Validate application', 'W_Validate application', 'W_Validate application', 'W_Validate application', 'W_Validate application', 'W_Validate application', 'W_Call incomplete files', 'W_Call incomplete files', 'A_Incomplete', 'W_Call incomplete files', 'W_Call incomplete files', 'O_Create Offer', 'O_Created', 'O_Sent (online only)', 'W_Call incomplete files', 'W_Call incomplete files', 'W_Validate application', 'W_Validate application', 'A_Validating', 'W_Validate application', 'W_Validate application', 'W_Validate application', 'W_Validate application', 'W_Validate application', 'W_Validate application', 'W_Validate application', 'W_Validate application', 'W_Validate application', 'O_Returned', 'O_Accepted', 'A_Pending', 'W_Validate application', 'O_Cancelled')",1,0,"[[""A_Create Application"", ""A_Create Application""], [""A_Submitted"", ""A_Submitted""], ["">>"", null], ["">>"", null], [""W_Handle leads"", ""W_Handle leads""], ["">>"", null], [""W_Handle leads"", ""W_Handle leads""], ["">>"", null], ["">>"", null], ["">>"", null], [""W_Complete application"", ""W_Complete application""], ["">>"", null], ["">>"", null], [""A_Concept"", ""A_Concept""], [""W_Complete application"", ""W_Complete application""], ["">>"", null], ["">>"", null], [""W_Complete application"", ""W_Complete application""], ["">>"", null], ["">>"", null], ["">>"", null], ["">>"", null], ["">>"", null], [""A_Accepted"", ""A_Accepted""], ["">>"", null], ["">>"", null], ["">>"", null], [""O_Create Offer"", ""O_Create Offer""], [""O_Created"", ""O_Created""], ["">>"", null], ["">>"", null], ["">>"", null], [""O_Sent (mail and online)"", ""O_Sent (mail and online)""], ["">>"", null], ["">>"", null], ["">>"", null], ["">>"", null], ["">>"", null], [""W_Complete application"", ""W_Complete application""], ["">>"", null], ["">>"", null], [""W_Call after offers"", ""W_Call after offers""], ["">>"", null], [""W_Call after offers"", ""W_Call after offers""], ["">>"", null], [""A_Complete"", ""A_Complete""], ["">>"", null], [""W_Call after offers"", ""W_Call after offers""], ["">>"", null], [""W_Call after offers"", ""W_Call after offers""], ["">>"", null], [""W_Call after offers"", ""W_Call after offers""], ["">>"", null], [""W_Call after offers"", ""W_Call after offers""], ["">>"", null], [""W_Validate application"", ""W_Validate application""], ["">>"", null], ["">>"", null], [""W_Validate application"", ""W_Validate application""], [""A_Validating"", ""A_Validating""], ["">>"", null], ["">>"", null], ["">>"", null], ["">>"", null], ["">>"", null], ["">>"", null], [""O_Returned"", ""O_Returned""], ["">>"", null], ["">>"", null], ["">>"", null], ["">>"", null], ["">>"", null], ["">>"", null], [""W_Validate application"", ""W_Validate application""], ["">>"", null], ["">>"", null], [""W_Validate application"", ""W_Validate application""], ["">>"", null], ["">>"", null], [""W_Validate application"", ""W_Validate application""], ["">>"", null], ["">>"", null], [""W_Validate application"", ""W_Validate application""], ["">>"", null], ["">>"", null], [""W_Validate application"", ""W_Validate application""], ["">>"", null], ["">>"", null], [""W_Validate application"", ""W_Validate application""], ["">>"", null], ["">>"", null], [""W_Validate application"", ""W_Validate application""], ["">>"", null], ["">>"", null], [""W_Validate application"", ""W_Validate application""], ["">>"", null], ["">>"", null], [""W_Validate application"", ""W_Validate application""], ["">>"", null], ["">>"", null], ["">>"", null], ["">>"", null], ["">>"", null], ["">>"", null], [""W_Call incomplete files"", ""W_Call incomplete files""], ["">>"", null], [""W_Call incomplete files"", ""W_Call incomplete files""], ["">>"", null], [""A_Incomplete"", ""A_Incomplete""], ["">>"", null], [""W_Call incomplete files"", ""W_Call incomplete files""], ["">>"", null], [""W_Call incomplete files"", ""W_Call incomplete files""], ["">>"", null], [""O_Create Offer"", ""O_Create Offer""], [""O_Created"", ""O_Created""], ["">>"", null], ["">>"", null], ["">>"", null], [""O_Sent (online only)"", ""O_Sent (online only)""], ["">>"", null], ["">>"", null], [""W_Call incomplete files"", ""W_Call incomplete files""], ["">>"", null], [""W_Call incomplete files"", ""W_Call incomplete files""], ["">>"", null], ["">>"", null], ["">>"", null], ["">>"", null], ["">>"", null], ["">>"", null], [""W_Validate application"", ""W_Validate application""], ["">>"", null], ["">>"", null], ["">>"", null], [""W_Validate application"", ""W_Validate application""], [""A_Validating"", ""A_Validating""], ["">>"", null], ["">>"", null], [""W_Validate application"", ""W_Validate application""], ["">>"", null], ["">>"", null], [""W_Validate application"", ""W_Validate application""], ["">>"", null], ["">>"", null], [""W_Validate application"", ""W_Validate application""], ["">>"", null], ["">>"", null], [""W_Validate application"", ""W_Validate application""], ["">>"", null], ["">>"", null], [""W_Validate application"", ""W_Validate application""], ["">>"", null], ["">>"", null], [""W_Validate application"", ""W_Validate application""], ["">>"", null], ["">>"", null], [""W_Validate application"", ""W_Validate application""], ["">>"", null], ["">>"", null], [""W_Validate application"", ""W_Validate application""], ["">>"", null], ["">>"", null], [""W_Validate application"", ""W_Validate application""], ["">>"", null], ["">>"", null], ["">>"", null], ["">>"", null], ["">>"", null], ["">>"", null], ["">>"", null], [""O_Returned"", ""O_Returned""], ["">>"", null], [""O_Accepted"", ""O_Accepted""], [""A_Pending"", ""A_Pending""], ["">>"", null], ["">>"", null], ["">>"", null], ["">>"", null], [""W_Validate application"", ""W_Validate application""], ["">>"", null], ["">>"", null], ["">>"", null], ["">>"", null], ["">>"", null], ["">>"", null], [""O_Cancelled"", ""O_Cancelled""], ["">>"", null], ["">>"", null], ["">>"", null], ["">>"", null], ["">>"", null], ["">>"", null]]",[],[]
"('A_Create Application', 'A_Submitted', 'W_Handle leads', 'W_Handle leads', 'W_Complete application', 'A_Concept', 'W_Complete application', 'W_Complete application', 'W_Complete application', 'W_Complete application', 'W_Complete application', 'A_Accepted', 'O_Create Offer', 'O_Created', 'O_Sent (mail and online)', 'W_Complete application', 'W_Call after offers', 'W_Call after offers', 'A_Complete', 'W_Call after offers', 'W_Call after offers', 'W_Call after offers', 'W_Call after offers', 'W_Validate application', 'W_Validate application', 'A_Validating', 'O_Returned', 'W_Validate application', 'O_Accepted', 'A_Pending', 'W_Validate application')",40,0,"[[""A_Create Application"", ""A_Create Application""], [""A_Submitted"", ""A_Submitted""], ["">>"", null], ["">>"", null], ["">>"", null], [""W_Handle leads"", ""W_Handle leads""], ["">>"", null], [""W_Handle leads"", ""W_Handle leads""], ["">>"", null], ["">>"", null], ["">>"", null], [""W_Complete application"", ""W_Complete application""], [""A_Concept"", ""A_Concept""], ["">>"", null], ["">>"", null], [""W_Complete application"", ""W_Complete application""], ["">>"", null], ["">>"", null], [""W_Complete application"", ""W_Complete application""], ["">>"", null], ["">>"", null], [""W_Complete application"", ""W_Complete application""], ["">>"", null], ["">>"", null], [""W_Complete application"", ""W_Complete application""], ["">>"", null], ["">>"", null], [""W_Complete application"", ""W_Complete application""], ["">>"", null], ["">>"", null], ["">>"", null], ["">>"", null], ["">>"", null], ["">>"", null], ["">>"", null], ["">>"", null], [""A_Accepted"", ""A_Accepted""], [""O_Create Offer"", ""O_Create Offer""], [""O_Created"", ""O_Created""], ["">>"", null], ["">>"", null], ["">>"", null], [""O_Sent (mail and online)"", ""O_Sent (mail and online)""], ["">>"", null], ["">>"", null], ["">>"", null], ["">>"", null], ["">>"", null], [""W_Complete application"", ""W_Complete application""], ["">>"", null], ["">>"", null], [""W_Call after offers"", ""W_Call after offers""], ["">>"", null], [""W_Call after offers"", ""W_Call after offers""], ["">>"", null], [""A_Complete"", ""A_Complete""], [""W_Call after offers"", ""W_Call after offers""], ["">>"", null], ["">>"", null], [""W_Call after offers"", ""W_Call after offers""], ["">>"", null], [""W_Call after offers"", ""W_Call after offers""], ["">>"", null], [""W_Call after offers"", ""W_Call after offers""], ["">>"", null], ["">>"", null], [""W_Validate application"", ""W_Validate application""], ["">>"", null], ["">>"", null], [""W_Validate application"", ""W_Validate application""], [""A_Validating"", ""A_Validating""], ["">>"", null], ["">>"", null], ["">>"", null], ["">>"", null], ["">>"", null], ["">>"", null], [""O_Returned"", ""O_Returned""], ["">>"", null], ["">>"", null], ["">>"", null], ["">>"", null], ["">>"", null], ["">>"", null], [""W_Validate application"", ""W_Validate application""], ["">>"", null], ["">>"", null], ["">>"", null], ["">>"", null], ["">>"", null], ["">>"", null], ["">>"", null], [""O_Accepted"", ""O_Accepted""], [""A_Pending"", ""A_Pending""], ["">>"", null], ["">>"", null], ["">>"", null], ["">>"", null], [""W_Validate application"", ""W_Validate application""], ["">>"", null], ["">>"", null], ["">>"", null], ["">>"", null], ["">>"", null], ["">>"", null], ["">>"", null], ["">>"", null], ["">>"", null]]",[],[]
"('A_Create Application', 'A_Submitted', 'W_Handle leads', 'W_Handle leads', 'W_Complete application', 'A_Concept', 'W_Complete application', 'W_Complete application', 'W_Complete application', 'W_Complete application', 'W_Complete application', 'A_Accepted', 'O_Create Offer', 'O_Created', 'O_Sent (mail and online)', 'W_Complete application', 'W_Call after offers', 'W_Call after offers', 'A_Complete', 'W_Call after offers', 'W_Call after offers', 'W_Call after offers', 'W_Call after offers', 'W_Validate application', 'W_Validate application', 'A_Validating', 'O_Returned', 'W_Validate application', 'W_Validate application', 'W_Call incomplete files', 'W_Call incomplete files', 'A_Incomplete', 'W_Call incomplete files', 'W_Call incomplete files', 'W_Call incomplete files', 'W_Call incomplete files', 'W_Call incomplete files', 'O_Accepted', 'A_Pending', 'W_Call incomplete files')",4,0,"[[""A_Create Application"", ""A_Create Application""], [""A_Submitted"", ""A_Submitted""], ["">>"", null], ["">>"", null], [""W_Handle leads"", ""W_Handle leads""], ["">>"", null], [""W_Handle leads"", ""W_Handle leads""], ["">>"", null], ["">>"", null], ["">>"", null], [""W_Complete application"", ""W_Complete application""], ["">>"", null], ["">>"", null], [""A_Concept"", ""A_Concept""], [""W_Complete application"", ""W_Complete application""], ["">>"", null], ["">>"", null], [""W_Complete application"", ""W_Complete application""], ["">>"", null], ["">>"", null], [""W_Complete application"", ""W_Complete application""], ["">>"", null], ["">>"", null], [""W_Complete application"", ""W_Complete application""], ["">>"", null], ["">>"", null], [""W_Complete application"", ""W_Complete application""], ["">>"", null], [""A_Accepted"", ""A_Accepted""], ["">>"", null], ["">>"", null], ["">>"", null], ["">>"", null], ["">>"", null], ["">>"", null], [""O_Create Offer"", ""O_Create Offer""], [""O_Created"", ""O_Created""], ["">>"", null], ["">>"", null], ["">>"", null], [""O_Sent (mail and online)"", ""O_Sent (mail and online)""], ["">>"", null], ["">>"", null], ["">>"", null], ["">>"", null], ["">>"", null], ["">>"", null], ["">>"", null], [""W_Complete application"", ""W_Complete application""], ["">>"", null], ["">>"", null], [""W_Call after offers"", ""W_Call after offers""], ["">>"", null], [""W_Call after offers"", ""W_Call after offers""], ["">>"", null], [""A_Complete"", ""A_Complete""], [""W_Call after offers"", ""W_Call after offers""], ["">>"", null], [""W_Call after offers"", ""W_Call after offers""], ["">>"", null], [""W_Call after offers"", ""W_Call after offers""], ["">>"", null], [""W_Call after offers"", ""W_Call after offers""], ["">>"", null], ["">>"", null], ["">>"", null], [""W_Validate application"", ""W_Validate application""], ["">>"", null], ["">>"", null], [""W_Validate application"", ""W_Validate application""], [""A_Validating"", ""A_Validating""], ["">>"", null], ["">>"", null], ["">>"", null], ["">>"", null], ["">>"", null], ["">>"", null], [""O_Returned"", ""O_Returned""], ["">>"", null], ["">>"", null], ["">>"", null], ["">>"", null], ["">>"", null], ["">>"", null], [""W_Validate application"", ""W_Validate application""], ["">>"", null], ["">>"", null], [""W_Validate application"", ""W_Validate application""], ["">>"", null], ["">>"", null], ["">>"", null], ["">>"", null], ["">>"", null], ["">>"", null], [""W_Call incomplete files"", ""W_Call incomplete files""], ["">>"", null], [""W_Call incomplete files"", ""W_Call incomplete files""], ["">>"", null], [""A_Incomplete"", ""A_Incomplete""], ["">>"", null], ["">>"", null], [""W_Call incomplete files"", ""W_Call incomplete files""], ["">>"", null], [""W_Call incomplete files"", ""W_Call incomplete files""], ["">>"", null], [""W_Call incomplete files"", ""W_Call incomplete files""], ["">>"", null], [""W_Call incomplete files"", ""W_Call incomplete files""], ["">>"", null], [""W_Call incomplete files"", ""W_Call incomplete files""], ["">>"", null], [""O_Accepted"", ""O_Accepted""], [""A_Pending"", ""A_Pending""], [""W_Call incomplete files"", ""W_Call incomplete files""], ["">>"", null], ["">>"", null], ["">>"", null], ["">>"", null], ["">>"", null], ["">>"", null], ["">>"", null]]",[],[]
"('A_Create Application', 'A_Submitted', 'W_Handle leads', 'W_Handle leads', 'W_Complete application', 'A_Concept', 'W_Complete application', 'A_Accepted', 'O_Create Offer', 'O_Created', 'O_Sent (mail and online)', 'W_Complete application', 'W_Call after offers', 'W_Call after offers', 'A_Complete', 'W_Call after offers', 'W_Call after offers', 'W_Call after offers', 'O_Create Offer', 'O_Created', 'O_Sent (mail and online)', 'A_Cancelled', 'O_Cancelled', 'O_Cancelled', 'W_Call after offers')",51,0,"[[""A_Create Application"", ""A_Create Application""], [""A_Submitted"", ""A_Submitted""], ["">>"", null], ["">>"", null], ["">>"", null], [""W_Handle leads"", ""W_Handle leads""], ["">>"", null], [""W_Handle leads"", ""W_Handle leads""], ["">>"", null], ["">>"", null], ["">>"", null], [""W_Complete application"", ""W_Complete application""], ["">>"", null], ["">>"", null], [""A_Concept"", ""A_Concept""], [""W_Complete application"", ""W_Complete application""], ["">>"", null], [""A_Accepted"", ""A_Accepted""], ["">>"", null], ["">>"", null], ["">>"", null], ["">>"", null], ["">>"", null], ["">>"", null], [""O_Create Offer"", ""O_Create Offer""], [""O_Created"", ""O_Created""], ["">>"", null], ["">>"", null], ["">>"", null], [""O_Sent (mail and online)"", ""O_Sent (mail and online)""], ["">>"", null], ["">>"", null], ["">>"", null], ["">>"", null], ["">>"", null], ["">>"", null], [""W_Complete application"", ""W_Complete application""], ["">>"", null], ["">>"", null], [""W_Call after offers"", ""W_Call after offers""], ["">>"", null], [""W_Call after offers"", ""W_Call after offers""], ["">>"", null], [""A_Complete"", ""A_Complete""], ["">>"", null], [""W_Call after offers"", ""W_Call after offers""], ["">>"", null], [""W_Call after offers"", ""W_Call after offers""], ["">>"", null], [""W_Call after offers"", ""W_Call after offers""], ["">>"", null], ["">>"", null], ["">>"", null], ["">>"", null], ["">>"", null], [""O_Create Offer"", ""O_Create Offer""], [""O_Created"", ""O_Created""], ["">>"", null], ["">>"", null], ["">>"", null], [""O_Sent (mail and online)"", ""O_Sent (mail and online)""], ["">>"", null], ["">>"", null], ["">>"", null], ["">>"", null], [""A_Cancelled"", ""A_Cancelled""], ["">>"", null], ["">>"", null], ["">>"", null], [""O_Cancelled"", ""O_Cancelled""], ["">>"", null], ["">>"", null], ["">>"", null], [""O_Cancelled"", ""O_Cancelled""], ["">>"", null], ["">>"", null], ["">>"", null], [""W_Call after offers"", ""W_Call after offers""], ["">>"", null], ["">>"", null], ["">>"", null], ["">>"", null]]",[],[]
"('A_Create Application', 'A_Submitted', 'W_Handle leads', 'W_Handle leads', 'W_Complete application', 'A_Concept', 'W_Complete application', 'W_Complete application', 'A_Accepted', 'O_Create Offer', 'O_Created', 'O_Create Offer', 'O_Created', 'O_Sent (mail and online)', 'O_Sent (mail and online)', 'W_Complete application', 'W_Call after offers', 'W_Call after offers', 'A_Complete', 'W_Call after offers', 'O_Create Offer', 'O_Created', 'O_Create Offer', 'O_Created', 'O_Sent (mail and online)', 'O_Sent (mail and online)', 'W_Call after offers', 'W_Call after offers', 'O_Create Offer', 'O_Created', 'O_Sent (mail and online)', 'A_Cancelled', 'O_Cancelled', 'O_Cancelled', 'O_Cancelled', 'O_Cancelled', 'O_Cancelled', 'W_Call after offers')",1,0,"[[""A_Create Application"", ""A_Create Application""], [""A_Submitted"", ""A_Submitted""], ["">>"", null], ["">>"", null], [""W_Handle leads"", ""W_Handle leads""], ["">>"", null], [""W_Handle leads"", ""W_Handle leads""], ["">>"", null], ["">>"", null], ["">>"", null], [""W_Complete application"", ""W_Complete application""], ["">>"", null], ["">>"", null], [""A_Concept"", ""A_Concept""], [""W_Complete application"", ""W_Complete application""], ["">>"", null], ["">>"", null], [""W_Complete application"", ""W_Complete application""], ["">>"", null], ["">>"", null], ["">>"", null], ["">>"", null], ["">>"", null], ["">>"", null], ["">>"", null], ["">>"", null], [""A_Accepted"", ""A_Accepted""], [""O_Create Offer"", ""O_Create Offer""], [""O_Created"", ""O_Created""], ["">>"", null], ["">>"", null], ["">>"", null], ["">>"", null], ["">>"", null], ["">>"", null], ["">>"", null], [""O_Create Offer"", ""O_Create Offer""], [""O_Created"", ""O_Created""], ["">>"", null], ["">>"", null], ["">>"", null], [""O_Sent (mail and online)"", ""O_Sent (mail and online)""], ["">>"", null], ["">>"", null], ["">>"", null], [""O_Sent (mail and online)"", ""O_Sent (mail and online)""], ["">>"", null], ["">>"", null], ["">>"", null], ["">>"", null], ["">>"", null], ["">>"", null], [""W_Complete application"", ""W_Complete application""], ["">>"", null], ["">>"", null], [""W_Call after offers"", ""W_Call after offers""], ["">>"", null], [""W_Call after offers"", ""W_Call after offers""], ["">>"", null], [""A_Complete"", ""A_Complete""], ["">>"", null], [""W_Call after offers"", ""W_Call after offers""], ["">>"", null], ["">>"", null], ["">>"", null], ["">>"", null], ["">>"", null], [""O_Create Offer"", ""O_Create Offer""], [""O_Created"", ""O_Created""], ["">>"", null], ["">>"", null], ["">>"", null], ["">>"", null], ["">>"", null], ["">>"", null], ["">>"", null], [""O_Create Offer"", ""O_Create Offer""], [""O_Created"", ""O_Created""], ["">>"", null], ["">>"", null], ["">>"", null], [""O_Sent (mail and online)"", ""O_Sent (mail and online)""], ["">>"", null], ["">>"", null], ["">>"", null], [""O_Sent (mail and online)"", ""O_Sent (mail and online)""], ["">>"", null], ["">>"", null], ["">>"", null], [""W_Call after offers"", ""W_Call after offers""], ["">>"", null], [""W_Call after offers"", ""W_Call after offers""], ["">>"", null], [""O_Create Offer"", ""O_Create Offer""], [""O_Created"", ""O_Created""], ["">>"", null], ["">>"", null], ["">>"", null], [""O_Sent (mail and online)"", ""O_Sent (mail and online)""], ["">>"", null], ["">>"", null], ["">>"", null], ["">>"", null], [""A_Cancelled"", ""A_Cancelled""], ["">>"", null], ["">>"", null], ["">>"", null], [""O_Cancelled"", ""O_Cancelled""], ["">>"", null], ["">>"", null], ["">>"", null], [""O_Cancelled"", ""O_Cancelled""], ["">>"", null], ["">>"", null], ["">>"", null], [""O_Cancelled"", ""O_Cancelled""], ["">>"", null], ["">>"", null], ["">>"", null], [""O_Cancelled"", ""O_Cancelled""], ["">>"", null], ["">>"", null], ["">>"", null], [""O_Cancelled"", ""O_Cancelled""], ["">>"", null], ["">>"", null], ["">>"", null], [""W_Call after offers"", ""W_Call after offers""], ["">>"", null], ["">>"", null], ["">>"", null], ["">>"", null]]",[],[]
"('A_Create Application', 'A_Submitted', 'W_Handle leads', 'W_Handle leads', 'W_Handle leads', 'W_Complete application', 'W_Complete application', 'A_Concept', 'W_Complete application', 'W_Complete application', 'A_Accepted', 'O_Create Offer', 'O_Created', 'O_Sent (mail and online)', 'W_Complete application', 'W_Call after offers', 'W_Call after offers', 'A_Complete', 'W_Call after offers', 'W_Call after offers', 'W_Call after offers', 'W_Call after offers', 'W_Call after offers', 'W_Call after offers', 'W_Call after offers', 'W_Call after offers', 'W_Call after offers', 'W_Call after offers', 'W_Validate application', 'W_Validate application', 'A_Validating', 'O_Returned', 'W_Validate application', 'W_Validate application', 'W_Validate application', 'W_Validate application', 'W_Validate application', 'W_Validate application', 'W_Validate application', 'W_Validate application', 'W_Validate application', 'W_Validate application', 'W_Validate application', 'W_Call incomplete files', 'W_Call incomplete files', 'A_Incomplete', 'W_Call incomplete files', 'W_Call incomplete files', 'W_Call incomplete files', 'W_Call incomplete files', 'W_Call incomplete files', 'W_Call incomplete files', 'W_Call incomplete files', 'W_Call incomplete files', 'W_Call incomplete files', 'W_Call incomplete files', 'W_Call incomplete files', 'W_Call incomplete files', 'W_Call incomplete files', 'A_Cancelled', 'O_Cancelled', 'W_Call incomplete files')",1,0,"[[""A_Create Application"", ""A_Create Application""], [""A_Submitted"", ""A_Submitted""], ["">>"", null], ["">>"", null], ["">>"", null], [""W_Handle leads"", ""W_Handle leads""], ["">>"", null], [""W_Handle leads"", ""W_Handle leads""], ["">>"", null], [""W_Handle leads"", ""W_Handle leads""], ["">>"", null], ["">>"", null], ["">>"", null], [""W_Complete application"", ""W_Complete application""], ["">>"", null], ["">>"", null], [""W_Complete application"", ""W_Complete application""], ["">>"", null], ["">>"", null], [""A_Concept"", ""A_Concept""], [""W_Complete application"", ""W_Complete application""], ["">>"", null], ["">>"", null], [""W_Complete application"", ""W_Complete application""], ["">>"", null], ["">>"", null], ["">>"", null], ["">>"", null], ["">>"", null], ["">>"", null], ["">>"", null], ["">>"", null], [""A_Accepted"", ""A_Accepted""], [""O_Create Offer"", ""O_Create Offer""], [""O_Created"", ""O_Created""], ["">>"", null], ["">>"", null], ["">>"", null], [""O_Sent (mail and online)"", ""O_Sent (mail and online)""], ["">>"", null], ["">>"", null], ["">>"", null], ["">>"", null], ["">>"", null], [""W_Complete application"", ""W_Complete application""], ["">>"", null], ["">>"", null], [""W_Call after offers"", ""W_Call after offers""], ["">>"", null], [""W_Call after offers"", ""W_Call after offers""], ["">>"", null], [""A_Complete"", ""A_Complete""], [""W_Call after offers"", ""W_Call after offers""], ["">>"", null], ["">>"", null], ["">>"", null], [""W_Call after offers"", ""W_Call after offers""], ["">>"", null], [""W_Call after offers"", ""W_Call after offers""], ["">>"", null], [""W_Call after offers"", ""W_Call after offers""], ["">>"", null], [""W_Call after offers"", ""W_Call after offers""], ["">>"", null], [""W_Call after offers"", ""W_Call after offers""], ["">>"", null], [""W_Call after offers"", ""W_Call after offers""], ["">>"", null], [""W_Call after offers"", ""W_Call after offers""], ["">>"", null], [""W_Call after offers"", ""W_Call after offers""], ["">>"", null], [""W_Call after offers"", ""W_Call after offers""], ["">>"", null], [""W_Validate application"", ""W_Validate application""], ["">>"", null], ["">>"", null], [""W_Validate application"", ""W_Validate application""], [""A_Validating"", ""A_Validating""], ["">>"", null], ["">>"", null], ["">>"", null], ["">>"", null], ["">>"", null], ["">>"", null], [""O_Returned"", ""O_Returned""], ["">>"", null], ["">>"", null], ["">>"", null], ["">>"", null], ["">>"", null], ["">>"", null], [""W_Validate application"", ""W_Validate application""], ["">>"", null], ["">>"", null], [""W_Validate application"", ""W_Validate application""], ["">>"", null], ["">>"", null], [""W_Validate application"", ""W_Validate application""], ["">>"", null], ["">>"", null], [""W_Validate application"", ""W_Validate application""], ["">>"", null], ["">>"", null], [""W_Validate application"", ""W_Validate application""], ["">>"", null], ["">>"", null], [""W_Validate application"", ""W_Validate application""], ["">>"", null], ["">>"", null], [""W_Validate application"", ""W_Validate application""], ["">>"", null], ["">>"", null], [""W_Validate application"", ""W_Validate application""], ["">>"", null], ["">>"", null], [""W_Validate application"", ""W_Validate application""], ["">>"", null], ["">>"", null], [""W_Validate application"", ""W_Validate application""], ["">>"", null], ["">>"", null], [""W_Validate application"", ""W_Validate application""], ["">>"", null], ["">>"", null], ["">>"", null], ["">>"", null], ["">>"", null], [""W_Call incomplete files"", ""W_Call incomplete files""], ["">>"", null], [""W_Call incomplete files"", ""W_Call incomplete files""], ["">>"", null], ["">>"", null], [""A_Incomplete"", ""A_Incomplete""], ["">>"", null], ["">>"", null], [""W_Call incomplete files"", ""W_Call incomplete files""], ["">>"", null], [""W_Call incomplete files"", ""W_Call incomplete files""], ["">>"", null], [""W_Call incomplete files"", ""W_Call incomplete files""], ["">>"", null], [""W_Call incomplete files"", ""W_Call incomplete files""], ["">>"", null], [""W_Call incomplete files"", ""W_Call incomplete files""], ["">>"", null], [""W_Call incomplete files"", ""W_Call incomplete files""], ["">>"", null], [""W_Call incomplete files"", ""W_Call incomplete files""], ["">>"", null], [""W_Call incomplete files"", ""W_Call incomplete files""], ["">>"", null], [""W_Call incomplete files"", ""W_Call incomplete files""], ["">>"", null], [""W_Call incomplete files"", ""W_Call incomplete files""], ["">>"", null], [""W_Call incomplete files"", ""W_Call incomplete files""], ["">>"", null], [""W_Call incomplete files"", ""W_Call incomplete files""], ["">>"", null], [""W_Call incomplete files"", ""W_Call incomplete files""], ["">>"", null], ["">>"", null], ["">>"", null], ["">>"", null], ["">>"", null], [""A_Cancelled"", ""A_Cancelled""], ["">>"", null], ["">>"", null], ["">>"", null], [""O_Cancelled"", ""O_Cancelled""], ["">>"", null], ["">>"", null], ["">>"", null], [""W_Call incomplete files"", ""W_Call incomplete files""], ["">>"", null], ["">>"", null], ["">>"", null], ["">>"", null], ["">>"", null], ["">>"", null], ["">>"", null]]",[],[]
"('A_Create Application', 'A_Submitted', 'W_Handle leads', 'W_Handle leads', 'W_Handle leads', 'W_Complete application', 'W_Complete application', 'A_Concept', 'W_Complete application', 'W_Complete application', 'W_Complete application', 'A_Accepted', 'O_Create Offer', 'O_Created', 'O_Sent (mail and online)', 'W_Complete application', 'W_Call after offers', 'W_Call after offers', 'A_Complete', 'W_Call after offers', 'W_Call after offers', 'W_Call after offers', 'O_Create Offer', 'O_Created', 'O_Sent (mail and online)', 'A_Cancelled', 'O_Cancelled', 'O_Cancelled', 'W_Call after offers')",4,0,"[[""A_Create Application"", ""A_Create Application""], [""A_Submitted"", ""A_Submitted""], ["">>"", null], ["">>"", null], ["">>"", null], [""W_Handle leads"", ""W_Handle leads""], ["">>"", null], [""W_Handle leads"", ""W_Handle leads""], ["">>"", null], [""W_Handle leads"", ""W_Handle leads""], ["">>"", null], ["">>"", null], ["">>"", null], [""W_Complete application"", ""W_Complete application""], ["">>"", null], ["">>"", null], [""W_Complete application"", ""W_Complete application""], ["">>"", null], ["">>"", null], [""A_Concept"", ""A_Concept""], [""W_Complete application"", ""W_Complete application""], ["">>"", null], ["">>"", null], [""W_Complete application"", ""W_Complete application""], ["">>"", null], ["">>"", null], [""W_Complete application"", ""W_Complete application""], ["">>"", null], ["">>"", null], ["">>"", null], ["">>"", null], ["">>"", null], ["">>"", null], ["">>"", null], ["">>"", null], [""A_Accepted"", ""A_Accepted""], [""O_Create Offer"", ""O_Create Offer""], [""O_Created"", ""O_Created""], ["">>"", null], ["">>"", null], ["">>"", null], [""O_Sent (mail and online)"", ""O_Sent (mail and online)""], ["">>"", null], ["">>"", null], ["">>"", null], ["">>"", null], ["">>"", null], [""W_Complete application"", ""W_Complete application""], ["">>"", null], ["">>"", null], [""W_Call after offers"", ""W_Call after offers""], ["">>"", null], [""W_Call after offers"", ""W_Call after offers""], ["">>"", null], [""A_Complete"", ""A_Complete""], ["">>"", null], [""W_Call after offers"", ""W_Call after offers""], ["">>"", null], [""W_Call after offers"", ""W_Call after offers""], ["">>"", null], [""W_Call after offers"", ""W_Call after offers""], ["">>"", null], ["">>"", null], ["">>"", null], ["">>"", null], ["">>"", null], [""O_Create Offer"", ""O_Create Offer""], [""O_Created"", ""O_Created""], ["">>"", null], ["">>"", null], ["">>"", null], [""O_Sent (mail and online)"", ""O_Sent (mail and online)""], ["">>"", null], ["">>"", null], ["">>"", null], ["">>"", null], [""A_Cancelled"", ""A_Cancelled""], ["">>"", null], ["">>"", null], ["">>"", null], [""O_Cancelled"", ""O_Cancelled""], ["">>"", null], ["">>"", null], ["">>"", null], [""O_Cancelled"", ""O_Cancelled""], ["">>"", null], ["">>"", null], ["">>"", null], [""W_Call after offers"", ""W_Call after offers""], ["">>"", null], ["">>"", null], ["">>"", null], ["">>"", null]]",[],[]
"('A_Create Application', 'A_Submitted', 'W_Handle leads', 'W_Handle leads', 'W_Handle leads', 'W_Complete application', 'W_Complete application', 'A_Concept', 'W_Complete application', 'W_Complete application', 'W_Complete application', 'W_Complete application', 'W_Complete application', 'W_Complete application', 'A_Accepted', 'O_Create Offer', 'O_Created', 'O_Sent (mail and online)', 'W_Complete application', 'W_Call after offers', 'W_Call after offers', 'A_Complete', 'W_Call after offers', 'W_Call after offers', 'W_Call after offers', 'W_Call after offers', 'W_Validate application', 'W_Validate application', 'A_Validating', 'O_Returned', 'W_Validate application', 'W_Validate application', 'W_Validate application', 'W_Validate application', 'W_Validate application', 'W_Validate application', 'W_Validate application', 'W_Validate application', 'W_Validate application', 'W_Validate application', 'W_Validate application', 'W_Call incomplete files', 'W_Call incomplete files', 'A_Incomplete', 'W_Call incomplete files', 'W_Call incomplete files', 'W_Call incomplete files', 'W_Call incomplete files', 'W_Validate application', 'W_Validate application', 'A_Validating', 'W_Validate application', 'W_Validate application', 'W_Validate application', 'W_Validate application', 'W_Validate application', 'W_Validate application', 'W_Validate application', 'W_Call incomplete files', 'W_Call incomplete files', 'A_Incomplete', 'W_Call incomplete files', 'W_Call incomplete files', 'W_Call incomplete files', 'W_Call incomplete files', 'W_Validate application', 'W_Validate application', 'A_Validating', 'W_Validate application', 'W_Validate application', 'W_Validate application', 'W_Validate application', 'W_Validate application', 'W_Validate application', 'W_Validate application', 'W_Call incomplete files', 'W_Call incomplete files', 'A_Incomplete', 'W_Call incomplete files', 'W_Call incomplete files', 'W_Call incomplete files', 'W_Validate application', 'W_Validate application', 'A_Validating', 'W_Validate application', 'W_Validate application', 'O_Accepted', 'A_Pending', 'W_Validate application')",1,0,"[[""A_Create Application"", ""A_Create Application""], [""A_Submitted"", ""A_Submitted""], ["">>"", null], ["">>"", null], [""W_Handle leads"", ""W_Handle leads""], ["">>"", null], [""W_Handle leads"", ""W_Handle leads""], ["">>"", null], [""W_Handle leads"", ""W_Handle leads""], ["">>"", null], ["">>"", null], ["">>"", null], [""W_Complete application"", ""W_Complete application""], ["">>"", null], ["">>"", null], [""W_Complete application"", ""W_Complete application""], ["">>"", null], ["">>"", null], [""A_Concept"", ""A_Concept""], [""W_Complete application"", ""W_Complete application""], ["">>"", null], ["">>"", null], [""W_Complete application"", ""W_Complete application""], ["">>"", null], ["">>"", null], [""W_Complete application"", ""W_Complete application""], ["">>"", null], ["">>"", null], [""W_Complete application"", ""W_Complete application""], ["">>"", null], ["">>"", null], [""W_Complete application"", ""W_Complete application""], ["">>"", null], ["">>"", null], [""W_Complete application"", ""W_Complete application""], ["">>"", null], [""A_Accepted"", ""A_Accepted""], ["">>"", null], ["">>"", null], ["">>"", null], ["">>"", null], ["">>"", null], ["">>"", null], [""O_Create Offer"", ""O_Create Offer""], [""O_Created"", ""O_Created""], ["">>"", null], ["">>"", null], ["">>"", null], [""O_Sent (mail and online)"", ""O_Sent (mail and online)""], ["">>"", null], ["">>"", null], ["">>"", null], ["">>"", null], ["">>"", null], ["">>"", null], ["">>"", null], [""W_Complete application"", ""W_Complete application""], ["">>"", null], ["">>"", null], [""W_Call after offers"", ""W_Call after offers""], ["">>"", null], [""W_Call after offers"", ""W_Call after offers""], ["">>"", null], [""A_Complete"", ""A_Complete""], [""W_Call after offers"", ""W_Call after offers""], ["">>"", null], [""W_Call after offers"", ""W_Call after offers""], ["">>"", null], [""W_Call after offers"", ""W_Call after offers""], ["">>"", null], ["">>"", null], [""W_Call after offers"", ""W_Call after offers""], ["">>"", null], [""W_Validate application"", ""W_Validate application""], ["">>"", null], ["">>"", null], [""W_Validate application"", ""W_Validate application""], [""A_Validating"", ""A_Validating""], ["">>"", null], ["">>"", null], ["">>"", null], ["">>"", null], ["">>"", null], ["">>"", null], [""O_Returned"", ""O_Returned""], ["">>"", null], ["">>"", null], ["">>"", null], ["">>"", null], ["">>"", null], ["">>"", null], [""W_Validate application"", ""W_Validate application""], ["">>"", null], ["">>"", null], [""W_Validate application"", ""W_Validate application""], ["">>"", null], ["">>"", null], [""W_Validate application"", ""W_Validate application""], ["">>"", null], ["">>"", null], [""W_Validate application"", ""W_Validate application""], ["">>"", null], ["">>"", null], [""W_Validate application"", ""W_Validate application""], ["">>"", null], ["">>"", null], [""W_Validate application"", ""W_Validate application""], ["">>"", null], ["">>"", null], [""W_Validate application"", ""W_Validate application""], ["">>"", null], ["">>"", null], [""W_Validate application"", ""W_Validate application""], ["">>"", null], ["">>"", null], [""W_Validate application"", ""W_Validate application""], ["">>"", null], ["">>"", null], [""W_Validate application"", ""W_Validate application""], ["">>"", null], ["">>"", null], [""W_Validate application"", ""W_Validate application""], ["">>"", null], ["">>"", null], ["">>"", null], ["">>"", null], ["">>"", null], ["">>"", null], [""W_Call incomplete files"", ""W_Call incomplete files""], ["">>"", null], [""W_Call incomplete files"", ""W_Call incomplete files""], ["">>"", null], [""A_Incomplete"", ""A_Incomplete""], ["">>"", null], [""W_Call incomplete files"", ""W_Call incomplete files""], ["">>"", null], [""W_Call incomplete files"", ""W_Call incomplete files""], ["">>"", null], [""W_Call incomplete files"", ""W_Call incomplete files""], ["">>"", null], [""W_Call incomplete files"", ""W_Call incomplete files""], ["">>"", null], ["">>"", null], ["">>"", null], ["">>"", null], ["">>"", null], ["">>"", null], [""W_Validate application"", ""W_Validate application""], ["">>"", null], ["">>"", null], [""W_Validate application"", ""W_Validate application""], [""A_Validating"", ""A_Validating""], ["">>"", null], ["">>"", null], [""W_Validate application"", ""W_Validate application""], ["">>"", null], ["">>"", null], [""W_Validate application"", ""W_Validate application""], ["">>"", null], ["">>"", null], [""W_Validate application"", ""W_Validate application""], ["">>"", null], ["">>"", null], [""W_Validate application"", ""W_Validate application""], ["">>"", null], ["">>"", null], [""W_Validate application"", ""W_Validate application""], ["">>"", null], ["">>"", null], [""W_Validate application"", ""W_Validate application""], ["">>"", null], ["">>"", null], [""W_Validate application"", ""W_Validate application""], ["">>"", null], ["">>"", null], ["">>"", null], ["">>"", null], ["">>"", null], [""W_Call incomplete files"", ""W_Call incomplete files""], ["">>"", null], ["">>"", null], [""W_Call incomplete files"", ""W_Call incomplete files""], ["">>"", null], [""A_Incomplete"", ""A_Incomplete""], ["">>"", null], [""W_Call incomplete files"", ""W_Call incomplete files""], ["">>"", null], [""W_Call incomplete files"", ""W_Call incomplete files""], ["">>"", null], [""W_Call incomplete files"", ""W_Call incomplete files""], ["">>"", null], [""W_Call incomplete files"", ""W_Call incomplete files""], ["">>"", null], ["">>"", null], ["">>"", null], ["">>"", null], ["">>"", null], ["">>"", null], [""W_Validate application"", ""W_Validate application""], ["">>"", null], ["">>"", null], [""W_Validate application"", ""W_Validate application""], [""A_Validating"", ""A_Validating""], ["">>"", null], [""W_Validate application"", ""W_Validate application""], ["">>"", null], ["">>"", null], [""W_Validate application"", ""W_Validate application""], ["">>"", null], ["">>"", null], [""W_Validate application"", ""W_Validate application""], ["">>"", null], ["">>"", null], [""W_Validate application"", ""W_Validate application""], ["">>"", null], ["">>"", null], [""W_Validate application"", ""W_Validate application""], ["">>"", null], ["">>"", null], [""W_Validate application"", ""W_Validate application""], ["">>"", null], ["">>"", null], [""W_Validate application"", ""W_Validate application""], ["">>"", null], ["">>"", null], ["">>"", null], ["">>"", null], ["">>"", null], [""W_Call incomplete files"", ""W_Call incomplete files""], ["">>"", null], ["">>"", null], [""W_Call incomplete files"", ""W_Call incomplete files""], ["">>"", null], [""A_Incomplete"", ""A_Incomplete""], ["">>"", null], [""W_Call incomplete files"", ""W_Call incomplete files""], ["">>"", null], [""W_Call incomplete files"", ""W_Call incomplete files""], ["">>"", null], [""W_Call incomplete files"", ""W_Call incomplete files""], ["">>"", null], ["">>"", null], ["">>"", null], ["">>"", null], ["">>"", null], ["">>"", null], [""W_Validate application"", ""W_Validate application""], ["">>"", null], ["">>"", null], [""W_Validate application"", ""W_Validate application""], [""A_Validating"", ""A_Validating""], ["">>"", null], [""W_Validate application"", ""W_Validate application""], ["">>"", null], ["">>"", null], [""W_Validate application"", ""W_Validate application""], ["">>"", null], ["">>"", null], ["">>"", null], ["">>"", null], ["">>"", null], ["">>"", null], ["">>"", null], [""O_Accepted"", ""O_Accepted""], [""A_Pending"", ""A_Pending""], ["">>"", null], ["">>"", null], ["">>"", null], ["">>"", null], [""W_Validate application"", ""W_Validate application""], ["">>"", null], ["">>"", null], ["">>"", null], ["">>"", null], ["">>"", null], ["">>"", null], ["">>"", null], ["">>"", null], ["">>"", null]]",[],[]
"('A_Create Application', 'A_Submitted', 'W_Handle leads', 'W_Handle leads', 'W_Complete application', 'A_Concept', 'W_Complete application', 'W_Complete application', 'W_Complete application', 'A_Accepted', 'O_Create Offer', 'O_Created', 'W_Complete application', 'O_Sent (mail and online)', 'W_Complete application', 'W_Call after offers', 'W_Call after offers', 'A_Complete', 'W_Call after offers', 'O_Create Offer', 'O_Created', 'O_Sent (mail and online)', 'W_Call after offers', 'W_Call after offers', 'W_Call after offers', 'W_Validate application', 'W_Validate application', 'A_Validating', 'O_Returned', 'W_Validate application', 'O_Accepted', 'A_Pending', 'W_Validate application', 'O_Cancelled')",1,0,"[[""A_Create Application"", ""A_Create Application""], [""A_Submitted"", ""A_Submitted""], ["">>"", null], ["">>"", null], [""W_Handle leads"", ""W_Handle leads""], ["">>"", null], [""W_Handle leads"", ""W_Handle leads""], ["">>"", null], ["">>"", null], ["">>"", null], [""W_Complete application"", ""W_Complete application""], ["">>"", null], ["">>"", null], [""A_Concept"", ""A_Concept""], [""W_Complete application"", ""W_Complete application""], ["">>"", null], ["">>"", null], [""W_Complete application"", ""W_Complete application""], ["">>"", null], ["">>"", null], [""W_Complete application"", ""W_Complete application""], ["">>"", null], ["">>"", null], ["">>"", null], ["">>"", null], ["">>"", null], ["">>"", null], ["">>"", null], ["">>"", null], ["">>"", null], [""A_Accepted"", ""A_Accepted""], [""O_Create Offer"", ""O_Create Offer""], [""O_Created"", ""O_Created""], ["">>"", null], ["">>"", null], ["">>"", null], ["">>"", null], ["">>"", null], [""W_Complete application"", ""W_Complete application""], ["">>"", null], ["">>"", null], ["">>"", null], ["">>"", null], [""O_Sent (mail and online)"", ""O_Sent (mail and online)""], ["">>"", null], ["">>"", null], ["">>"", null], ["">>"", null], ["">>"", null], [""W_Complete application"", ""W_Complete application""], ["">>"", null], ["">>"", null], [""W_Call after offers"", ""W_Call after offers""], ["">>"", null], [""W_Call after offers"", ""W_Call after offers""], ["">>"", null], [""A_Complete"", ""A_Complete""], ["">>"", null], ["">>"", null], ["">>"", null], ["">>"", null], ["">>"", null], [""W_Call after offers"", ""W_Call after offers""], ["">>"", null], [""O_Create Offer"", ""O_Create Offer""], [""O_Created"", ""O_Created""], ["">>"", null], ["">>"", null], ["">>"", null], [""O_Sent (mail and online)"", ""O_Sent (mail and online)""], ["">>"", null], ["">>"", null], ["">>"", null], [""W_Call after offers"", ""W_Call after offers""], ["">>"", null], [""W_Call after offers"", ""W_Call after offers""], ["">>"", null], [""W_Call after offers"", ""W_Call after offers""], ["">>"", null], ["">>"", null], [""W_Validate application"", ""W_Validate application""], ["">>"", null], ["">>"", null], [""W_Validate application"", ""W_Validate application""], [""A_Validating"", ""A_Validating""], ["">>"", null], ["">>"", null], ["">>"", null], ["">>"", null], ["">>"", null], ["">>"", null], [""O_Returned"", ""O_Returned""], ["">>"", null], ["">>"", null], ["">>"", null], ["">>"", null], ["">>"", null], ["">>"", null], [""W_Validate application"", ""W_Validate application""], ["">>"", null], ["">>"", null], ["">>"", null], ["">>"", null], ["">>"", null], ["">>"", null], ["">>"", null], [""O_Accepted"", ""O_Accepted""], [""A_Pending"", ""A_Pending""], ["">>"", null], ["">>"", null], ["">>"", null], ["">>"", null], [""W_Validate application"", ""W_Validate application""], ["">>"", null], ["">>"", null], ["">>"", null], ["">>"", null], ["">>"", null], ["">>"", null], [""O_Cancelled"", ""O_Cancelled""], ["">>"", null], ["">>"", null], ["">>"", null], ["">>"", null], ["">>"", null], ["">>"", null]]",[],[]
"('A_Create Application', 'A_Submitted', 'W_Handle leads', 'W_Handle leads', 'W_Complete application', 'A_Concept', 'W_Complete application', 'W_Complete application', 'W_Complete application', 'W_Complete application', 'W_Complete application', 'A_Accepted', 'W_Complete application', 'W_Complete application', 'O_Create Offer', 'O_Created', 'O_Sent (mail and online)', 'W_Complete application', 'W_Call after offers', 'W_Call after offers', 'A_Complete', 'W_Call after offers', 'W_Call after offers', 'W_Call after offers', 'W_Call after offers', 'W_Validate application', 'W_Validate application', 'A_Validating', 'O_Returned', 'W_Validate application', 'W_Validate application', 'W_Validate application', 'W_Validate application', 'W_Validate application', 'W_Validate application', 'W_Validate application', 'W_Validate application', 'W_Validate application', 'W_Validate application', 'W_Validate application', 'W_Call incomplete files', 'W_Call incomplete files', 'A_Incomplete', 'W_Call incomplete files', 'W_Call incomplete files', 'W_Call incomplete files', 'W_Call incomplete files', 'W_Call incomplete files', 'W_Call incomplete files', 'W_Call incomplete files', 'W_Call incomplete files', 'W_Call incomplete files', 'W_Call incomplete files', 'W_Call incomplete files', 'W_Call incomplete files', 'W_Call incomplete files', 'W_Call incomplete files', 'W_Call incomplete files', 'W_Call incomplete files', 'W_Validate application', 'W_Validate application', 'A_Validating', 'W_Validate application', 'W_Validate application', 'W_Validate application', 'W_Validate application', 'W_Validate application', 'W_Validate application', 'W_Call incomplete files', 'W_Call incomplete files', 'A_Incomplete', 'W_Call incomplete files', 'W_Call incomplete files', 'W_Call incomplete files', 'W_Call incomplete files', 'W_Call incomplete files', 'W_Call incomplete files', 'W_Call incomplete files', 'W_Call incomplete files', 'W_Call incomplete files', 'W_Call incomplete files', 'W_Call incomplete files', 'W_Call incomplete files', 'W_Call incomplete files', 'W_Call incomplete files', 'W_Call incomplete files', 'W_Call incomplete files', 'W_Call incomplete files', 'W_Call incomplete files', 'W_Call incomplete files', 'W_Call incomplete files', 'W_Call incomplete files', 'W_Call incomplete files', 'W_Call incomplete files', 'W_Call incomplete files', 'W_Call incomplete files', 'W_Call incomplete files', 'W_Call incomplete files', 'W_Call incomplete files', 'A_Cancelled', 'O_Cancelled', 'W_Call incomplete files')",1,0,"[[""A_Create Application"", ""A_Create Application""], [""A_Submitted"", ""A_Submitted""], ["">>"", null], ["">>"", null], [""W_Handle leads"", ""W_Handle leads""], ["">>"", null], [""W_Handle leads"", ""W_Handle leads""], ["">>"", null], ["">>"", null], ["">>"", null], [""W_Complete application"", ""W_Complete application""], ["">>"", null], ["">>"", null], [""A_Concept"", ""A_Concept""], [""W_Complete application"", ""W_Complete application""], ["">>"", null], ["">>"", null], [""W_Complete application"", ""W_Complete application""], ["">>"", null], ["">>"", null], [""W_Complete application"", ""W_Complete application""], ["">>"", null], ["">>"", null], [""W_Complete application"", ""W_Complete application""], ["">>"", null], ["">>"", null], [""W_Complete application"", ""W_Complete application""], ["">>"", null], ["">>"", null], [""A_Accepted"", ""A_Accepted""], [""W_Complete application"", ""W_Complete application""], ["">>"", null], ["">>"", null], [""W_Complete application"", ""W_Complete application""], ["">>"", null], ["">>"", null], ["">>"", null], ["">>"", null], ["">>"", null], ["">>"", null], ["">>"", null], ["">>"", null], [""O_Create Offer"", ""O_Create Offer""], [""O_Created"", ""O_Created""], ["">>"", null], ["">>"", null], ["">>"", null], [""O_Sent (mail and online)"", ""O_Sent (mail and online)""], ["">>"", null], ["">>"", null], ["">>"", null], ["">>"", null], ["">>"", null], [""W_Complete application"", ""W_Complete application""], ["">>"", null], ["">>"", null], [""W_Call after offers"", ""W_Call after offers""], ["">>"", null], [""W_Call after offers"", ""W_Call after offers""], ["">>"", null], [""A_Complete"", ""A_Complete""], ["">>"", null], ["">>"", null], ["">>"", null], [""W_Call after offers"", ""W_Call after offers""], ["">>"", null], [""W_Call after offers"", ""W_Call after offers""], ["">>"", null], [""W_Call after offers"", ""W_Call after offers""], ["">>"", null], [""W_Call after offers"", ""W_Call after offers""], [""W_Validate application"", ""W_Validate application""], ["">>"", null], ["">>"", null], [""W_Validate application"", ""W_Validate application""], [""A_Validating"", ""A_Validating""], ["">>"", null], ["">>"", null], ["">>"", null], ["">>"", null], ["">>"", null], ["">>"", null], ["">>"", null], [""O_Returned"", ""O_Returned""], ["">>"", null], ["">>"", null], ["">>"", null], ["">>"", null], ["">>"", null], ["">>"", null], [""W_Validate application"", ""W_Validate application""], ["">>"", null], ["">>"", null], [""W_Validate application"", ""W_Validate application""], ["">>"", null], ["">>"", null], [""W_Validate application"", ""W_Validate application""], ["">>"", null], ["">>"", null], [""W_Validate application"", ""W_Validate application""], ["">>"", null], ["">>"", null], [""W_Validate application"", ""W_Validate application""], ["">>"", null], ["">>"", null], [""W_Validate application"", ""W_Validate application""], ["">>"", null], ["">>"", null], [""W_Validate application"", ""W_Validate application""], ["">>"", null], ["">>"", null], [""W_Validate application"", ""W_Validate application""], ["">>"", null], ["">>"", null], [""W_Validate application"", ""W_Validate application""], ["">>"", null], ["">>"", null], [""W_Validate application"", ""W_Validate application""], ["">>"", null], ["">>"", null], [""W_Validate application"", ""W_Validate application""], ["">>"", null], ["">>"", null], ["">>"", null], ["">>"", null], ["">>"", null], [""W_Call incomplete files"", ""W_Call incomplete files""], ["">>"", null], [""W_Call incomplete files"", ""W_Call incomplete files""], ["">>"", null], ["">>"", null], [""A_Incomplete"", ""A_Incomplete""], ["">>"", null], ["">>"", null], [""W_Call incomplete files"", ""W_Call incomplete files""], ["">>"", null], [""W_Call incomplete files"", ""W_Call incomplete files""], ["">>"", null], [""W_Call incomplete files"", ""W_Call incomplete files""], ["">>"", null], [""W_Call incomplete files"", ""W_Call incomplete files""], ["">>"", null], [""W_Call incomplete files"", ""W_Call incomplete files""], ["">>"", null], [""W_Call incomplete files"", ""W_Call incomplete files""], ["">>"", null], [""W_Call incomplete files"", ""W_Call incomplete files""], ["">>"", null], [""W_Call incomplete files"", ""W_Call incomplete files""], ["">>"", null], [""W_Call incomplete files"", ""W_Call incomplete files""], ["">>"", null], [""W_Call incomplete files"", ""W_Call incomplete files""], ["">>"", null], [""W_Call incomplete files"", ""W_Call incomplete files""], ["">>"", null], [""W_Call incomplete files"", ""W_Call incomplete files""], ["">>"", null], [""W_Call incomplete files"", ""W_Call incomplete files""], ["">>"", null], [""W_Call incomplete files"", ""W_Call incomplete files""], ["">>"", null], [""W_Call incomplete files"", ""W_Call incomplete files""], ["">>"", null], [""W_Call incomplete files"", ""W_Call incomplete files""], ["">>"", null], ["">>"", null], ["">>"", null], ["">>"", null], ["">>"", null], [""W_Validate application"", ""W_Validate application""], ["">>"", null], ["">>"", null], [""W_Validate application"", ""W_Validate application""], [""A_Validating"", ""A_Validating""], ["">>"", null], [""W_Validate application"", ""W_Validate application""], ["">>"", null], ["">>"", null], [""W_Validate application"", ""W_Validate application""], ["">>"", null], ["">>"", null], [""W_Validate application"", ""W_Validate application""], ["">>"", null], ["">>"", null], [""W_Validate application"", ""W_Validate application""], ["">>"", null], ["">>"", null], [""W_Validate application"", ""W_Validate application""], ["">>"", null], ["">>"", null], [""W_Validate application"", ""W_Validate application""], ["">>"", null], ["">>"", null], ["">>"", null], ["">>"", null], ["">>"", null], [""W_Call incomplete files"", ""W_Call incomplete files""], ["">>"", null], [""W_Call incomplete files"", ""W_Call incomplete files""], ["">>"", null], ["">>"", null], [""A_Incomplete"", ""A_Incomplete""], ["">>"", null], ["">>"", null], [""W_Call incomplete files"", ""W_Call incomplete files""], ["">>"", null], [""W_Call incomplete files"", ""W_Call incomplete files""], ["">>"", null], [""W_Call incomplete files"", ""W_Call incomplete files""], ["">>"", null], [""W_Call incomplete files"", ""W_Call incomplete files""], ["">>"", null], [""W_Call incomplete files"", ""W_Call incomplete files""], ["">>"", null], [""W_Call incomplete files"", ""W_Call incomplete files""], ["">>"", null], [""W_Call incomplete files"", ""W_Call incomplete files""], ["">>"", null], [""W_Call incomplete files"", ""W_Call incomplete files""], ["">>"", null], [""W_Call incomplete files"", ""W_Call incomplete files""], ["">>"", null], [""W_Call incomplete files"", ""W_Call incomplete files""], ["">>"", null], [""W_Call incomplete files"", ""W_Call incomplete files""], ["">>"", null], [""W_Call incomplete files"", ""W_Call incomplete files""], ["">>"", null], [""W_Call incomplete files"", ""W_Call incomplete files""], ["">>"", null], [""W_Call incomplete files"", ""W_Call incomplete files""], ["">>"", null], [""W_Call incomplete files"", ""W_Call incomplete files""], ["">>"", null], [""W_Call incomplete files"", ""W_Call incomplete files""], ["">>"", null], [""W_Call incomplete files"", ""W_Call incomplete files""], ["">>"", null], [""W_Call incomplete files"", ""W_Call incomplete files""], ["">>"", null], [""W_Call incomplete files"", ""W_Call incomplete files""], ["">>"", null], [""W_Call incomplete files"", ""W_Call incomplete files""], ["">>"", null], [""W_Call incomplete files"", ""W_Call incomplete files""], ["">>"", null], [""W_Call incomplete files"", ""W_Call incomplete files""], ["">>"", null], [""W_Call incomplete files"", ""W_Call incomplete files""], ["">>"", null], [""W_Call incomplete files"", ""W_Call incomplete files""], ["">>"", null], [""W_Call incomplete files"", ""W_Call incomplete files""], ["">>"", null], [""W_Call incomplete files"", ""W_Call incomplete files""], ["">>"", null], [""W_Call incomplete files"", ""W_Call incomplete files""], ["">>"", null], [""W_Call incomplete files"", ""W_Call incomplete files""], ["">>"", null], ["">>"", null], ["">>"", null], ["">>"", null], ["">>"", null], [""A_Cancelled"", ""A_Cancelled""], ["">>"", null], ["">>"", null], ["">>"", null], [""O_Cancelled"", ""O_Cancelled""], ["">>"", null], ["">>"", null], ["">>"", null], [""W_Call incomplete files"", ""W_Call incomplete files""], ["">>"", null], ["">>"", null], ["">>"", null], ["">>"", null], ["">>"", null], ["">>"", null], ["">>"", null]]",[],[]
"('A_Create Application', 'A_Submitted', 'W_Handle leads', 'W_Handle leads', 'W_Complete application', 'A_Concept', 'W_Complete application', 'A_Accepted', 'O_Create Offer', 'O_Created', 'O_Sent (mail and online)', 'W_Complete application', 'W_Call after offers', 'W_Call after offers', 'A_Complete', 'W_Call after offers', 'O_Create Offer', 'O_Created', 'O_Sent (online only)', 'W_Call after offers', 'W_Call after offers', 'A_Cancelled', 'O_Cancelled', 'O_Cancelled', 'W_Call after offers')",1,0,"[[""A_Create Application"", ""A_Create Application""], [""A_Submitted"", ""A_Submitted""], ["">>"", null], ["">>"", null], [""W_Handle leads"", ""W_Handle leads""], ["">>"", null], [""W_Handle leads"", ""W_Handle leads""], ["">>"", null], ["">>"", null], ["">>"", null], [""W_Complete application"", ""W_Complete application""], ["">>"", null], ["">>"", null], [""A_Concept"", ""A_Concept""], [""W_Complete application"", ""W_Complete application""], ["">>"", null], ["">>"", null], ["">>"", null], ["">>"", null], ["">>"", null], ["">>"", null], ["">>"", null], ["">>"", null], [""A_Accepted"", ""A_Accepted""], [""O_Create Offer"", ""O_Create Offer""], [""O_Created"", ""O_Created""], ["">>"", null], ["">>"", null], ["">>"", null], [""O_Sent (mail and online)"", ""O_Sent (mail and online)""], ["">>"", null], ["">>"", null], ["">>"", null], ["">>"", null], ["">>"", null], [""W_Complete application"", ""W_Complete application""], ["">>"", null], ["">>"", null], [""W_Call after offers"", ""W_Call after offers""], ["">>"", null], [""W_Call after offers"", ""W_Call after offers""], ["">>"", null], [""A_Complete"", ""A_Complete""], ["">>"", null], [""W_Call after offers"", ""W_Call after offers""], ["">>"", null], ["">>"", null], ["">>"", null], ["">>"", null], ["">>"", null], [""O_Create Offer"", ""O_Create Offer""], [""O_Created"", ""O_Created""], ["">>"", null], ["">>"", null], ["">>"", null], [""O_Sent (online only)"", ""O_Sent (online only)""], ["">>"", null], ["">>"", null], ["">>"", null], ["">>"", null], [""W_Call after offers"", ""W_Call after offers""], ["">>"", null], [""W_Call after offers"", ""W_Call after offers""], ["">>"", null], [""A_Cancelled"", ""A_Cancelled""], ["">>"", null], ["">>"", null], ["">>"", null], ["">>"", null], [""O_Cancelled"", ""O_Cancelled""], ["">>"", null], ["">>"", null], ["">>"", null], [""O_Cancelled"", ""O_Cancelled""], ["">>"", null], ["">>"", null], ["">>"", null], [""W_Call after offers"", ""W_Call after offers""], ["">>"", null], ["">>"", null], ["">>"", null], ["">>"", null]]",[],[]
"('A_Create Application', 'A_Submitted', 'W_Handle leads', 'W_Handle leads', 'W_Complete application', 'A_Concept', 'W_Complete application', 'W_Complete application', 'W_Complete application', 'W_Complete application', 'W_Complete application', 'W_Complete application', 'A_Accepted', 'O_Create Offer', 'O_Created', 'O_Sent (mail and online)', 'W_Complete application', 'W_Call after offers', 'W_Call after offers', 'A_Complete', 'W_Call after offers', 'O_Create Offer', 'O_Created', 'O_Sent (mail and online)', 'W_Call after offers', 'W_Call after offers', 'W_Call after offers', 'W_Validate application', 'W_Validate application', 'A_Validating', 'O_Returned', 'W_Validate application', 'W_Validate application', 'W_Validate application', 'W_Validate application', 'W_Validate application', 'W_Validate application', 'O_Accepted', 'A_Pending', 'W_Validate application', 'O_Cancelled')",1,0,"[[""A_Create Application"", ""A_Create Application""], [""A_Submitted"", ""A_Submitted""], ["">>"", null], ["">>"", null], ["">>"", null], [""W_Handle leads"", ""W_Handle leads""], ["">>"", null], [""W_Handle leads"", ""W_Handle leads""], ["">>"", null], ["">>"", null], ["">>"", null], [""W_Complete application"", ""W_Complete application""], ["">>"", null], ["">>"", null], [""A_Concept"", ""A_Concept""], [""W_Complete application"", ""W_Complete application""], ["">>"", null], ["">>"", null], [""W_Complete application"", ""W_Complete application""], ["">>"", null], ["">>"", null], [""W_Complete application"", ""W_Complete application""], ["">>"", null], ["">>"", null], [""W_Complete application"", ""W_Complete application""], ["">>"", null], ["">>"", null], [""W_Complete application"", ""W_Complete application""], ["">>"", null], ["">>"", null], [""W_Complete application"", ""W_Complete application""], ["">>"", null], ["">>"", null], [""A_Accepted"", ""A_Accepted""], ["">>"", null], ["">>"", null], ["">>"", null], ["">>"", null], ["">>"", null], ["">>"", null], [""O_Create Offer"", ""O_Create Offer""], [""O_Created"", ""O_Created""], ["">>"", null], ["">>"", null], ["">>"", null], [""O_Sent (mail and online)"", ""O_Sent (mail and online)""], ["">>"", null], ["">>"", null], ["">>"", null], ["">>"", null], ["">>"", null], [""W_Complete application"", ""W_Complete application""], ["">>"", null], ["">>"", null], [""W_Call after offers"", ""W_Call after offers""], ["">>"", null], [""W_Call after offers"", ""W_Call after offers""], ["">>"", null], [""A_Complete"", ""A_Complete""], [""W_Call after offers"", ""W_Call after offers""], ["">>"", null], ["">>"", null], ["">>"", null], ["">>"", null], ["">>"", null], ["">>"", null], [""O_Create Offer"", ""O_Create Offer""], [""O_Created"", ""O_Created""], ["">>"", null], ["">>"", null], ["">>"", null], [""O_Sent (mail and online)"", ""O_Sent (mail and online)""], ["">>"", null], ["">>"", null], ["">>"", null], [""W_Call after offers"", ""W_Call after offers""], ["">>"", null], [""W_Call after offers"", ""W_Call after offers""], ["">>"", null], [""W_Call after offers"", ""W_Call after offers""], ["">>"", null], ["">>"", null], [""W_Validate application"", ""W_Validate application""], ["">>"", null], ["">>"", null], [""W_Validate application"", ""W_Validate application""], [""A_Validating"", ""A_Validating""], ["">>"", null], ["">>"", null], ["">>"", null], ["">>"", null], ["">>"", null], ["">>"", null], [""O_Returned"", ""O_Returned""], ["">>"", null], ["">>"", null], ["">>"", null], ["">>"", null], ["">>"", null], ["">>"", null], [""W_Validate application"", ""W_Validate application""], ["">>"", null], ["">>"", null], [""W_Validate application"", ""W_Validate application""], ["">>"", null], ["">>"", null], [""W_Validate application"", ""W_Validate application""], ["">>"", null], ["">>"", null], [""W_Validate application"", ""W_Validate application""], ["">>"", null], ["">>"", null], [""W_Validate application"", ""W_Validate application""], ["">>"", null], ["">>"", null], [""W_Validate application"", ""W_Validate application""], ["">>"", null], ["">>"", null], ["">>"", null], ["">>"", null], ["">>"", null], ["">>"", null], ["">>"", null], [""O_Accepted"", ""O_Accepted""], [""A_Pending"", ""A_Pending""], ["">>"", null], ["">>"", null], ["">>"", null], ["">>"", null], [""W_Validate application"", ""W_Validate application""], ["">>"", null], ["">>"", null], ["">>"", null], ["">>"", null], ["">>"", null], ["">>"", null], [""O_Cancelled"", ""O_Cancelled""], ["">>"", null], ["">>"", null], ["">>"", null], ["">>"", null], ["">>"", null], ["">>"", null]]",[],[]
"('A_Create Application', 'A_Submitted', 'W_Handle leads', 'W_Handle leads', 'W_Complete application', 'A_Concept', 'W_Complete application', 'W_Complete application', 'A_Accepted', 'O_Create Offer', 'O_Created', 'O_Create Offer', 'O_Created', 'O_Sent (mail and online)', 'W_Complete application', 'W_Call after offers', 'W_Call after offers', 'A_Complete', 'W_Call after offers', 'W_Call after offers', 'W_Validate application', 'W_Validate application', 'A_Validating', 'O_Returned', 'W_Validate application', 'W_Validate application', 'W_Call incomplete files', 'W_Call incomplete files', 'A_Incomplete', 'W_Call incomplete files', 'W_Call incomplete files', 'W_Call incomplete files', 'W_Call incomplete files', 'W_Call incomplete files', 'W_Call incomplete files', 'W_Validate application', 'W_Validate application', 'A_Validating', 'W_Validate application', 'W_Validate application', 'W_Validate application', 'A_Denied', 'O_Refused', 'O_Refused', 'W_Validate application')",1,0,"[[""A_Create Application"", ""A_Create Application""], [""A_Submitted"", ""A_Submitted""], ["">>"", null], ["">>"", null], [""W_Handle leads"", ""W_Handle leads""], ["">>"", null], [""W_Handle leads"", ""W_Handle leads""], ["">>"", null], ["">>"", null], ["">>"", null], [""W_Complete application"", ""W_Complete application""], ["">>"", null], ["">>"", null], [""A_Concept"", ""A_Concept""], [""W_Complete application"", ""W_Complete application""], ["">>"", null], ["">>"", null], [""W_Complete application"", ""W_Complete application""], ["">>"", null], ["">>"", null], ["">>"", null], ["">>"", null], ["">>"", null], [""A_Accepted"", ""A_Accepted""], ["">>"", null], ["">>"", null], ["">>"", null], [""O_Create Offer"", ""O_Create Offer""], [""O_Created"", ""O_Created""], ["">>"", null], ["">>"", null], ["">>"", null], ["">>"", null], ["">>"", null], ["">>"", null], ["">>"", null], [""O_Create Offer"", ""O_Create Offer""], [""O_Created"", ""O_Created""], ["">>"", null], ["">>"", null], ["">>"", null], [""O_Sent (mail and online)"", ""O_Sent (mail and online)""], ["">>"", null], ["">>"", null], ["">>"", null], ["">>"", null], ["">>"", null], [""W_Complete application"", ""W_Complete application""], ["">>"", null], ["">>"", null], [""W_Call after offers"", ""W_Call after offers""], ["">>"", null], [""W_Call after offers"", ""W_Call after offers""], ["">>"", null], [""A_Complete"", ""A_Complete""], [""W_Call after offers"", ""W_Call after offers""], ["">>"", null], ["">>"", null], ["">>"", null], [""W_Call after offers"", ""W_Call after offers""], [""W_Validate application"", ""W_Validate application""], ["">>"", null], ["">>"", null], [""W_Validate application"", ""W_Validate application""], [""A_Validating"", ""A_Validating""], ["">>"", null], ["">>"", null], ["">>"", null], ["">>"", null], ["">>"", null], ["">>"", null], [""O_Returned"", ""O_Returned""], ["">>"", null], ["">>"", null], ["">>"", null], ["">>"", null], ["">>"", null], ["">>"", null], [""W_Validate application"", ""W_Validate application""], ["">>"", null], ["">>"", null], [""W_Validate application"", ""W_Validate application""], ["">>"", null], ["">>"", null], ["">>"", null], ["">>"", null], ["">>"", null], [""W_Call incomplete files"", ""W_Call incomplete files""], ["">>"", null], ["">>"", null], [""W_Call incomplete files"", ""W_Call incomplete files""], ["">>"", null], [""A_Incomplete"", ""A_Incomplete""], ["">>"", null], [""W_Call incomplete files"", ""W_Call incomplete files""], ["">>"", null], [""W_Call incomplete files"", ""W_Call incomplete files""], ["">>"", null], [""W_Call incomplete files"", ""W_Call incomplete files""], ["">>"", null], [""W_Call incomplete files"", ""W_Call incomplete files""], ["">>"", null], [""W_Call incomplete files"", ""W_Call incomplete files""], ["">>"", null], [""W_Call incomplete files"", ""W_Call incomplete files""], ["">>"", null], ["">>"", null], ["">>"", null], ["">>"", null], ["">>"", null], ["">>"", null], ["">>"", null], [""W_Validate application"", ""W_Validate application""], ["">>"", null], ["">>"", null], [""W_Validate application"", ""W_Validate application""], [""A_Validating"", ""A_Validating""], ["">>"", null], ["">>"", null], [""W_Validate application"", ""W_Validate application""], ["">>"", null], ["">>"", null], [""W_Validate application"", ""W_Validate application""], ["">>"", null], ["">>"", null], [""W_Validate application"", ""W_Validate application""], ["">>"", null], ["">>"", null], ["">>"", null], ["">>"", null], ["">>"", null], ["">>"", null], [""A_Denied"", ""A_Denied""], ["">>"", null], [""O_Refused"", ""O_Refused""], ["">>"", null], [""O_Refused"", ""O_Refused""], ["">>"", null], ["">>"", null], ["">>"", null], ["">>"", null], ["">>"", null], [""W_Validate application"", ""W_Validate application""], ["">>"", null], ["">>"", null], ["">>"", null], ["">>"", null], ["">>"", null], ["">>"", null], ["">>"", null], ["">>"", null], ["">>"", null]]",[],[]
"('A_Create Application', 'A_Submitted', 'W_Handle leads', 'W_Handle leads', 'W_Handle leads', 'W_Complete application', 'W_Complete application', 'A_Concept', 'W_Complete application', 'W_Complete application', 'A_Accepted', 'O_Create Offer', 'O_Created', 'O_Create Offer', 'O_Created', 'O_Sent (mail and online)', 'O_Sent (mail and online)', 'W_Complete application', 'W_Call after offers', 'W_Call after offers', 'A_Complete', 'W_Call after offers', 'W_Call after offers', 'W_Call after offers', 'O_Create Offer', 'O_Created', 'O_Sent (mail and online)', 'A_Cancelled', 'O_Cancelled', 'O_Cancelled', 'O_Cancelled', 'W_Call after offers')",1,0,"[[""A_Create Application"", ""A_Create Application""], [""A_Submitted"", ""A_Submitted""], ["">>"", null], ["">>"", null], [""W_Handle leads"", ""W_Handle leads""], ["">>"", null], [""W_Handle leads"", ""W_Handle leads""], ["">>"", null], [""W_Handle leads"", ""W_Handle leads""], ["">>"", null], ["">>"", null], ["">>"", null], [""W_Complete application"", ""W_Complete application""], ["">>"", null], ["">>"", null], [""W_Complete application"", ""W_Complete application""], ["">>"", null], ["">>"", null], [""A_Concept"", ""A_Concept""], [""W_Complete application"", ""W_Complete application""], ["">>"", null], ["">>"", null], [""W_Complete application"", ""W_Complete application""], ["">>"", null], ["">>"", null], [""A_Accepted"", ""A_Accepted""], ["">>"", null], ["">>"", null], ["">>"", null], ["">>"", null], ["">>"", null], [""O_Create Offer"", ""O_Create Offer""], [""O_Created"", ""O_Created""], ["">>"", null], ["">>"", null], ["">>"", null], ["">>"", null], ["">>"", null], ["">>"", null], ["">>"", null], ["">>"", null], [""O_Create Offer"", ""O_Create Offer""], [""O_Created"", ""O_Created""], ["">>"", null], ["">>"", null], ["">>"", null], [""O_Sent (mail and online)"", ""O_Sent (mail and online)""], ["">>"", null], ["">>"", null], ["">>"", null], [""O_Sent (mail and online)"", ""O_Sent (mail and online)""], ["">>"", null], ["">>"", null], ["">>"", null], ["">>"", null], ["">>"", null], [""W_Complete application"", ""W_Complete application""], ["">>"", null], ["">>"", null], [""W_Call after offers"", ""W_Call after offers""], ["">>"", null], [""W_Call after offers"", ""W_Call after offers""], ["">>"", null], [""A_Complete"", ""A_Complete""], ["">>"", null], [""W_Call after offers"", ""W_Call after offers""], ["">>"", null], [""W_Call after offers"", ""W_Call after offers""], ["">>"", null], ["">>"", null], ["">>"", null], ["">>"", null], ["">>"", null], ["">>"", null], [""W_Call after offers"", ""W_Call after offers""], ["">>"", null], [""O_Create Offer"", ""O_Create Offer""], [""O_Created"", ""O_Created""], ["">>"", null], ["">>"", null], ["">>"", null], [""O_Sent (mail and online)"", ""O_Sent (mail and online)""], ["">>"", null], ["">>"", null], ["">>"", null], ["">>"", null], [""A_Cancelled"", ""A_Cancelled""], ["">>"", null], ["">>"", null], ["">>"", null], [""O_Cancelled"", ""O_Cancelled""], ["">>"", null], ["">>"", null], ["">>"", null], [""O_Cancelled"", ""O_Cancelled""], ["">>"", null], ["">>"", null], ["">>"", null], [""O_Cancelled"", ""O_Cancelled""], ["">>"", null], ["">>"", null], ["">>"", null], [""W_Call after offers"", ""W_Call after offers""], ["">>"", null], ["">>"", null], ["">>"", null], ["">>"", null]]",[],[]
"('A_Create Application', 'A_Submitted', 'W_Handle leads', 'W_Handle leads', 'W_Complete application', 'A_Concept', 'W_Complete application', 'W_Complete application', 'A_Accepted', 'O_Create Offer', 'O_Created', 'O_Sent (mail and online)', 'W_Complete application', 'W_Call after offers', 'W_Call after offers', 'A_Complete', 'W_Call after offers', 'O_Create Offer', 'O_Created', 'O_Sent (online only)', 'O_Create Offer', 'O_Created', 'O_Sent (mail and online)', 'W_Call after offers', 'W_Call after offers', 'W_Call after offers', 'W_Validate application', 'W_Validate application', 'A_Validating', 'O_Returned', 'W_Validate application', 'O_Accepted', 'A_Pending', 'W_Validate application', 'O_Cancelled', 'O_Cancelled')",1,0,"[[""A_Create Application"", ""A_Create Application""], [""A_Submitted"", ""A_Submitted""], ["">>"", null], ["">>"", null], [""W_Handle leads"", ""W_Handle leads""], ["">>"", null], [""W_Handle leads"", ""W_Handle leads""], ["">>"", null], ["">>"", null], ["">>"", null], [""W_Complete application"", ""W_Complete application""], ["">>"", null], ["">>"", null], [""A_Concept"", ""A_Concept""], [""W_Complete application"", ""W_Complete application""], ["">>"", null], ["">>"", null], [""W_Complete application"", ""W_Complete application""], ["">>"", null], ["">>"", null], ["">>"", null], ["">>"", null], [""A_Accepted"", ""A_Accepted""], ["">>"", null], ["">>"", null], ["">>"", null], ["">>"", null], [""O_Create Offer"", ""O_Create Offer""], [""O_Created"", ""O_Created""], ["">>"", null], ["">>"", null], ["">>"", null], [""O_Sent (mail and online)"", ""O_Sent (mail and online)""], ["">>"", null], ["">>"", null], ["">>"", null], ["">>"", null], ["">>"", null], ["">>"", null], [""W_Complete application"", ""W_Complete application""], ["">>"", null], ["">>"", null], [""W_Call after offers"", ""W_Call after offers""], ["">>"", null], [""W_Call after offers"", ""W_Call after offers""], ["">>"", null], [""A_Complete"", ""A_Complete""], ["">>"", null], [""W_Call after offers"", ""W_Call after offers""], ["">>"", null], ["">>"", null], ["">>"", null], ["">>"", null], ["">>"", null], [""O_Create Offer"", ""O_Create Offer""], [""O_Created"", ""O_Created""], ["">>"", null], ["">>"", null], ["">>"", null], [""O_Sent (online only)"", ""O_Sent (online only)""], ["">>"", null], ["">>"", null], ["">>"", null], [""O_Create Offer"", ""O_Create Offer""], [""O_Created"", ""O_Created""], ["">>"", null], ["">>"", null], ["">>"", null], [""O_Sent (mail and online)"", ""O_Sent (mail and online)""], ["">>"", null], ["">>"", null], ["">>"", null], [""W_Call after offers"", ""W_Call after offers""], ["">>"", null], [""W_Call after offers"", ""W_Call after offers""], ["">>"", null], [""W_Call after offers"", ""W_Call after offers""], ["">>"", null], ["">>"", null], [""W_Validate application"", ""W_Validate application""], ["">>"", null], ["">>"", null], [""W_Validate application"", ""W_Validate application""], [""A_Validating"", ""A_Validating""], ["">>"", null], ["">>"", null], ["">>"", null], ["">>"", null], ["">>"", null], ["">>"", null], [""O_Returned"", ""O_Returned""], ["">>"", null], ["">>"", null], ["">>"", null], ["">>"", null], ["">>"", null], ["">>"", null], [""W_Validate application"", ""W_Validate application""], ["">>"", null], ["">>"", null], ["">>"", null], ["">>"", null], ["">>"", null], ["">>"", null], ["">>"", null], [""O_Accepted"", ""O_Accepted""], [""A_Pending"", ""A_Pending""], ["">>"", null], ["">>"", null], ["">>"", null], ["">>"", null], [""W_Validate application"", ""W_Validate application""], ["">>"", null], ["">>"", null], ["">>"", null], ["">>"", null], ["">>"", null], ["">>"", null], [""O_Cancelled"", ""O_Cancelled""], ["">>"", null], ["">>"", null], ["">>"", null], [""O_Cancelled"", ""O_Cancelled""], ["">>"", null], ["">>"", null], ["">>"", null], ["">>"", null], ["">>"", null], ["">>"", null]]",[],[]
"('A_Create Application', 'A_Submitted', 'W_Handle leads', 'W_Handle leads', 'W_Complete application', 'A_Concept', 'W_Complete application', 'W_Complete application', 'A_Accepted', 'O_Create Offer', 'O_Created', 'W_Complete application', 'W_Complete application', 'O_Sent (mail and online)', 'W_Complete application', 'W_Call after offers', 'W_Call after offers', 'A_Complete', 'W_Call after offers', 'O_Create Offer', 'O_Created', 'O_Sent (mail and online)', 'W_Call after offers', 'W_Call after offers', 'W_Call after offers', 'W_Validate application', 'W_Validate application', 'A_Validating', 'O_Returned', 'W_Validate application', 'O_Accepted', 'A_Pending', 'W_Validate application', 'O_Cancelled')",1,0,"[[""A_Create Application"", ""A_Create Application""], [""A_Submitted"", ""A_Submitted""], ["">>"", null], ["">>"", null], ["">>"", null], [""W_Handle leads"", ""W_Handle leads""], ["">>"", null], [""W_Handle leads"", ""W_Handle leads""], ["">>"", null], ["">>"", null], ["">>"", null], [""W_Complete application"", ""W_Complete application""], ["">>"", null], ["">>"", null], [""A_Concept"", ""A_Concept""], [""W_Complete application"", ""W_Complete application""], ["">>"", null], ["">>"", null], [""W_Complete application"", ""W_Complete application""], ["">>"", null], ["">>"", null], ["">>"", null], ["">>"", null], ["">>"", null], ["">>"", null], ["">>"", null], ["">>"", null], [""A_Accepted"", ""A_Accepted""], [""O_Create Offer"", ""O_Create Offer""], [""O_Created"", ""O_Created""], ["">>"", null], ["">>"", null], ["">>"", null], ["">>"", null], ["">>"", null], [""W_Complete application"", ""W_Complete application""], ["">>"", null], ["">>"", null], [""W_Complete application"", ""W_Complete application""], ["">>"", null], ["">>"", null], ["">>"", null], ["">>"", null], [""O_Sent (mail and online)"", ""O_Sent (mail and online)""], ["">>"", null], ["">>"", null], ["">>"", null], ["">>"", null], ["">>"", null], [""W_Complete application"", ""W_Complete application""], ["">>"", null], ["">>"", null], [""W_Call after offers"", ""W_Call after offers""], ["">>"", null], [""W_Call after offers"", ""W_Call after offers""], ["">>"", null], [""A_Complete"", ""A_Complete""], [""W_Call after offers"", ""W_Call after offers""], ["">>"", null], ["">>"", null], ["">>"", null], ["">>"", null], ["">>"", null], ["">>"", null], [""O_Create Offer"", ""O_Create Offer""], [""O_Created"", ""O_Created""], ["">>"", null], ["">>"", null], ["">>"", null], [""O_Sent (mail and online)"", ""O_Sent (mail and online)""], ["">>"", null], [""W_Call after offers"", ""W_Call after offers""], ["">>"", null], ["">>"", null], ["">>"", null], [""W_Call after offers"", ""W_Call after offers""], ["">>"", null], [""W_Call after offers"", ""W_Call after offers""], ["">>"", null], ["">>"", null], [""W_Validate application"", ""W_Validate application""], ["">>"", null], ["">>"", null], [""W_Validate application"", ""W_Validate application""], [""A_Validating"", ""A_Validating""], ["">>"", null], ["">>"", null], ["">>"", null], ["">>"", null], ["">>"", null], ["">>"", null], [""O_Returned"", ""O_Returned""], ["">>"", null], ["">>"", null], ["">>"", null], ["">>"", null], ["">>"", null], ["">>"", null], [""W_Validate application"", ""W_Validate application""], ["">>"", null], ["">>"", null], ["">>"", null], ["">>"", null], ["">>"", null], ["">>"", null], ["">>"", null], [""O_Accepted"", ""O_Accepted""], [""A_Pending"", ""A_Pending""], ["">>"", null], ["">>"", null], ["">>"", null], ["">>"", null], [""W_Validate application"", ""W_Validate application""], ["">>"", null], ["">>"", null], ["">>"", null], ["">>"", null], ["">>"", null], ["">>"", null], [""O_Cancelled"", ""O_Cancelled""], ["">>"", null], ["">>"", null], ["">>"", null], ["">>"", null], ["">>"", null], ["">>"", null]]",[],[]
"('A_Create Application', 'A_Submitted', 'W_Handle leads', 'W_Handle leads', 'W_Handle leads', 'W_Complete application', 'W_Complete application', 'A_Concept', 'W_Complete application', 'W_Complete application', 'W_Complete application', 'A_Accepted', 'O_Create Offer', 'O_Created', 'O_Sent (mail and online)', 'W_Complete application', 'W_Call after offers', 'W_Call after offers', 'A_Complete', 'W_Call after offers', 'W_Call after offers', 'W_Call after offers', 'W_Call after offers', 'W_Validate application', 'W_Validate application', 'A_Validating', 'O_Returned', 'W_Validate application', 'W_Validate application', 'W_Validate application', 'W_Validate application', 'W_Validate application', 'W_Call incomplete files', 'W_Call incomplete files', 'A_Incomplete', 'W_Call incomplete files', 'W_Call incomplete files', 'W_Call incomplete files', 'W_Call incomplete files', 'W_Call incomplete files', 'W_Call incomplete files', 'W_Call incomplete files', 'W_Call incomplete files', 'W_Call incomplete files', 'W_Call incomplete files', 'A_Cancelled', 'O_Cancelled', 'W_Call incomplete files')",1,0,"[[""A_Create Application"", ""A_Create Application""], [""A_Submitted"", ""A_Submitted""], ["">>"", null], ["">>"", null], [""W_Handle leads"", ""W_Handle leads""], ["">>"", null], [""W_Handle leads"", ""W_Handle leads""], ["">>"", null], [""W_Handle leads"", ""W_Handle leads""], ["">>"", null], ["">>"", null], ["">>"", null], [""W_Complete application"", ""W_Complete application""], ["">>"", null], ["">>"", null], [""W_Complete application"", ""W_Complete application""], ["">>"", null], ["">>"", null], [""A_Concept"", ""A_Concept""], [""W_Complete application"", ""W_Complete application""], ["">>"", null], ["">>"", null], [""W_Complete application"", ""W_Complete application""], ["">>"", null], ["">>"", null], [""W_Complete application"", ""W_Complete application""], ["">>"", null], ["">>"", null], ["">>"", null], ["">>"", null], ["">>"", null], ["">>"", null], ["">>"", null], ["">>"", null], [""A_Accepted"", ""A_Accepted""], [""O_Create Offer"", ""O_Create Offer""], [""O_Created"", ""O_Created""], ["">>"", null], ["">>"", null], ["">>"", null], [""O_Sent (mail and online)"", ""O_Sent (mail and online)""], ["">>"", null], ["">>"", null], ["">>"", null], ["">>"", null], ["">>"", null], [""W_Complete application"", ""W_Complete application""], ["">>"", null], ["">>"", null], [""W_Call after offers"", ""W_Call after offers""], ["">>"", null], [""W_Call after offers"", ""W_Call after offers""], ["">>"", null], [""A_Complete"", ""A_Complete""], ["">>"", null], ["">>"", null], [""W_Call after offers"", ""W_Call after offers""], ["">>"", null], [""W_Call after offers"", ""W_Call after offers""], ["">>"", null], [""W_Call after offers"", ""W_Call after offers""], ["">>"", null], [""W_Call after offers"", ""W_Call after offers""], [""W_Validate application"", ""W_Validate application""], ["">>"", null], ["">>"", null], [""W_Validate application"", ""W_Validate application""], [""A_Validating"", ""A_Validating""], ["">>"", null], ["">>"", null], ["">>"", null], ["">>"", null], ["">>"", null], ["">>"", null], [""O_Returned"", ""O_Returned""], ["">>"", null], ["">>"", null], ["">>"", null], ["">>"", null], ["">>"", null], ["">>"", null], [""W_Validate application"", ""W_Validate application""], ["">>"", null], ["">>"", null], [""W_Validate application"", ""W_Validate application""], ["">>"", null], ["">>"", null], [""W_Validate application"", ""W_Validate application""], ["">>"", null], ["">>"", null], [""W_Validate application"", ""W_Validate application""], ["">>"", null], ["">>"", null], [""W_Validate application"", ""W_Validate application""], ["">>"", null], ["">>"", null], ["">>"", null], ["">>"", null], ["">>"", null], ["">>"", null], ["">>"", null], [""W_Call incomplete files"", ""W_Call incomplete files""], ["">>"", null], [""W_Call incomplete files"", ""W_Call incomplete files""], ["">>"", null], ["">>"", null], [""A_Incomplete"", ""A_Incomplete""], ["">>"", null], ["">>"", null], [""W_Call incomplete files"", ""W_Call incomplete files""], ["">>"", null], [""W_Call incomplete files"", ""W_Call incomplete files""], ["">>"", null], [""W_Call incomplete files"", ""W_Call incomplete files""], ["">>"", null], [""W_Call incomplete files"", ""W_Call incomplete files""], ["">>"", null], [""W_Call incomplete files"", ""W_Call incomplete files""], ["">>"", null], [""W_Call incomplete files"", ""W_Call incomplete files""], ["">>"", null], [""W_Call incomplete files"", ""W_Call incomplete files""], ["">>"", null], [""W_Call incomplete files"", ""W_Call incomplete files""], ["">>"", null], [""W_Call incomplete files"", ""W_Call incomplete files""], ["">>"", null], [""W_Call incomplete files"", ""W_Call incomplete files""], ["">>"", null], ["">>"", null], ["">>"", null], ["">>"", null], ["">>"", null], [""A_Cancelled"", ""A_Cancelled""], ["">>"", null], ["">>"", null], ["">>"", null], [""O_Cancelled"", ""O_Cancelled""], ["">>"", null], ["">>"", null], ["">>"", null], [""W_Call incomplete files"", ""W_Call incomplete files""], ["">>"", null], ["">>"", null], ["">>"", null], ["">>"", null], ["">>"", null], ["">>"", null], ["">>"", null]]",[],[]
"('A_Create Application', 'A_Submitted', 'W_Handle leads', 'W_Handle leads', 'W_Complete application', 'A_Concept', 'W_Complete application', 'W_Complete application', 'W_Complete application', 'W_Complete application', 'W_Complete application', 'A_Accepted', 'O_Create Offer', 'O_Created', 'O_Sent (mail and online)', 'W_Complete application', 'W_Call after offers', 'W_Call after offers', 'A_Complete', 'W_Call after offers', 'O_Create Offer', 'O_Created', 'O_Sent (mail and online)', 'W_Call after offers', 'W_Call after offers', 'W_Call after offers', 'W_Validate application', 'W_Validate application', 'A_Validating', 'O_Returned', 'W_Validate application', 'W_Validate application', 'W_Call incomplete files', 'W_Call incomplete files', 'A_Incomplete', 'W_Call incomplete files', 'W_Call incomplete files', 'W_Call incomplete files', 'W_Call incomplete files', 'W_Validate application', 'W_Validate application', 'A_Validating', 'W_Validate application', 'W_Validate application', 'W_Call incomplete files', 'W_Call incomplete files', 'A_Incomplete', 'W_Call incomplete files', 'W_Call incomplete files', 'W_Call incomplete files', 'W_Validate application', 'W_Validate application', 'A_Validating', 'W_Validate application', 'O_Accepted', 'A_Pending', 'W_Validate application', 'O_Cancelled')",1,0,"[[""A_Create Application"", ""A_Create Application""], [""A_Submitted"", ""A_Submitted""], ["">>"", null], ["">>"", null], ["">>"", null], [""W_Handle leads"", ""W_Handle leads""], ["">>"", null], [""W_Handle leads"", ""W_Handle leads""], ["">>"", null], ["">>"", null], ["">>"", null], [""W_Complete application"", ""W_Complete application""], ["">>"", null], ["">>"", null], [""A_Concept"", ""A_Concept""], [""W_Complete application"", ""W_Complete application""], ["">>"", null], ["">>"", null], [""W_Complete application"", ""W_Complete application""], ["">>"", null], ["">>"", null], [""W_Complete application"", ""W_Complete application""], ["">>"", null], ["">>"", null], [""W_Complete application"", ""W_Complete application""], ["">>"", null], ["">>"", null], [""W_Complete application"", ""W_Complete application""], ["">>"", null], ["">>"", null], [""A_Accepted"", ""A_Accepted""], ["">>"", null], ["">>"", null], ["">>"", null], ["">>"", null], ["">>"", null], ["">>"", null], [""O_Create Offer"", ""O_Create Offer""], [""O_Created"", ""O_Created""], ["">>"", null], ["">>"", null], ["">>"", null], [""O_Sent (mail and online)"", ""O_Sent (mail and online)""], ["">>"", null], ["">>"", null], ["">>"", null], ["">>"", null], ["">>"", null], [""W_Complete application"", ""W_Complete application""], ["">>"", null], ["">>"", null], [""W_Call after offers"", ""W_Call after offers""], ["">>"", null], [""W_Call after offers"", ""W_Call after offers""], ["">>"", null], [""A_Complete"", ""A_Complete""], ["">>"", null], [""W_Call after offers"", ""W_Call after offers""], ["">>"", null], ["">>"", null], ["">>"", null], ["">>"", null], ["">>"", null], [""O_Create Offer"", ""O_Create Offer""], [""O_Created"", ""O_Created""], ["">>"", null], ["">>"", null], ["">>"", null], [""O_Sent (mail and online)"", ""O_Sent (mail and online)""], ["">>"", null], ["">>"", null], ["">>"", null], [""W_Call after offers"", ""W_Call after offers""], ["">>"", null], [""W_Call after offers"", ""W_Call after offers""], ["">>"", null], [""W_Call after offers"", ""W_Call after offers""], ["">>"", null], ["">>"", null], [""W_Validate application"", ""W_Validate application""], ["">>"", null], ["">>"", null], [""W_Validate application"", ""W_Validate application""], [""A_Validating"", ""A_Validating""], ["">>"", null], ["">>"", null], ["">>"", null], ["">>"", null], ["">>"", null], ["">>"", null], [""O_Returned"", ""O_Returned""], ["">>"", null], ["">>"", null], ["">>"", null], ["">>"", null], ["">>"", null], ["">>"", null], [""W_Validate application"", ""W_Validate application""], ["">>"", null], ["">>"", null], [""W_Validate application"", ""W_Validate application""], ["">>"", null], ["">>"", null], ["">>"", null], ["">>"", null], ["">>"", null], ["">>"", null], [""W_Call incomplete files"", ""W_Call incomplete files""], ["">>"", null], [""W_Call incomplete files"", ""W_Call incomplete files""], ["">>"", null], [""A_Incomplete"", ""A_Incomplete""], ["">>"", null], [""W_Call incomplete files"", ""W_Call incomplete files""], ["">>"", null], [""W_Call incomplete files"", ""W_Call incomplete files""], ["">>"", null], [""W_Call incomplete files"", ""W_Call incomplete files""], ["">>"", null], [""W_Call incomplete files"", ""W_Call incomplete files""], ["">>"", null], ["">>"", null], ["">>"", null], ["">>"", null], ["">>"", null], ["">>"", null], [""W_Validate application"", ""W_Validate application""], ["">>"", null], ["">>"", null], [""W_Validate application"", ""W_Validate application""], [""A_Validating"", ""A_Validating""], ["">>"", null], [""W_Validate application"", ""W_Validate application""], ["">>"", null], ["">>"", null], [""W_Validate application"", ""W_Validate application""], ["">>"", null], ["">>"", null], ["">>"", null], ["">>"", null], ["">>"", null], [""W_Call incomplete files"", ""W_Call incomplete files""], ["">>"", null], ["">>"", null], [""W_Call incomplete files"", ""W_Call incomplete files""], ["">>"", null], [""A_Incomplete"", ""A_Incomplete""], ["">>"", null], [""W_Call incomplete files"", ""W_Call incomplete files""], ["">>"", null], [""W_Call incomplete files"", ""W_Call incomplete files""], ["">>"", null], [""W_Call incomplete files"", ""W_Call incomplete files""], ["">>"", null], ["">>"", null], ["">>"", null], ["">>"", null], ["">>"", null], ["">>"", null], [""W_Validate application"", ""W_Validate application""], ["">>"", null], ["">>"", null], [""W_Validate application"", ""W_Validate application""], [""A_Validating"", ""A_Validating""], ["">>"", null], [""W_Validate application"", ""W_Validate application""], ["">>"", null], ["">>"", null], ["">>"", null], ["">>"", null], ["">>"", null], ["">>"", null], ["">>"", null], [""O_Accepted"", ""O_Accepted""], [""A_Pending"", ""A_Pending""], ["">>"", null], ["">>"", null], ["">>"", null], ["">>"", null], [""W_Validate application"", ""W_Validate application""], ["">>"", null], ["">>"", null], ["">>"", null], ["">>"", null], ["">>"", null], ["">>"", null], [""O_Cancelled"", ""O_Cancelled""], ["">>"", null], ["">>"", null], ["">>"", null], ["">>"", null], ["">>"", null], ["">>"", null]]",[],[]
"('A_Create Application', 'A_Submitted', 'W_Handle leads', 'W_Handle leads', 'W_Handle leads', 'W_Complete application', 'W_Complete application', 'A_Concept', 'W_Complete application', 'W_Complete application', 'W_Complete application', 'A_Accepted', 'O_Create Offer', 'O_Created', 'O_Sent (mail and online)', 'W_Complete application', 'W_Call after offers', 'W_Call after offers', 'A_Complete', 'W_Call after offers', 'W_Call after offers', 'W_Call after offers', 'W_Call after offers', 'W_Validate application', 'W_Validate application', 'A_Validating', 'O_Returned', 'W_Validate application', 'W_Validate application', 'W_Validate application', 'W_Validate application', 'W_Validate application', 'W_Validate application', 'A_Denied', 'O_Refused', 'W_Validate application')",5,0,"[[""A_Create Application"", ""A_Create Application""], [""A_Submitted"", ""A_Submitted""], ["">>"", null], ["">>"", null], [""W_Handle leads"", ""W_Handle leads""], ["">>"", null], [""W_Handle leads"", ""W_Handle leads""], ["">>"", null], [""W_Handle leads"", ""W_Handle leads""], ["">>"", null], ["">>"", null], ["">>"", null], [""W_Complete application"", ""W_Complete application""], ["">>"", null], ["">>"", null], [""W_Complete application"", ""W_Complete application""], ["">>"", null], ["">>"", null], [""A_Concept"", ""A_Concept""], [""W_Complete application"", ""W_Complete application""], ["">>"", null], ["">>"", null], [""W_Complete application"", ""W_Complete application""], ["">>"", null], ["">>"", null], [""W_Complete application"", ""W_Complete application""], ["">>"", null], ["">>"", null], ["">>"", null], ["">>"", null], ["">>"", null], ["">>"", null], ["">>"", null], ["">>"", null], [""A_Accepted"", ""A_Accepted""], [""O_Create Offer"", ""O_Create Offer""], [""O_Created"", ""O_Created""], ["">>"", null], ["">>"", null], ["">>"", null], [""O_Sent (mail and online)"", ""O_Sent (mail and online)""], ["">>"", null], ["">>"", null], ["">>"", null], ["">>"", null], ["">>"", null], [""W_Complete application"", ""W_Complete application""], ["">>"", null], ["">>"", null], [""W_Call after offers"", ""W_Call after offers""], ["">>"", null], [""W_Call after offers"", ""W_Call after offers""], ["">>"", null], [""A_Complete"", ""A_Complete""], ["">>"", null], [""W_Call after offers"", ""W_Call after offers""], ["">>"", null], [""W_Call after offers"", ""W_Call after offers""], ["">>"", null], [""W_Call after offers"", ""W_Call after offers""], ["">>"", null], [""W_Call after offers"", ""W_Call after offers""], ["">>"", null], ["">>"", null], [""W_Validate application"", ""W_Validate application""], ["">>"", null], ["">>"", null], [""W_Validate application"", ""W_Validate application""], [""A_Validating"", ""A_Validating""], ["">>"", null], ["">>"", null], ["">>"", null], ["">>"", null], ["">>"", null], ["">>"", null], ["">>"", null], [""O_Returned"", ""O_Returned""], ["">>"", null], ["">>"", null], ["">>"", null], ["">>"", null], ["">>"", null], ["">>"", null], [""W_Validate application"", ""W_Validate application""], ["">>"", null], ["">>"", null], [""W_Validate application"", ""W_Validate application""], ["">>"", null], ["">>"", null], [""W_Validate application"", ""W_Validate application""], ["">>"", null], ["">>"", null], [""W_Validate application"", ""W_Validate application""], ["">>"", null], ["">>"", null], [""W_Validate application"", ""W_Validate application""], ["">>"", null], ["">>"", null], [""W_Validate application"", ""W_Validate application""], ["">>"", null], ["">>"", null], ["">>"", null], ["">>"", null], ["">>"", null], ["">>"", null], [""A_Denied"", ""A_Denied""], ["">>"", null], [""O_Refused"", ""O_Refused""], ["">>"", null], ["">>"", null], ["">>"", null], ["">>"", null], ["">>"", null], [""W_Validate application"", ""W_Validate application""], ["">>"", null], ["">>"", null], ["">>"", null], ["">>"", null], ["">>"", null], ["">>"", null], ["">>"", null], ["">>"", null], ["">>"", null]]",[],[]
"('A_Create Application', 'A_Submitted', 'W_Handle leads', 'W_Handle leads', 'W_Complete application', 'A_Concept', 'W_Complete application', 'W_Complete application', 'W_Complete application', 'W_Complete application', 'W_Complete application', 'W_Complete application', 'W_Complete application', 'A_Accepted', 'O_Create Offer', 'O_Created', 'O_Cancelled', 'O_Create Offer', 'O_Created', 'O_Sent (mail and online)', 'W_Complete application', 'W_Call after offers', 'W_Call after offers', 'A_Complete', 'W_Call after offers', 'W_Call after offers', 'W_Validate application', 'W_Validate application', 'A_Validating', 'O_Returned', 'W_Validate application', 'W_Validate application', 'W_Call incomplete files', 'W_Call incomplete files', 'A_Incomplete', 'W_Call incomplete files', 'W_Call incomplete files', 'W_Call incomplete files', 'W_Call incomplete files', 'W_Validate application', 'W_Validate application', 'A_Validating', 'W_Validate application', 'O_Accepted', 'A_Pending', 'W_Validate application')",1,0,"[[""A_Create Application"", ""A_Create Application""], [""A_Submitted"", ""A_Submitted""], ["">>"", null], ["">>"", null], [""W_Handle leads"", ""W_Handle leads""], ["">>"", null], [""W_Handle leads"", ""W_Handle leads""], ["">>"", null], ["">>"", null], ["">>"", null], [""W_Complete application"", ""W_Complete application""], ["">>"", null], ["">>"", null], [""A_Concept"", ""A_Concept""], [""W_Complete application"", ""W_Complete application""], ["">>"", null], ["">>"", null], [""W_Complete application"", ""W_Complete application""], ["">>"", null], ["">>"", null], [""W_Complete application"", ""W_Complete application""], ["">>"", null], ["">>"", null], [""W_Complete application"", ""W_Complete application""], ["">>"", null], ["">>"", null], [""W_Complete application"", ""W_Complete application""], ["">>"", null], ["">>"", null], [""W_Complete application"", ""W_Complete application""], ["">>"", null], ["">>"", null], [""W_Complete application"", ""W_Complete application""], ["">>"", null], ["">>"", null], [""A_Accepted"", ""A_Accepted""], ["">>"", null], ["">>"", null], ["">>"", null], ["">>"", null], ["">>"", null], ["">>"", null], [""O_Create Offer"", ""O_Create Offer""], [""O_Created"", ""O_Created""], ["">>"", null], ["">>"", null], ["">>"", null], [""O_Cancelled"", ""O_Cancelled""], ["">>"", null], ["">>"", null], ["">>"", null], [""O_Create Offer"", ""O_Create Offer""], [""O_Created"", ""O_Created""], ["">>"", null], ["">>"", null], ["">>"", null], [""O_Sent (mail and online)"", ""O_Sent (mail and online)""], ["">>"", null], ["">>"", null], ["">>"", null], ["">>"", null], ["">>"", null], [""W_Complete application"", ""W_Complete application""], ["">>"", null], ["">>"", null], [""W_Call after offers"", ""W_Call after offers""], ["">>"", null], [""W_Call after offers"", ""W_Call after offers""], ["">>"", null], [""A_Complete"", ""A_Complete""], ["">>"", null], [""W_Call after offers"", ""W_Call after offers""], ["">>"", null], [""W_Call after offers"", ""W_Call after offers""], ["">>"", null], [""W_Validate application"", ""W_Validate application""], ["">>"", null], ["">>"", null], [""W_Validate application"", ""W_Validate application""], [""A_Validating"", ""A_Validating""], ["">>"", null], ["">>"", null], ["">>"", null], ["">>"", null], ["">>"", null], ["">>"", null], [""O_Returned"", ""O_Returned""], ["">>"", null], ["">>"", null], ["">>"", null], ["">>"", null], ["">>"", null], ["">>"", null], [""W_Validate application"", ""W_Validate application""], ["">>"", null], ["">>"", null], [""W_Validate application"", ""W_Validate application""], ["">>"", null], ["">>"", null], ["">>"", null], ["">>"", null], ["">>"", null], ["">>"", null], [""W_Call incomplete files"", ""W_Call incomplete files""], ["">>"", null], [""W_Call incomplete files"", ""W_Call incomplete files""], ["">>"", null], [""A_Incomplete"", ""A_Incomplete""], ["">>"", null], [""W_Call incomplete files"", ""W_Call incomplete files""], ["">>"", null], [""W_Call incomplete files"", ""W_Call incomplete files""], ["">>"", null], [""W_Call incomplete files"", ""W_Call incomplete files""], ["">>"", null], [""W_Call incomplete files"", ""W_Call incomplete files""], ["">>"", null], ["">>"", null], ["">>"", null], ["">>"", null], ["">>"", null], ["">>"", null], [""W_Validate application"", ""W_Validate application""], ["">>"", null], ["">>"", null], ["">>"", null], [""W_Validate application"", ""W_Validate application""], [""A_Validating"", ""A_Validating""], ["">>"", null], ["">>"", null], [""W_Validate application"", ""W_Validate application""], ["">>"", null], ["">>"", null], ["">>"", null], ["">>"", null], ["">>"", null], ["">>"", null], ["">>"", null], [""O_Accepted"", ""O_Accepted""], [""A_Pending"", ""A_Pending""], ["">>"", null], ["">>"", null], ["">>"", null], ["">>"", null], [""W_Validate application"", ""W_Validate application""], ["">>"", null], ["">>"", null], ["">>"", null], ["">>"", null], ["">>"", null], ["">>"", null], ["">>"", null], ["">>"", null], ["">>"", null]]",[],[]
"('A_Create Application', 'A_Submitted', 'W_Handle leads', 'W_Handle leads', 'W_Complete application', 'A_Concept', 'W_Complete application', 'W_Complete application', 'W_Complete application', 'W_Complete application', 'W_Complete application', 'W_Complete application', 'W_Complete application', 'W_Complete application', 'W_Complete application', 'W_Complete application', 'W_Complete application', 'W_Complete application', 'W_Complete application', 'A_Accepted', 'O_Create Offer', 'O_Created', 'O_Sent (mail and online)', 'W_Complete application', 'W_Call after offers', 'W_Call after offers', 'A_Complete', 'W_Call after offers', 'W_Call after offers', 'W_Call after offers', 'O_Create Offer', 'O_Created', 'O_Sent (mail and online)', 'O_Create Offer', 'O_Created', 'O_Sent (mail and online)', 'W_Call after offers', 'W_Call after offers', 'A_Cancelled', 'O_Cancelled', 'O_Cancelled', 'O_Cancelled', 'W_Call after offers')",1,0,"[[""A_Create Application"", ""A_Create Application""], [""A_Submitted"", ""A_Submitted""], ["">>"", null], ["">>"", null], [""W_Handle leads"", ""W_Handle leads""], ["">>"", null], [""W_Handle leads"", ""W_Handle leads""], ["">>"", null], ["">>"", null], ["">>"", null], [""W_Complete application"", ""W_Complete application""], ["">>"", null], ["">>"", null], [""A_Concept"", ""A_Concept""], [""W_Complete application"", ""W_Complete application""], ["">>"", null], ["">>"", null], [""W_Complete application"", ""W_Complete application""], ["">>"", null], ["">>"", null], [""W_Complete application"", ""W_Complete application""], ["">>"", null], ["">>"", null], [""W_Complete application"", ""W_Complete application""], ["">>"", null], ["">>"", null], [""W_Complete application"", ""W_Complete application""], ["">>"", null], ["">>"", null], [""W_Complete application"", ""W_Complete application""], ["">>"", null], ["">>"", null], [""W_Complete application"", ""W_Complete application""], ["">>"", null], ["">>"", null], [""W_Complete application"", ""W_Complete application""], ["">>"", null], ["">>"", null], [""W_Complete application"", ""W_Complete application""], ["">>"", null], ["">>"", null], [""W_Complete application"", ""W_Complete application""], ["">>"", null], ["">>"", null], [""W_Complete application"", ""W_Complete application""], ["">>"", null], ["">>"", null], [""W_Complete application"", ""W_Complete application""], ["">>"", null], ["">>"", null], [""W_Complete application"", ""W_Complete application""], ["">>"", null], ["">>"", null], ["">>"", null], ["">>"", null], ["">>"", null], ["">>"", null], ["">>"", null], ["">>"", null], [""A_Accepted"", ""A_Accepted""], [""O_Create Offer"", ""O_Create Offer""], [""O_Created"", ""O_Created""], ["">>"", null], ["">>"", null], ["">>"", null], [""O_Sent (mail and online)"", ""O_Sent (mail and online)""], ["">>"", null], ["">>"", null], ["">>"", null], ["">>"", null], ["">>"", null], [""W_Complete application"", ""W_Complete application""], ["">>"", null], ["">>"", null], [""W_Call after offers"", ""W_Call after offers""], ["">>"", null], [""W_Call after offers"", ""W_Call after offers""], ["">>"", null], [""A_Complete"", ""A_Complete""], ["">>"", null], [""W_Call after offers"", ""W_Call after offers""], ["">>"", null], [""W_Call after offers"", ""W_Call after offers""], ["">>"", null], ["">>"", null], [""W_Call after offers"", ""W_Call after offers""], ["">>"", null], ["">>"", null], ["">>"", null], ["">>"", null], ["">>"", null], [""O_Create Offer"", ""O_Create Offer""], [""O_Created"", ""O_Created""], ["">>"", null], ["">>"", null], ["">>"", null], [""O_Sent (mail and online)"", ""O_Sent (mail and online)""], ["">>"", null], ["">>"", null], ["">>"", null], [""O_Create Offer"", ""O_Create Offer""], [""O_Created"", ""O_Created""], ["">>"", null], ["">>"", null], ["">>"", null], [""O_Sent (mail and online)"", ""O_Sent (mail and online)""], ["">>"", null], ["">>"", null], ["">>"", null], ["">>"", null], [""W_Call after offers"", ""W_Call after offers""], ["">>"", null], [""W_Call after offers"", ""W_Call after offers""], ["">>"", null], [""A_Cancelled"", ""A_Cancelled""], ["">>"", null], ["">>"", null], ["">>"", null], [""O_Cancelled"", ""O_Cancelled""], ["">>"", null], ["">>"", null], ["">>"", null], [""O_Cancelled"", ""O_Cancelled""], ["">>"", null], ["">>"", null], ["">>"", null], [""O_Cancelled"", ""O_Cancelled""], ["">>"", null], ["">>"", null], ["">>"", null], [""W_Call after offers"", ""W_Call after offers""], ["">>"", null], ["">>"", null], ["">>"", null], ["">>"", null]]",[],[]
"('A_Create Application', 'A_Submitted', 'W_Handle leads', 'W_Handle leads', 'W_Complete application', 'A_Concept', 'W_Complete application', 'W_Complete application', 'A_Accepted', 'O_Create Offer', 'O_Created', 'O_Sent (mail and online)', 'W_Complete application', 'W_Call after offers', 'W_Call after offers', 'A_Complete', 'W_Call after offers', 'W_Call after offers', 'W_Call after offers', 'W_Call after offers', 'W_Call after offers', 'W_Call after offers', 'W_Call after offers', 'W_Call after offers', 'W_Call after offers', 'W_Call after offers', 'W_Call after offers', 'W_Call after offers', 'W_Validate application', 'W_Validate application', 'A_Validating', 'O_Returned', 'W_Validate application', 'W_Validate application', 'W_Validate application', 'W_Validate application', 'W_Validate application', 'W_Call incomplete files', 'W_Call incomplete files', 'A_Incomplete', 'W_Call incomplete files', 'W_Call incomplete files', 'W_Call incomplete files', 'O_Accepted', 'A_Pending', 'W_Call incomplete files')",1,0,"[[""A_Create Application"", ""A_Create Application""], [""A_Submitted"", ""A_Submitted""], ["">>"", null], ["">>"", null], [""W_Handle leads"", ""W_Handle leads""], ["">>"", null], [""W_Handle leads"", ""W_Handle leads""], ["">>"", null], ["">>"", null], ["">>"", null], [""W_Complete application"", ""W_Complete application""], ["">>"", null], ["">>"", null], [""A_Concept"", ""A_Concept""], [""W_Complete application"", ""W_Complete application""], ["">>"", null], ["">>"", null], [""W_Complete application"", ""W_Complete application""], ["">>"", null], ["">>"", null], [""A_Accepted"", ""A_Accepted""], ["">>"", null], ["">>"", null], ["">>"", null], ["">>"", null], ["">>"", null], ["">>"", null], [""O_Create Offer"", ""O_Create Offer""], [""O_Created"", ""O_Created""], ["">>"", null], ["">>"", null], ["">>"", null], [""O_Sent (mail and online)"", ""O_Sent (mail and online)""], ["">>"", null], ["">>"", null], ["">>"", null], ["">>"", null], ["">>"", null], [""W_Complete application"", ""W_Complete application""], ["">>"", null], ["">>"", null], [""W_Call after offers"", ""W_Call after offers""], ["">>"", null], [""W_Call after offers"", ""W_Call after offers""], ["">>"", null], [""A_Complete"", ""A_Complete""], [""W_Call after offers"", ""W_Call after offers""], ["">>"", null], [""W_Call after offers"", ""W_Call after offers""], ["">>"", null], [""W_Call after offers"", ""W_Call after offers""], ["">>"", null], [""W_Call after offers"", ""W_Call after offers""], ["">>"", null], [""W_Call after offers"", ""W_Call after offers""], ["">>"", null], [""W_Call after offers"", ""W_Call after offers""], ["">>"", null], [""W_Call after offers"", ""W_Call after offers""], ["">>"", null], [""W_Call after offers"", ""W_Call after offers""], ["">>"", null], [""W_Call after offers"", ""W_Call after offers""], ["">>"", null], [""W_Call after offers"", ""W_Call after offers""], ["">>"", null], [""W_Call after offers"", ""W_Call after offers""], ["">>"", null], ["">>"", null], [""W_Call after offers"", ""W_Call after offers""], ["">>"", null], [""W_Validate application"", ""W_Validate application""], ["">>"", null], ["">>"", null], ["">>"", null], [""W_Validate application"", ""W_Validate application""], [""A_Validating"", ""A_Validating""], ["">>"", null], ["">>"", null], ["">>"", null], ["">>"", null], ["">>"", null], ["">>"", null], ["">>"", null], [""O_Returned"", ""O_Returned""], ["">>"", null], ["">>"", null], ["">>"", null], ["">>"", null], ["">>"", null], ["">>"", null], [""W_Validate application"", ""W_Validate application""], ["">>"", null], ["">>"", null], [""W_Validate application"", ""W_Validate application""], ["">>"", null], ["">>"", null], [""W_Validate application"", ""W_Validate application""], ["">>"", null], ["">>"", null], [""W_Validate application"", ""W_Validate application""], ["">>"", null], ["">>"", null], [""W_Validate application"", ""W_Validate application""], ["">>"", null], ["">>"", null], ["">>"", null], ["">>"", null], ["">>"", null], ["">>"", null], [""W_Call incomplete files"", ""W_Call incomplete files""], ["">>"", null], [""W_Call incomplete files"", ""W_Call incomplete files""], ["">>"", null], [""A_Incomplete"", ""A_Incomplete""], ["">>"", null], ["">>"", null], [""W_Call incomplete files"", ""W_Call incomplete files""], ["">>"", null], [""W_Call incomplete files"", ""W_Call incomplete files""], ["">>"", null], [""W_Call incomplete files"", ""W_Call incomplete files""], ["">>"", null], [""O_Accepted"", ""O_Accepted""], [""A_Pending"", ""A_Pending""], [""W_Call incomplete files"", ""W_Call incomplete files""], ["">>"", null], ["">>"", null], ["">>"", null], ["">>"", null], ["">>"", null], ["">>"", null], ["">>"", null]]",[],[]
"('A_Create Application', 'A_Submitted', 'W_Handle leads', 'W_Handle leads', 'W_Complete application', 'A_Concept', 'W_Complete application', 'W_Complete application', 'A_Accepted', 'W_Complete application', 'O_Create Offer', 'O_Created', 'O_Sent (mail and online)', 'W_Complete application', 'W_Call after offers', 'W_Call after offers', 'A_Complete', 'W_Call after offers', 'W_Call after offers', 'W_Call after offers', 'A_Cancelled', 'O_Cancelled', 'W_Call after offers')",3,0,"[[""A_Create Application"", ""A_Create Application""], [""A_Submitted"", ""A_Submitted""], ["">>"", null], ["">>"", null], ["">>"", null], [""W_Handle leads"", ""W_Handle leads""], ["">>"", null], [""W_Handle leads"", ""W_Handle leads""], ["">>"", null], ["">>"", null], ["">>"", null], [""W_Complete application"", ""W_Complete application""], ["">>"", null], ["">>"", null], [""A_Concept"", ""A_Concept""], [""W_Complete application"", ""W_Complete application""], ["">>"", null], ["">>"", null], [""W_Complete application"", ""W_Complete application""], ["">>"", null], ["">>"", null], [""A_Accepted"", ""A_Accepted""], [""W_Complete application"", ""W_Complete application""], ["">>"", null], ["">>"", null], ["">>"", null], ["">>"", null], ["">>"", null], ["">>"", null], ["">>"", null], ["">>"", null], [""O_Create Offer"", ""O_Create Offer""], [""O_Created"", ""O_Created""], ["">>"", null], ["">>"", null], ["">>"", null], [""O_Sent (mail and online)"", ""O_Sent (mail and online)""], ["">>"", null], ["">>"", null], ["">>"", null], ["">>"", null], ["">>"", null], [""W_Complete application"", ""W_Complete application""], ["">>"", null], ["">>"", null], [""W_Call after offers"", ""W_Call after offers""], ["">>"", null], [""W_Call after offers"", ""W_Call after offers""], ["">>"", null], [""A_Complete"", ""A_Complete""], ["">>"", null], ["">>"", null], [""W_Call after offers"", ""W_Call after offers""], ["">>"", null], [""W_Call after offers"", ""W_Call after offers""], ["">>"", null], [""W_Call after offers"", ""W_Call after offers""], ["">>"", null], [""A_Cancelled"", ""A_Cancelled""], ["">>"", null], ["">>"", null], ["">>"", null], [""O_Cancelled"", ""O_Cancelled""], ["">>"", null], ["">>"", null], ["">>"", null], [""W_Call after offers"", ""W_Call after offers""], ["">>"", null], ["">>"", null], ["">>"", null], ["">>"", null]]",[],[]
"('A_Create Application', 'A_Submitted', 'W_Handle leads', 'W_Handle leads', 'W_Complete application', 'A_Concept', 'W_Complete application', 'W_Complete application', 'W_Complete application', 'W_Complete application', 'A_Accepted', 'O_Create Offer', 'O_Created', 'O_Sent (mail and online)', 'W_Complete application', 'W_Call after offers', 'W_Call after offers', 'A_Complete', 'W_Call after offers', 'W_Call after offers', 'W_Call after offers', 'W_Call after offers', 'W_Validate application', 'W_Validate application', 'A_Validating', 'O_Returned', 'W_Validate application', 'W_Validate application', 'W_Call incomplete files', 'W_Call incomplete files', 'A_Incomplete', 'W_Call incomplete files', 'W_Call incomplete files', 'W_Call incomplete files', 'W_Validate application', 'W_Validate application', 'A_Validating', 'W_Validate application', 'O_Accepted', 'A_Pending', 'W_Validate application')",5,0,"[[""A_Create Application"", ""A_Create Application""], [""A_Submitted"", ""A_Submitted""], ["">>"", null], ["">>"", null], [""W_Handle leads"", ""W_Handle leads""], ["">>"", null], [""W_Handle leads"", ""W_Handle leads""], ["">>"", null], ["">>"", null], ["">>"", null], [""W_Complete application"", ""W_Complete application""], ["">>"", null], ["">>"", null], [""A_Concept"", ""A_Concept""], [""W_Complete application"", ""W_Complete application""], ["">>"", null], ["">>"", null], [""W_Complete application"", ""W_Complete application""], ["">>"", null], ["">>"", null], [""W_Complete application"", ""W_Complete application""], ["">>"", null], ["">>"", null], [""W_Complete application"", ""W_Complete application""], ["">>"", null], ["">>"", null], ["">>"", null], ["">>"", null], ["">>"", null], ["">>"", null], ["">>"", null], ["">>"", null], [""A_Accepted"", ""A_Accepted""], [""O_Create Offer"", ""O_Create Offer""], [""O_Created"", ""O_Created""], ["">>"", null], ["">>"", null], ["">>"", null], [""O_Sent (mail and online)"", ""O_Sent (mail and online)""], ["">>"", null], ["">>"", null], ["">>"", null], ["">>"", null], ["">>"", null], [""W_Complete application"", ""W_Complete application""], ["">>"", null], ["">>"", null], [""W_Call after offers"", ""W_Call after offers""], ["">>"", null], [""W_Call after offers"", ""W_Call after offers""], ["">>"", null], [""A_Complete"", ""A_Complete""], [""W_Call after offers"", ""W_Call after offers""], ["">>"", null], [""W_Call after offers"", ""W_Call after offers""], ["">>"", null], ["">>"", null], [""W_Call after offers"", ""W_Call after offers""], ["">>"", null], [""W_Call after offers"", ""W_Call after offers""], ["">>"", null], ["">>"", null], [""W_Validate application"", ""W_Validate application""], ["">>"", null], ["">>"", null], [""W_Validate application"", ""W_Validate application""], [""A_Validating"", ""A_Validating""], ["">>"", null], ["">>"", null], ["">>"", null], ["">>"", null], ["">>"", null], [""O_Returned"", ""O_Returned""], ["">>"", null], ["">>"", null], ["">>"", null], ["">>"", null], ["">>"", null], ["">>"", null], ["">>"", null], [""W_Validate application"", ""W_Validate application""], ["">>"", null], ["">>"", null], [""W_Validate application"", ""W_Validate application""], ["">>"", null], ["">>"", null], ["">>"", null], ["">>"", null], ["">>"", null], ["">>"", null], [""W_Call incomplete files"", ""W_Call incomplete files""], ["">>"", null], [""W_Call incomplete files"", ""W_Call incomplete files""], ["">>"", null], [""A_Incomplete"", ""A_Incomplete""], ["">>"", null], [""W_Call incomplete files"", ""W_Call incomplete files""], ["">>"", null], [""W_Call incomplete files"", ""W_Call incomplete files""], ["">>"", null], [""W_Call incomplete files"", ""W_Call incomplete files""], ["">>"", null], ["">>"", null], ["">>"", null], ["">>"", null], ["">>"", null], ["">>"", null], [""W_Validate application"", ""W_Validate application""], ["">>"", null], ["">>"", null], ["">>"", null], [""W_Validate application"", ""W_Validate application""], [""A_Validating"", ""A_Validating""], ["">>"", null], [""W_Validate application"", ""W_Validate application""], ["">>"", null], ["">>"", null], ["">>"", null], ["">>"", null], ["">>"", null], ["">>"", null], ["">>"", null], [""O_Accepted"", ""O_Accepted""], [""A_Pending"", ""A_Pending""], ["">>"", null], ["">>"", null], ["">>"", null], ["">>"", null], [""W_Validate application"", ""W_Validate application""], ["">>"", null], ["">>"", null], ["">>"", null], ["">>"", null], ["">>"", null], ["">>"", null], ["">>"", null], ["">>"", null], ["">>"", null]]",[],[]
"('A_Create Application', 'A_Submitted', 'W_Handle leads', 'W_Handle leads', 'W_Complete application', 'A_Concept', 'W_Complete application', 'W_Complete application', 'A_Accepted', 'O_Create Offer', 'O_Created', 'O_Sent (mail and online)', 'W_Complete application', 'W_Call after offers', 'W_Call after offers', 'A_Complete', 'W_Call after offers', 'W_Call after offers', 'W_Call after offers', 'W_Call after offers', 'W_Validate application', 'W_Validate application', 'A_Validating', 'O_Returned', 'W_Validate application', 'W_Validate application', 'W_Call incomplete files', 'W_Call incomplete files', 'A_Incomplete', 'W_Call incomplete files', 'W_Call incomplete files', 'W_Call incomplete files', 'W_Call incomplete files', 'W_Call incomplete files', 'W_Call incomplete files', 'W_Call incomplete files', 'W_Call incomplete files', 'W_Validate application', 'W_Validate application', 'A_Validating', 'W_Validate application', 'O_Accepted', 'A_Pending', 'W_Validate application')",4,0,"[[""A_Create Application"", ""A_Create Application""], [""A_Submitted"", ""A_Submitted""], ["">>"", null], ["">>"", null], [""W_Handle leads"", ""W_Handle leads""], ["">>"", null], [""W_Handle leads"", ""W_Handle leads""], ["">>"", null], ["">>"", null], ["">>"", null], [""W_Complete application"", ""W_Complete application""], ["">>"", null], ["">>"", null], [""A_Concept"", ""A_Concept""], [""W_Complete application"", ""W_Complete application""], ["">>"", null], ["">>"", null], [""W_Complete application"", ""W_Complete application""], ["">>"", null], [""A_Accepted"", ""A_Accepted""], ["">>"", null], ["">>"", null], ["">>"", null], ["">>"", null], ["">>"", null], ["">>"", null], [""O_Create Offer"", ""O_Create Offer""], [""O_Created"", ""O_Created""], ["">>"", null], ["">>"", null], ["">>"", null], [""O_Sent (mail and online)"", ""O_Sent (mail and online)""], ["">>"", null], ["">>"", null], ["">>"", null], ["">>"", null], ["">>"", null], ["">>"", null], [""W_Complete application"", ""W_Complete application""], ["">>"", null], ["">>"", null], [""W_Call after offers"", ""W_Call after offers""], ["">>"", null], [""W_Call after offers"", ""W_Call after offers""], ["">>"", null], [""A_Complete"", ""A_Complete""], ["">>"", null], [""W_Call after offers"", ""W_Call after offers""], ["">>"", null], [""W_Call after offers"", ""W_Call after offers""], ["">>"", null], [""W_Call after offers"", ""W_Call after offers""], ["">>"", null], [""W_Call after offers"", ""W_Call after offers""], ["">>"", null], [""W_Validate application"", ""W_Validate application""], ["">>"", null], ["">>"", null], [""W_Validate application"", ""W_Validate application""], [""A_Validating"", ""A_Validating""], ["">>"", null], ["">>"", null], ["">>"", null], ["">>"", null], ["">>"", null], [""O_Returned"", ""O_Returned""], ["">>"", null], ["">>"", null], ["">>"", null], ["">>"", null], ["">>"", null], ["">>"", null], ["">>"", null], ["">>"", null], [""W_Validate application"", ""W_Validate application""], ["">>"", null], ["">>"", null], [""W_Validate application"", ""W_Validate application""], ["">>"", null], ["">>"", null], ["">>"", null], ["">>"", null], ["">>"", null], ["">>"", null], [""W_Call incomplete files"", ""W_Call incomplete files""], ["">>"", null], [""W_Call incomplete files"", ""W_Call incomplete files""], ["">>"", null], [""A_Incomplete"", ""A_Incomplete""], ["">>"", null], [""W_Call incomplete files"", ""W_Call incomplete files""], ["">>"", null], [""W_Call incomplete files"", ""W_Call incomplete files""], ["">>"", null], [""W_Call incomplete files"", ""W_Call incomplete files""], ["">>"", null], [""W_Call incomplete files"", ""W_Call incomplete files""], ["">>"", null], [""W_Call incomplete files"", ""W_Call incomplete files""], ["">>"", null], [""W_Call incomplete files"", ""W_Call incomplete files""], ["">>"", null], [""W_Call incomplete files"", ""W_Call incomplete files""], ["">>"", null], [""W_Call incomplete files"", ""W_Call incomplete files""], ["">>"", null], ["">>"", null], ["">>"", null], ["">>"", null], ["">>"", null], ["">>"", null], [""W_Validate application"", ""W_Validate application""], ["">>"", null], ["">>"", null], [""W_Validate application"", ""W_Validate application""], [""A_Validating"", ""A_Validating""], ["">>"", null], ["">>"", null], [""W_Validate application"", ""W_Validate application""], ["">>"", null], ["">>"", null], ["">>"", null], ["">>"", null], ["">>"", null], ["">>"", null], ["">>"", null], [""O_Accepted"", ""O_Accepted""], [""A_Pending"", ""A_Pending""], ["">>"", null], ["">>"", null], ["">>"", null], ["">>"", null], [""W_Validate application"", ""W_Validate application""], ["">>"", null], ["">>"", null], ["">>"", null], ["">>"", null], ["">>"", null], ["">>"", null], ["">>"", null], ["">>"", null], ["">>"", null]]",[],[]
"('A_Create Application', 'A_Submitted', 'W_Handle leads', 'W_Handle leads', 'W_Complete application', 'A_Concept', 'W_Complete application', 'A_Accepted', 'O_Create Offer', 'O_Created', 'O_Sent (mail and online)', 'W_Complete application', 'W_Call after offers', 'W_Call after offers', 'A_Complete', 'W_Call after offers', 'W_Call after offers', 'W_Call after offers', 'W_Call after offers', 'W_Validate application', 'W_Validate application', 'A_Validating', 'O_Returned', 'W_Validate application', 'W_Validate application', 'W_Validate application', 'W_Validate application', 'W_Validate application', 'W_Call incomplete files', 'W_Call incomplete files', 'A_Incomplete', 'W_Call incomplete files', 'W_Call incomplete files', 'W_Call incomplete files', 'W_Call incomplete files', 'W_Validate application', 'W_Validate application', 'A_Validating', 'W_Validate application', 'W_Validate application', 'W_Validate application', 'W_Call incomplete files', 'W_Call incomplete files', 'A_Incomplete', 'W_Call incomplete files', 'W_Call incomplete files', 'W_Call incomplete files', 'W_Validate application', 'W_Validate application', 'A_Validating', 'W_Validate application', 'W_Validate application', 'W_Validate application', 'W_Validate application', 'W_Validate application', 'W_Validate application', 'W_Validate application', 'W_Validate application', 'W_Validate application', 'W_Validate application', 'O_Accepted', 'A_Pending', 'W_Validate application')",1,0,"[[""A_Create Application"", ""A_Create Application""], [""A_Submitted"", ""A_Submitted""], ["">>"", null], ["">>"", null], [""W_Handle leads"", ""W_Handle leads""], ["">>"", null], [""W_Handle leads"", ""W_Handle leads""], ["">>"", null], ["">>"", null], ["">>"", null], [""W_Complete application"", ""W_Complete application""], ["">>"", null], ["">>"", null], [""A_Concept"", ""A_Concept""], [""W_Complete application"", ""W_Complete application""], ["">>"", null], [""A_Accepted"", ""A_Accepted""], ["">>"", null], ["">>"", null], ["">>"", null], ["">>"", null], ["">>"", null], ["">>"", null], [""O_Create Offer"", ""O_Create Offer""], [""O_Created"", ""O_Created""], ["">>"", null], ["">>"", null], ["">>"", null], [""O_Sent (mail and online)"", ""O_Sent (mail and online)""], ["">>"", null], ["">>"", null], ["">>"", null], ["">>"", null], ["">>"", null], ["">>"", null], [""W_Complete application"", ""W_Complete application""], ["">>"", null], ["">>"", null], [""W_Call after offers"", ""W_Call after offers""], ["">>"", null], [""W_Call after offers"", ""W_Call after offers""], ["">>"", null], [""A_Complete"", ""A_Complete""], [""W_Call after offers"", ""W_Call after offers""], ["">>"", null], [""W_Call after offers"", ""W_Call after offers""], ["">>"", null], [""W_Call after offers"", ""W_Call after offers""], ["">>"", null], ["">>"", null], [""W_Call after offers"", ""W_Call after offers""], ["">>"", null], [""W_Validate application"", ""W_Validate application""], ["">>"", null], ["">>"", null], [""W_Validate application"", ""W_Validate application""], [""A_Validating"", ""A_Validating""], ["">>"", null], ["">>"", null], ["">>"", null], ["">>"", null], ["">>"", null], ["">>"", null], [""O_Returned"", ""O_Returned""], ["">>"", null], ["">>"", null], ["">>"", null], ["">>"", null], ["">>"", null], ["">>"", null], [""W_Validate application"", ""W_Validate application""], ["">>"", null], ["">>"", null], [""W_Validate application"", ""W_Validate application""], ["">>"", null], ["">>"", null], [""W_Validate application"", ""W_Validate application""], ["">>"", null], ["">>"", null], [""W_Validate application"", ""W_Validate application""], ["">>"", null], ["">>"", null], [""W_Validate application"", ""W_Validate application""], ["">>"", null], ["">>"", null], ["">>"", null], ["">>"", null], ["">>"", null], [""W_Call incomplete files"", ""W_Call incomplete files""], ["">>"", null], [""W_Call incomplete files"", ""W_Call incomplete files""], ["">>"", null], ["">>"", null], [""A_Incomplete"", ""A_Incomplete""], ["">>"", null], [""W_Call incomplete files"", ""W_Call incomplete files""], ["">>"", null], [""W_Call incomplete files"", ""W_Call incomplete files""], ["">>"", null], [""W_Call incomplete files"", ""W_Call incomplete files""], ["">>"", null], [""W_Call incomplete files"", ""W_Call incomplete files""], ["">>"", null], ["">>"", null], ["">>"", null], ["">>"", null], ["">>"", null], ["">>"", null], [""W_Validate application"", ""W_Validate application""], ["">>"", null], ["">>"", null], [""W_Validate application"", ""W_Validate application""], [""A_Validating"", ""A_Validating""], ["">>"", null], [""W_Validate application"", ""W_Validate application""], ["">>"", null], ["">>"", null], [""W_Validate application"", ""W_Validate application""], ["">>"", null], ["">>"", null], [""W_Validate application"", ""W_Validate application""], ["">>"", null], ["">>"", null], ["">>"", null], ["">>"", null], ["">>"", null], [""W_Call incomplete files"", ""W_Call incomplete files""], ["">>"", null], [""W_Call incomplete files"", ""W_Call incomplete files""], ["">>"", null], ["">>"", null], [""A_Incomplete"", ""A_Incomplete""], ["">>"", null], [""W_Call incomplete files"", ""W_Call incomplete files""], ["">>"", null], [""W_Call incomplete files"", ""W_Call incomplete files""], ["">>"", null], [""W_Call incomplete files"", ""W_Call incomplete files""], ["">>"", null], ["">>"", null], ["">>"", null], ["">>"", null], ["">>"", null], ["">>"", null], ["">>"", null], [""W_Validate application"", ""W_Validate application""], ["">>"", null], ["">>"", null], ["">>"", null], [""W_Validate application"", ""W_Validate application""], [""A_Validating"", ""A_Validating""], ["">>"", null], [""W_Validate application"", ""W_Validate application""], ["">>"", null], ["">>"", null], [""W_Validate application"", ""W_Validate application""], ["">>"", null], ["">>"", null], [""W_Validate application"", ""W_Validate application""], ["">>"", null], ["">>"", null], [""W_Validate application"", ""W_Validate application""], ["">>"", null], ["">>"", null], [""W_Validate application"", ""W_Validate application""], ["">>"", null], ["">>"", null], [""W_Validate application"", ""W_Validate application""], ["">>"", null], ["">>"", null], [""W_Validate application"", ""W_Validate application""], ["">>"", null], ["">>"", null], [""W_Validate application"", ""W_Validate application""], ["">>"", null], ["">>"", null], [""W_Validate application"", ""W_Validate application""], ["">>"", null], ["">>"", null], [""W_Validate application"", ""W_Validate application""], ["">>"", null], ["">>"", null], ["">>"", null], ["">>"", null], ["">>"", null], ["">>"", null], ["">>"", null], [""O_Accepted"", ""O_Accepted""], [""A_Pending"", ""A_Pending""], ["">>"", null], ["">>"", null], ["">>"", null], ["">>"", null], [""W_Validate application"", ""W_Validate application""], ["">>"", null], ["">>"", null], ["">>"", null], ["">>"", null], ["">>"", null], ["">>"", null], ["">>"", null], ["">>"", null], ["">>"", null]]",[],[]
"('A_Create Application', 'A_Submitted', 'W_Handle leads', 'W_Handle leads', 'W_Complete application', 'A_Concept', 'W_Complete application', 'W_Complete application', 'W_Complete application', 'W_Complete application', 'W_Complete application', 'W_Complete application', 'A_Accepted', 'O_Create Offer', 'O_Created', 'O_Sent (mail and online)', 'W_Complete application', 'W_Call after offers', 'W_Call after offers', 'A_Complete', 'W_Call after offers', 'W_Call after offers', 'W_Call after offers', 'W_Call after offers', 'W_Validate application', 'W_Validate application', 'A_Validating', 'O_Returned', 'W_Validate application', 'W_Validate application', 'W_Validate application', 'W_Validate application', 'W_Validate application', 'W_Call incomplete files', 'W_Call incomplete files', 'A_Incomplete', 'W_Call incomplete files', 'W_Call incomplete files', 'W_Call incomplete files', 'O_Accepted', 'A_Pending', 'W_Call incomplete files')",2,0,"[[""A_Create Application"", ""A_Create Application""], [""A_Submitted"", ""A_Submitted""], ["">>"", null], ["">>"", null], [""W_Handle leads"", ""W_Handle leads""], ["">>"", null], [""W_Handle leads"", ""W_Handle leads""], ["">>"", null], ["">>"", null], ["">>"", null], [""W_Complete application"", ""W_Complete application""], ["">>"", null], ["">>"", null], [""A_Concept"", ""A_Concept""], [""W_Complete application"", ""W_Complete application""], ["">>"", null], ["">>"", null], [""W_Complete application"", ""W_Complete application""], ["">>"", null], ["">>"", null], [""W_Complete application"", ""W_Complete application""], ["">>"", null], ["">>"", null], [""W_Complete application"", ""W_Complete application""], ["">>"", null], ["">>"", null], [""W_Complete application"", ""W_Complete application""], ["">>"", null], ["">>"", null], [""W_Complete application"", ""W_Complete application""], ["">>"", null], ["">>"", null], ["">>"", null], ["">>"", null], ["">>"", null], ["">>"", null], ["">>"", null], [""A_Accepted"", ""A_Accepted""], [""O_Create Offer"", ""O_Create Offer""], [""O_Created"", ""O_Created""], ["">>"", null], ["">>"", null], ["">>"", null], [""O_Sent (mail and online)"", ""O_Sent (mail and online)""], ["">>"", null], ["">>"", null], ["">>"", null], ["">>"", null], ["">>"", null], ["">>"", null], ["">>"", null], [""W_Complete application"", ""W_Complete application""], ["">>"", null], ["">>"", null], [""W_Call after offers"", ""W_Call after offers""], ["">>"", null], [""W_Call after offers"", ""W_Call after offers""], ["">>"", null], [""A_Complete"", ""A_Complete""], [""W_Call after offers"", ""W_Call after offers""], ["">>"", null], [""W_Call after offers"", ""W_Call after offers""], ["">>"", null], [""W_Call after offers"", ""W_Call after offers""], ["">>"", null], ["">>"", null], [""W_Call after offers"", ""W_Call after offers""], ["">>"", null], ["">>"", null], [""W_Validate application"", ""W_Validate application""], ["">>"", null], ["">>"", null], [""W_Validate application"", ""W_Validate application""], [""A_Validating"", ""A_Validating""], ["">>"", null], ["">>"", null], ["">>"", null], ["">>"", null], ["">>"", null], ["">>"", null], [""O_Returned"", ""O_Returned""], ["">>"", null], ["">>"", null], ["">>"", null], ["">>"", null], ["">>"", null], ["">>"", null], [""W_Validate application"", ""W_Validate application""], ["">>"", null], ["">>"", null], [""W_Validate application"", ""W_Validate application""], ["">>"", null], ["">>"", null], [""W_Validate application"", ""W_Validate application""], ["">>"", null], ["">>"", null], [""W_Validate application"", ""W_Validate application""], ["">>"", null], ["">>"", null], [""W_Validate application"", ""W_Validate application""], ["">>"", null], ["">>"", null], ["">>"", null], ["">>"", null], ["">>"", null], ["">>"", null], [""W_Call incomplete files"", ""W_Call incomplete files""], ["">>"", null], [""W_Call incomplete files"", ""W_Call incomplete files""], ["">>"", null], [""A_Incomplete"", ""A_Incomplete""], ["">>"", null], ["">>"", null], [""W_Call incomplete files"", ""W_Call incomplete files""], ["">>"", null], [""W_Call incomplete files"", ""W_Call incomplete files""], ["">>"", null], [""W_Call incomplete files"", ""W_Call incomplete files""], ["">>"", null], [""O_Accepted"", ""O_Accepted""], [""A_Pending"", ""A_Pending""], [""W_Call incomplete files"", ""W_Call incomplete files""], ["">>"", null], ["">>"", null], ["">>"", null], ["">>"", null], ["">>"", null], ["">>"", null], ["">>"", null]]",[],[]
"('A_Create Application', 'A_Submitted', 'W_Handle leads', 'W_Handle leads', 'W_Complete application', 'A_Concept', 'W_Complete application', 'A_Accepted', 'O_Create Offer', 'O_Created', 'O_Sent (mail and online)', 'W_Complete application', 'W_Call after offers', 'W_Call after offers', 'A_Complete', 'W_Call after offers', 'W_Call after offers', 'W_Call after offers', 'W_Call after offers', 'W_Validate application', 'W_Validate application', 'A_Validating', 'O_Returned', 'W_Validate application', 'W_Validate application', 'W_Validate application', 'W_Validate application', 'W_Validate application', 'W_Validate application', 'W_Validate application', 'W_Call incomplete files', 'W_Call incomplete files', 'A_Incomplete', 'A_Denied', 'O_Refused', 'W_Call incomplete files')",1,0,"[[""A_Create Application"", ""A_Create Application""], [""A_Submitted"", ""A_Submitted""], ["">>"", null], ["">>"", null], [""W_Handle leads"", ""W_Handle leads""], ["">>"", null], [""W_Handle leads"", ""W_Handle leads""], ["">>"", null], ["">>"", null], ["">>"", null], [""W_Complete application"", ""W_Complete application""], [""A_Concept"", ""A_Concept""], ["">>"", null], ["">>"", null], [""W_Complete application"", ""W_Complete application""], ["">>"", null], [""A_Accepted"", ""A_Accepted""], ["">>"", null], ["">>"", null], ["">>"", null], ["">>"", null], ["">>"", null], ["">>"", null], [""O_Create Offer"", ""O_Create Offer""], [""O_Created"", ""O_Created""], ["">>"", null], ["">>"", null], ["">>"", null], [""O_Sent (mail and online)"", ""O_Sent (mail and online)""], ["">>"", null], ["">>"", null], ["">>"", null], ["">>"", null], ["">>"", null], ["">>"", null], [""W_Complete application"", ""W_Complete application""], ["">>"", null], ["">>"", null], [""W_Call after offers"", ""W_Call after offers""], ["">>"", null], [""W_Call after offers"", ""W_Call after offers""], ["">>"", null], [""A_Complete"", ""A_Complete""], ["">>"", null], ["">>"", null], [""W_Call after offers"", ""W_Call after offers""], ["">>"", null], [""W_Call after offers"", ""W_Call after offers""], ["">>"", null], [""W_Call after offers"", ""W_Call after offers""], ["">>"", null], [""W_Call after offers"", ""W_Call after offers""], ["">>"", null], ["">>"", null], [""W_Validate application"", ""W_Validate application""], ["">>"", null], ["">>"", null], [""W_Validate application"", ""W_Validate application""], [""A_Validating"", ""A_Validating""], ["">>"", null], ["">>"", null], ["">>"", null], ["">>"", null], ["">>"", null], ["">>"", null], [""O_Returned"", ""O_Returned""], ["">>"", null], ["">>"", null], ["">>"", null], ["">>"", null], ["">>"", null], ["">>"", null], [""W_Validate application"", ""W_Validate application""], ["">>"", null], ["">>"", null], [""W_Validate application"", ""W_Validate application""], ["">>"", null], ["">>"", null], [""W_Validate application"", ""W_Validate application""], ["">>"", null], ["">>"", null], [""W_Validate application"", ""W_Validate application""], ["">>"", null], ["">>"", null], [""W_Validate application"", ""W_Validate application""], ["">>"", null], ["">>"", null], [""W_Validate application"", ""W_Validate application""], ["">>"", null], ["">>"", null], [""W_Validate application"", ""W_Validate application""], ["">>"", null], ["">>"", null], ["">>"", null], ["">>"", null], ["">>"", null], [""W_Call incomplete files"", ""W_Call incomplete files""], ["">>"", null], ["">>"", null], [""W_Call incomplete files"", ""W_Call incomplete files""], ["">>"", null], [""A_Incomplete"", ""A_Incomplete""], ["">>"", null], [""A_Denied"", ""A_Denied""], ["">>"", null], [""O_Refused"", ""O_Refused""], ["">>"", null], [""W_Call incomplete files"", ""W_Call incomplete files""], ["">>"", null], ["">>"", null], ["">>"", null], ["">>"", null], ["">>"", null], ["">>"", null], ["">>"", null]]",[],[]
"('A_Create Application', 'A_Submitted', 'W_Handle leads', 'W_Handle leads', 'W_Complete application', 'A_Concept', 'W_Complete application', 'W_Complete application', 'W_Complete application', 'W_Complete application', 'W_Complete application', 'W_Complete application', 'A_Accepted', 'O_Create Offer', 'O_Created', 'O_Sent (mail and online)', 'W_Complete application', 'W_Call after offers', 'W_Call after offers', 'A_Complete', 'W_Call after offers', 'W_Call after offers', 'W_Call after offers', 'O_Create Offer', 'O_Created', 'O_Sent (mail and online)', 'W_Call after offers', 'W_Validate application', 'W_Validate application', 'A_Validating', 'O_Returned', 'W_Validate application', 'W_Validate application', 'W_Call incomplete files', 'W_Call incomplete files', 'A_Incomplete', 'W_Call incomplete files', 'W_Call incomplete files', 'W_Call incomplete files', 'O_Accepted', 'A_Pending', 'W_Call incomplete files', 'O_Cancelled')",1,0,"[[""A_Create Application"", ""A_Create Application""], [""A_Submitted"", ""A_Submitted""], ["">>"", null], ["">>"", null], [""W_Handle leads"", ""W_Handle leads""], ["">>"", null], [""W_Handle leads"", ""W_Handle leads""], ["">>"", null], ["">>"", null], ["">>"", null], [""W_Complete application"", ""W_Complete application""], [""A_Concept"", ""A_Concept""], ["">>"", null], ["">>"", null], [""W_Complete application"", ""W_Complete application""], ["">>"", null], ["">>"", null], [""W_Complete application"", ""W_Complete application""], ["">>"", null], ["">>"", null], [""W_Complete application"", ""W_Complete application""], ["">>"", null], ["">>"", null], [""W_Complete application"", ""W_Complete application""], ["">>"", null], ["">>"", null], [""W_Complete application"", ""W_Complete application""], ["">>"", null], ["">>"", null], [""W_Complete application"", ""W_Complete application""], ["">>"", null], ["">>"", null], ["">>"", null], ["">>"", null], ["">>"", null], ["">>"", null], ["">>"", null], ["">>"", null], [""A_Accepted"", ""A_Accepted""], [""O_Create Offer"", ""O_Create Offer""], [""O_Created"", ""O_Created""], ["">>"", null], ["">>"", null], ["">>"", null], [""O_Sent (mail and online)"", ""O_Sent (mail and online)""], ["">>"", null], ["">>"", null], ["">>"", null], ["">>"", null], ["">>"", null], ["">>"", null], [""W_Complete application"", ""W_Complete application""], ["">>"", null], ["">>"", null], [""W_Call after offers"", ""W_Call after offers""], ["">>"", null], [""W_Call after offers"", ""W_Call after offers""], ["">>"", null], [""A_Complete"", ""A_Complete""], [""W_Call after offers"", ""W_Call after offers""], ["">>"", null], ["">>"", null], [""W_Call after offers"", ""W_Call after offers""], ["">>"", null], [""W_Call after offers"", ""W_Call after offers""], ["">>"", null], ["">>"", null], ["">>"", null], ["">>"", null], ["">>"", null], [""O_Create Offer"", ""O_Create Offer""], [""O_Created"", ""O_Created""], ["">>"", null], ["">>"", null], ["">>"", null], [""O_Sent (mail and online)"", ""O_Sent (mail and online)""], ["">>"", null], ["">>"", null], ["">>"", null], [""W_Call after offers"", ""W_Call after offers""], ["">>"", null], ["">>"", null], [""W_Validate application"", ""W_Validate application""], ["">>"", null], ["">>"", null], [""W_Validate application"", ""W_Validate application""], [""A_Validating"", ""A_Validating""], ["">>"", null], ["">>"", null], ["">>"", null], ["">>"", null], ["">>"", null], ["">>"", null], [""O_Returned"", ""O_Returned""], ["">>"", null], ["">>"", null], ["">>"", null], ["">>"", null], ["">>"", null], ["">>"", null], [""W_Validate application"", ""W_Validate application""], ["">>"", null], ["">>"", null], [""W_Validate application"", ""W_Validate application""], ["">>"", null], ["">>"", null], ["">>"", null], ["">>"", null], ["">>"", null], [""W_Call incomplete files"", ""W_Call incomplete files""], ["">>"", null], [""W_Call incomplete files"", ""W_Call incomplete files""], ["">>"", null], ["">>"", null], [""A_Incomplete"", ""A_Incomplete""], ["">>"", null], ["">>"", null], [""W_Call incomplete files"", ""W_Call incomplete files""], ["">>"", null], [""W_Call incomplete files"", ""W_Call incomplete files""], ["">>"", null], [""W_Call incomplete files"", ""W_Call incomplete files""], ["">>"", null], [""O_Accepted"", ""O_Accepted""], [""A_Pending"", ""A_Pending""], [""W_Call incomplete files"", ""W_Call incomplete files""], ["">>"", null], ["">>"", null], ["">>"", null], ["">>"", null], [""O_Cancelled"", ""O_Cancelled""], ["">>"", null], ["">>"", null], ["">>"", null], ["">>"", null], ["">>"", null], ["">>"", null]]",[],[]
"('A_Create Application', 'A_Submitted', 'W_Handle leads', 'W_Handle leads', 'W_Complete application', 'A_Concept', 'W_Complete application', 'W_Complete application', 'A_Accepted', 'O_Create Offer', 'O_Created', 'O_Sent (mail and online)', 'W_Complete application', 'W_Call after offers', 'W_Call after offers', 'A_Complete', 'W_Call after offers', 'O_Create Offer', 'O_Created', 'O_Sent (mail and online)', 'W_Call after offers', 'W_Call after offers', 'W_Call after offers', 'W_Validate application', 'W_Validate application', 'A_Validating', 'O_Returned', 'W_Validate application', 'W_Validate application', 'O_Accepted', 'A_Pending', 'W_Validate application', 'O_Cancelled')",3,0,"[[""A_Create Application"", ""A_Create Application""], [""A_Submitted"", ""A_Submitted""], ["">>"", null], ["">>"", null], [""W_Handle leads"", ""W_Handle leads""], ["">>"", null], [""W_Handle leads"", ""W_Handle leads""], ["">>"", null], ["">>"", null], ["">>"", null], [""W_Complete application"", ""W_Complete application""], ["">>"", null], ["">>"", null], [""A_Concept"", ""A_Concept""], [""W_Complete application"", ""W_Complete application""], ["">>"", null], ["">>"", null], [""W_Complete application"", ""W_Complete application""], ["">>"", null], ["">>"", null], ["">>"", null], ["">>"", null], [""A_Accepted"", ""A_Accepted""], ["">>"", null], ["">>"", null], ["">>"", null], ["">>"", null], [""O_Create Offer"", ""O_Create Offer""], [""O_Created"", ""O_Created""], ["">>"", null], ["">>"", null], ["">>"", null], [""O_Sent (mail and online)"", ""O_Sent (mail and online)""], ["">>"", null], ["">>"", null], ["">>"", null], ["">>"", null], ["">>"", null], [""W_Complete application"", ""W_Complete application""], ["">>"", null], ["">>"", null], [""W_Call after offers"", ""W_Call after offers""], ["">>"", null], [""W_Call after offers"", ""W_Call after offers""], ["">>"", null], [""A_Complete"", ""A_Complete""], ["">>"", null], [""W_Call after offers"", ""W_Call after offers""], ["">>"", null], ["">>"", null], ["">>"", null], ["">>"", null], ["">>"", null], ["">>"", null], [""O_Create Offer"", ""O_Create Offer""], [""O_Created"", ""O_Created""], ["">>"", null], ["">>"", null], ["">>"", null], [""O_Sent (mail and online)"", ""O_Sent (mail and online)""], ["">>"", null], ["">>"", null], ["">>"", null], [""W_Call after offers"", ""W_Call after offers""], ["">>"", null], [""W_Call after offers"", ""W_Call after offers""], ["">>"", null], [""W_Call after offers"", ""W_Call after offers""], ["">>"", null], ["">>"", null], [""W_Validate application"", ""W_Validate application""], ["">>"", null], ["">>"", null], [""W_Validate application"", ""W_Validate application""], [""A_Validating"", ""A_Validating""], ["">>"", null], ["">>"", null], ["">>"", null], ["">>"", null], ["">>"", null], ["">>"", null], [""O_Returned"", ""O_Returned""], ["">>"", null], ["">>"", null], ["">>"", null], ["">>"", null], ["">>"", null], ["">>"", null], [""W_Validate application"", ""W_Validate application""], ["">>"", null], ["">>"", null], [""W_Validate application"", ""W_Validate application""], ["">>"", null], ["">>"", null], ["">>"", null], ["">>"", null], ["">>"", null], ["">>"", null], ["">>"", null], [""O_Accepted"", ""O_Accepted""], [""A_Pending"", ""A_Pending""], ["">>"", null], ["">>"", null], ["">>"", null], ["">>"", null], [""W_Validate application"", ""W_Validate application""], ["">>"", null], ["">>"", null], ["">>"", null], ["">>"", null], ["">>"", null], ["">>"", null], [""O_Cancelled"", ""O_Cancelled""], ["">>"", null], ["">>"", null], ["">>"", null], ["">>"", null], ["">>"", null], ["">>"", null]]",[],[]
"('A_Create Application', 'A_Submitted', 'W_Handle leads', 'W_Handle leads', 'W_Handle leads', 'W_Complete application', 'W_Complete application', 'A_Concept', 'W_Complete application', 'W_Complete application', 'W_Complete application', 'W_Complete application', 'W_Complete application', 'A_Accepted', 'O_Create Offer', 'O_Created', 'O_Sent (mail and online)', 'W_Complete application', 'W_Call after offers', 'W_Call after offers', 'A_Complete', 'W_Call after offers', 'W_Call after offers', 'W_Validate application', 'W_Validate application', 'A_Validating', 'O_Returned', 'W_Validate application', 'W_Call incomplete files', 'W_Call incomplete files', 'A_Incomplete', 'W_Call incomplete files', 'W_Call incomplete files', 'W_Call incomplete files', 'W_Call incomplete files', 'W_Call incomplete files', 'W_Call incomplete files', 'W_Call incomplete files', 'W_Call incomplete files', 'W_Validate application', 'W_Validate application', 'A_Validating', 'W_Validate application', 'W_Validate application', 'W_Validate application', 'W_Validate application', 'W_Validate application', 'W_Validate application', 'W_Validate application', 'W_Call incomplete files', 'W_Call incomplete files', 'A_Incomplete', 'W_Call incomplete files', 'W_Call incomplete files', 'W_Call incomplete files', 'W_Validate application', 'W_Validate application', 'A_Validating', 'W_Validate application', 'W_Validate application', 'O_Accepted', 'A_Pending', 'W_Validate application')",1,0,"[[""A_Create Application"", ""A_Create Application""], [""A_Submitted"", ""A_Submitted""], ["">>"", null], ["">>"", null], ["">>"", null], [""W_Handle leads"", ""W_Handle leads""], ["">>"", null], [""W_Handle leads"", ""W_Handle leads""], ["">>"", null], [""W_Handle leads"", ""W_Handle leads""], ["">>"", null], ["">>"", null], ["">>"", null], [""W_Complete application"", ""W_Complete application""], ["">>"", null], ["">>"", null], [""W_Complete application"", ""W_Complete application""], ["">>"", null], ["">>"", null], [""A_Concept"", ""A_Concept""], [""W_Complete application"", ""W_Complete application""], ["">>"", null], ["">>"", null], [""W_Complete application"", ""W_Complete application""], ["">>"", null], ["">>"", null], [""W_Complete application"", ""W_Complete application""], ["">>"", null], ["">>"", null], [""W_Complete application"", ""W_Complete application""], ["">>"", null], ["">>"", null], [""W_Complete application"", ""W_Complete application""], ["">>"", null], ["">>"", null], ["">>"", null], ["">>"", null], ["">>"", null], ["">>"", null], ["">>"", null], ["">>"", null], [""A_Accepted"", ""A_Accepted""], [""O_Create Offer"", ""O_Create Offer""], [""O_Created"", ""O_Created""], ["">>"", null], ["">>"", null], ["">>"", null], [""O_Sent (mail and online)"", ""O_Sent (mail and online)""], ["">>"", null], ["">>"", null], ["">>"", null], ["">>"", null], ["">>"", null], [""W_Complete application"", ""W_Complete application""], ["">>"", null], ["">>"", null], [""W_Call after offers"", ""W_Call after offers""], ["">>"", null], [""W_Call after offers"", ""W_Call after offers""], [""A_Complete"", ""A_Complete""], ["">>"", null], ["">>"", null], [""W_Call after offers"", ""W_Call after offers""], ["">>"", null], [""W_Call after offers"", ""W_Call after offers""], ["">>"", null], ["">>"", null], [""W_Validate application"", ""W_Validate application""], ["">>"", null], ["">>"", null], [""W_Validate application"", ""W_Validate application""], [""A_Validating"", ""A_Validating""], ["">>"", null], ["">>"", null], ["">>"", null], ["">>"", null], ["">>"", null], ["">>"", null], [""O_Returned"", ""O_Returned""], ["">>"", null], ["">>"", null], ["">>"", null], ["">>"", null], ["">>"", null], ["">>"", null], [""W_Validate application"", ""W_Validate application""], ["">>"", null], ["">>"", null], ["">>"", null], ["">>"", null], ["">>"", null], ["">>"", null], [""W_Call incomplete files"", ""W_Call incomplete files""], ["">>"", null], [""W_Call incomplete files"", ""W_Call incomplete files""], ["">>"", null], [""A_Incomplete"", ""A_Incomplete""], ["">>"", null], [""W_Call incomplete files"", ""W_Call incomplete files""], ["">>"", null], [""W_Call incomplete files"", ""W_Call incomplete files""], ["">>"", null], [""W_Call incomplete files"", ""W_Call incomplete files""], ["">>"", null], [""W_Call incomplete files"", ""W_Call incomplete files""], ["">>"", null], [""W_Call incomplete files"", ""W_Call incomplete files""], ["">>"", null], [""W_Call incomplete files"", ""W_Call incomplete files""], ["">>"", null], [""W_Call incomplete files"", ""W_Call incomplete files""], ["">>"", null], [""W_Call incomplete files"", ""W_Call incomplete files""], ["">>"", null], ["">>"", null], ["">>"", null], ["">>"", null], ["">>"", null], ["">>"", null], [""W_Validate application"", ""W_Validate application""], ["">>"", null], ["">>"", null], [""W_Validate application"", ""W_Validate application""], [""A_Validating"", ""A_Validating""], ["">>"", null], [""W_Validate application"", ""W_Validate application""], ["">>"", null], ["">>"", null], [""W_Validate application"", ""W_Validate application""], ["">>"", null], ["">>"", null], [""W_Validate application"", ""W_Validate application""], ["">>"", null], ["">>"", null], [""W_Validate application"", ""W_Validate application""], ["">>"", null], ["">>"", null], [""W_Validate application"", ""W_Validate application""], ["">>"", null], ["">>"", null], [""W_Validate application"", ""W_Validate application""], ["">>"", null], ["">>"", null], [""W_Validate application"", ""W_Validate application""], ["">>"", null], ["">>"", null], ["">>"", null], ["">>"", null], ["">>"", null], ["">>"", null], [""W_Call incomplete files"", ""W_Call incomplete files""], ["">>"", null], [""W_Call incomplete files"", ""W_Call incomplete files""], ["">>"", null], [""A_Incomplete"", ""A_Incomplete""], ["">>"", null], [""W_Call incomplete files"", ""W_Call incomplete files""], ["">>"", null], [""W_Call incomplete files"", ""W_Call incomplete files""], ["">>"", null], [""W_Call incomplete files"", ""W_Call incomplete files""], ["">>"", null], ["">>"", null], ["">>"", null], ["">>"", null], ["">>"", null], ["">>"", null], [""W_Validate application"", ""W_Validate application""], ["">>"", null], ["">>"", null], [""W_Validate application"", ""W_Validate application""], [""A_Validating"", ""A_Validating""], ["">>"", null], [""W_Validate application"", ""W_Validate application""], ["">>"", null], ["">>"", null], [""W_Validate application"", ""W_Validate application""], ["">>"", null], ["">>"", null], ["">>"", null], ["">>"", null], ["">>"", null], ["">>"", null], ["">>"", null], [""O_Accepted"", ""O_Accepted""], [""A_Pending"", ""A_Pending""], ["">>"", null], ["">>"", null], ["">>"", null], ["">>"", null], [""W_Validate application"", ""W_Validate application""], ["">>"", null], ["">>"", null], ["">>"", null], ["">>"", null], ["">>"", null], ["">>"", null], ["">>"", null], ["">>"", null], ["">>"", null]]",[],[]
"('A_Create Application', 'A_Submitted', 'W_Handle leads', 'W_Handle leads', 'W_Complete application', 'A_Concept', 'W_Complete application', 'W_Complete application', 'W_Complete application', 'W_Complete application', 'W_Complete application', 'W_Complete application', 'W_Complete application', 'W_Complete application', 'W_Complete application', 'A_Accepted', 'W_Complete application', 'W_Complete application', 'W_Complete application', 'O_Create Offer', 'O_Created', 'O_Sent (mail and online)', 'W_Complete application', 'W_Call after offers', 'W_Call after offers', 'A_Complete', 'W_Call after offers', 'W_Call after offers', 'W_Call after offers', 'O_Create Offer', 'O_Created', 'O_Sent (mail and online)', 'W_Call after offers', 'W_Validate application', 'W_Validate application', 'A_Validating', 'O_Returned', 'W_Validate application', 'W_Validate application', 'W_Validate application', 'W_Validate application', 'W_Validate application', 'W_Call incomplete files', 'W_Call incomplete files', 'A_Incomplete', 'W_Call incomplete files', 'W_Call incomplete files', 'W_Call incomplete files', 'W_Call incomplete files', 'W_Validate application', 'W_Validate application', 'A_Validating', 'W_Validate application', 'W_Validate application', 'W_Validate application', 'W_Validate application', 'W_Validate application', 'W_Call incomplete files', 'W_Call incomplete files', 'A_Incomplete', 'W_Call incomplete files', 'W_Call incomplete files', 'W_Call incomplete files', 'W_Validate application', 'W_Validate application', 'A_Validating', 'W_Validate application', 'O_Accepted', 'A_Pending', 'W_Validate application', 'O_Cancelled')",1,0,"[[""A_Create Application"", ""A_Create Application""], [""A_Submitted"", ""A_Submitted""], ["">>"", null], ["">>"", null], [""W_Handle leads"", ""W_Handle leads""], ["">>"", null], [""W_Handle leads"", ""W_Handle leads""], ["">>"", null], ["">>"", null], ["">>"", null], [""W_Complete application"", ""W_Complete application""], ["">>"", null], ["">>"", null], [""A_Concept"", ""A_Concept""], [""W_Complete application"", ""W_Complete application""], ["">>"", null], ["">>"", null], [""W_Complete application"", ""W_Complete application""], ["">>"", null], ["">>"", null], [""W_Complete application"", ""W_Complete application""], ["">>"", null], ["">>"", null], [""W_Complete application"", ""W_Complete application""], ["">>"", null], ["">>"", null], [""W_Complete application"", ""W_Complete application""], ["">>"", null], ["">>"", null], [""W_Complete application"", ""W_Complete application""], ["">>"", null], ["">>"", null], [""W_Complete application"", ""W_Complete application""], ["">>"", null], ["">>"", null], [""W_Complete application"", ""W_Complete application""], ["">>"", null], ["">>"", null], [""W_Complete application"", ""W_Complete application""], ["">>"", null], ["">>"", null], [""A_Accepted"", ""A_Accepted""], [""W_Complete application"", ""W_Complete application""], ["">>"", null], ["">>"", null], [""W_Complete application"", ""W_Complete application""], ["">>"", null], ["">>"", null], [""W_Complete application"", ""W_Complete application""], ["">>"", null], ["">>"", null], ["">>"", null], ["">>"", null], ["">>"", null], ["">>"", null], ["">>"", null], ["">>"", null], ["">>"", null], [""O_Create Offer"", ""O_Create Offer""], [""O_Created"", ""O_Created""], ["">>"", null], ["">>"", null], ["">>"", null], [""O_Sent (mail and online)"", ""O_Sent (mail and online)""], ["">>"", null], ["">>"", null], ["">>"", null], ["">>"", null], ["">>"", null], [""W_Complete application"", ""W_Complete application""], ["">>"", null], ["">>"", null], [""W_Call after offers"", ""W_Call after offers""], ["">>"", null], [""W_Call after offers"", ""W_Call after offers""], ["">>"", null], [""A_Complete"", ""A_Complete""], ["">>"", null], [""W_Call after offers"", ""W_Call after offers""], ["">>"", null], [""W_Call after offers"", ""W_Call after offers""], ["">>"", null], [""W_Call after offers"", ""W_Call after offers""], ["">>"", null], ["">>"", null], ["">>"", null], ["">>"", null], ["">>"", null], [""O_Create Offer"", ""O_Create Offer""], [""O_Created"", ""O_Created""], ["">>"", null], ["">>"", null], ["">>"", null], [""O_Sent (mail and online)"", ""O_Sent (mail and online)""], ["">>"", null], ["">>"", null], ["">>"", null], [""W_Call after offers"", ""W_Call after offers""], ["">>"", null], ["">>"", null], [""W_Validate application"", ""W_Validate application""], ["">>"", null], ["">>"", null], [""W_Validate application"", ""W_Validate application""], [""A_Validating"", ""A_Validating""], ["">>"", null], ["">>"", null], ["">>"", null], ["">>"", null], ["">>"", null], ["">>"", null], [""O_Returned"", ""O_Returned""], ["">>"", null], ["">>"", null], ["">>"", null], ["">>"", null], ["">>"", null], ["">>"", null], [""W_Validate application"", ""W_Validate application""], ["">>"", null], ["">>"", null], [""W_Validate application"", ""W_Validate application""], ["">>"", null], ["">>"", null], [""W_Validate application"", ""W_Validate application""], ["">>"", null], ["">>"", null], [""W_Validate application"", ""W_Validate application""], ["">>"", null], ["">>"", null], [""W_Validate application"", ""W_Validate application""], ["">>"", null], ["">>"", null], ["">>"", null], ["">>"", null], ["">>"", null], [""W_Call incomplete files"", ""W_Call incomplete files""], ["">>"", null], [""W_Call incomplete files"", ""W_Call incomplete files""], ["">>"", null], ["">>"", null], [""A_Incomplete"", ""A_Incomplete""], ["">>"", null], [""W_Call incomplete files"", ""W_Call incomplete files""], ["">>"", null], [""W_Call incomplete files"", ""W_Call incomplete files""], ["">>"", null], [""W_Call incomplete files"", ""W_Call incomplete files""], ["">>"", null], [""W_Call incomplete files"", ""W_Call incomplete files""], ["">>"", null], ["">>"", null], ["">>"", null], ["">>"", null], ["">>"", null], ["">>"", null], [""W_Validate application"", ""W_Validate application""], ["">>"", null], ["">>"", null], [""W_Validate application"", ""W_Validate application""], [""A_Validating"", ""A_Validating""], ["">>"", null], [""W_Validate application"", ""W_Validate application""], ["">>"", null], ["">>"", null], [""W_Validate application"", ""W_Validate application""], ["">>"", null], ["">>"", null], [""W_Validate application"", ""W_Validate application""], ["">>"", null], ["">>"", null], [""W_Validate application"", ""W_Validate application""], ["">>"", null], ["">>"", null], [""W_Validate application"", ""W_Validate application""], ["">>"", null], ["">>"", null], ["">>"", null], ["">>"", null], ["">>"", null], ["">>"", null], [""W_Call incomplete files"", ""W_Call incomplete files""], ["">>"", null], [""W_Call incomplete files"", ""W_Call incomplete files""], ["">>"", null], [""A_Incomplete"", ""A_Incomplete""], ["">>"", null], [""W_Call incomplete files"", ""W_Call incomplete files""], ["">>"", null], [""W_Call incomplete files"", ""W_Call incomplete files""], ["">>"", null], [""W_Call incomplete files"", ""W_Call incomplete files""], ["">>"", null], ["">>"", null], ["">>"", null], ["">>"", null], ["">>"", null], ["">>"", null], [""W_Validate application"", ""W_Validate application""], ["">>"", null], ["">>"", null], [""W_Validate application"", ""W_Validate application""], [""A_Validating"", ""A_Validating""], ["">>"", null], [""W_Validate application"", ""W_Validate application""], ["">>"", null], ["">>"", null], ["">>"", null], ["">>"", null], ["">>"", null], ["">>"", null], ["">>"", null], [""O_Accepted"", ""O_Accepted""], [""A_Pending"", ""A_Pending""], ["">>"", null], ["">>"", null], ["">>"", null], ["">>"", null], [""W_Validate application"", ""W_Validate application""], ["">>"", null], ["">>"", null], ["">>"", null], ["">>"", null], ["">>"", null], ["">>"", null], [""O_Cancelled"", ""O_Cancelled""], ["">>"", null], ["">>"", null], ["">>"", null], ["">>"", null], ["">>"", null], ["">>"", null]]",[],[]
"('A_Create Application', 'A_Submitted', 'W_Handle leads', 'W_Handle leads', 'W_Complete application', 'A_Concept', 'W_Complete application', 'W_Complete application', 'W_Complete application', 'W_Complete application', 'W_Complete application', 'W_Complete application', 'W_Complete application', 'A_Accepted', 'O_Create Offer', 'O_Created', 'O_Sent (mail and online)', 'W_Complete application', 'W_Call after offers', 'W_Call after offers', 'A_Complete', 'W_Call after offers', 'W_Call after offers', 'W_Call after offers', 'W_Call after offers', 'W_Validate application', 'W_Validate application', 'A_Validating', 'O_Returned', 'W_Validate application', 'W_Validate application', 'W_Call incomplete files', 'W_Call incomplete files', 'A_Incomplete', 'W_Call incomplete files', 'W_Call incomplete files', 'W_Call incomplete files', 'W_Call incomplete files', 'W_Validate application', 'W_Validate application', 'A_Validating', 'W_Validate application', 'W_Validate application', 'O_Accepted', 'A_Pending', 'W_Validate application')",1,0,"[[""A_Create Application"", ""A_Create Application""], [""A_Submitted"", ""A_Submitted""], ["">>"", null], ["">>"", null], [""W_Handle leads"", ""W_Handle leads""], ["">>"", null], [""W_Handle leads"", ""W_Handle leads""], ["">>"", null], ["">>"", null], ["">>"", null], [""W_Complete application"", ""W_Complete application""], ["">>"", null], ["">>"", null], [""A_Concept"", ""A_Concept""], [""W_Complete application"", ""W_Complete application""], ["">>"", null], ["">>"", null], [""W_Complete application"", ""W_Complete application""], ["">>"", null], ["">>"", null], [""W_Complete application"", ""W_Complete application""], ["">>"", null], ["">>"", null], [""W_Complete application"", ""W_Complete application""], ["">>"", null], ["">>"", null], [""W_Complete application"", ""W_Complete application""], ["">>"", null], ["">>"", null], [""W_Complete application"", ""W_Complete application""], ["">>"", null], ["">>"", null], [""W_Complete application"", ""W_Complete application""], ["">>"", null], ["">>"", null], [""A_Accepted"", ""A_Accepted""], ["">>"", null], ["">>"", null], ["">>"", null], ["">>"", null], ["">>"", null], ["">>"", null], [""O_Create Offer"", ""O_Create Offer""], [""O_Created"", ""O_Created""], ["">>"", null], ["">>"", null], ["">>"", null], [""O_Sent (mail and online)"", ""O_Sent (mail and online)""], ["">>"", null], ["">>"", null], ["">>"", null], ["">>"", null], ["">>"", null], [""W_Complete application"", ""W_Complete application""], ["">>"", null], ["">>"", null], [""W_Call after offers"", ""W_Call after offers""], ["">>"", null], [""W_Call after offers"", ""W_Call after offers""], ["">>"", null], [""A_Complete"", ""A_Complete""], ["">>"", null], ["">>"", null], [""W_Call after offers"", ""W_Call after offers""], ["">>"", null], [""W_Call after offers"", ""W_Call after offers""], ["">>"", null], [""W_Call after offers"", ""W_Call after offers""], ["">>"", null], [""W_Call after offers"", ""W_Call after offers""], ["">>"", null], [""W_Validate application"", ""W_Validate application""], ["">>"", null], ["">>"", null], ["">>"", null], [""W_Validate application"", ""W_Validate application""], [""A_Validating"", ""A_Validating""], ["">>"", null], ["">>"", null], ["">>"", null], ["">>"", null], ["">>"", null], ["">>"", null], [""O_Returned"", ""O_Returned""], ["">>"", null], ["">>"", null], ["">>"", null], ["">>"", null], ["">>"", null], ["">>"", null], [""W_Validate application"", ""W_Validate application""], ["">>"", null], ["">>"", null], [""W_Validate application"", ""W_Validate application""], ["">>"", null], ["">>"", null], ["">>"", null], ["">>"", null], ["">>"", null], ["">>"", null], [""W_Call incomplete files"", ""W_Call incomplete files""], ["">>"", null], [""W_Call incomplete files"", ""W_Call incomplete files""], ["">>"", null], [""A_Incomplete"", ""A_Incomplete""], ["">>"", null], [""W_Call incomplete files"", ""W_Call incomplete files""], ["">>"", null], [""W_Call incomplete files"", ""W_Call incomplete files""], ["">>"", null], [""W_Call incomplete files"", ""W_Call incomplete files""], ["">>"", null], [""W_Call incomplete files"", ""W_Call incomplete files""], ["">>"", null], ["">>"", null], ["">>"", null], ["">>"", null], ["">>"", null], ["">>"", null], [""W_Validate application"", ""W_Validate application""], ["">>"", null], ["">>"", null], [""W_Validate application"", ""W_Validate application""], [""A_Validating"", ""A_Validating""], ["">>"", null], [""W_Validate application"", ""W_Validate application""], ["">>"", null], ["">>"", null], [""W_Validate application"", ""W_Validate application""], ["">>"", null], ["">>"", null], ["">>"", null], ["">>"", null], ["">>"", null], ["">>"", null], ["">>"", null], [""O_Accepted"", ""O_Accepted""], [""A_Pending"", ""A_Pending""], ["">>"", null], ["">>"", null], ["">>"", null], ["">>"", null], [""W_Validate application"", ""W_Validate application""], ["">>"", null], ["">>"", null], ["">>"", null], ["">>"", null], ["">>"", null], ["">>"", null], ["">>"", null], ["">>"", null], ["">>"", null]]",[],[]
"('A_Create Application', 'A_Submitted', 'W_Handle leads', 'W_Handle leads', 'W_Handle leads', 'W_Complete application', 'W_Complete application', 'A_Concept', 'W_Complete application', 'W_Complete application', 'W_Complete application', 'W_Complete application', 'W_Complete application', 'W_Complete application', 'W_Complete application', 'A_Accepted', 'O_Create Offer', 'O_Created', 'O_Sent (mail and online)', 'W_Complete application', 'W_Call after offers', 'W_Call after offers', 'A_Complete', 'W_Call after offers', 'O_Create Offer', 'O_Created', 'O_Sent (mail and online)', 'W_Call after offers', 'W_Call after offers', 'W_Call after offers', 'W_Validate application', 'W_Validate application', 'A_Validating', 'O_Returned', 'W_Validate application', 'W_Validate application', 'W_Validate application', 'W_Validate application', 'W_Validate application', 'W_Validate application', 'W_Validate application', 'W_Call incomplete files', 'W_Call incomplete files', 'A_Incomplete', 'W_Call incomplete files', 'W_Call incomplete files', 'O_Create Offer', 'O_Created', 'O_Sent (mail and online)', 'W_Call incomplete files', 'W_Call incomplete files', 'W_Validate application', 'W_Validate application', 'A_Validating', 'O_Returned', 'W_Validate application', 'W_Validate application', 'W_Validate application', 'W_Call incomplete files', 'W_Call incomplete files', 'A_Incomplete', 'W_Call incomplete files', 'W_Call incomplete files', 'W_Call incomplete files', 'W_Call incomplete files', 'W_Validate application', 'W_Validate application', 'A_Validating', 'W_Validate application', 'W_Validate application', 'W_Validate application', 'W_Validate application', 'W_Validate application', 'W_Validate application', 'O_Accepted', 'A_Pending', 'W_Validate application', 'O_Cancelled', 'O_Cancelled')",1,0,"[[""A_Create Application"", ""A_Create Application""], [""A_Submitted"", ""A_Submitted""], ["">>"", null], ["">>"", null], [""W_Handle leads"", ""W_Handle leads""], ["">>"", null], [""W_Handle leads"", ""W_Handle leads""], ["">>"", null], [""W_Handle leads"", ""W_Handle leads""], ["">>"", null], ["">>"", null], ["">>"", null], [""W_Complete application"", ""W_Complete application""], ["">>"", null], ["">>"", null], [""W_Complete application"", ""W_Complete application""], ["">>"", null], ["">>"", null], [""A_Concept"", ""A_Concept""], [""W_Complete application"", ""W_Complete application""], ["">>"", null], ["">>"", null], [""W_Complete application"", ""W_Complete application""], ["">>"", null], ["">>"", null], [""W_Complete application"", ""W_Complete application""], ["">>"", null], ["">>"", null], [""W_Complete application"", ""W_Complete application""], ["">>"", null], ["">>"", null], [""W_Complete application"", ""W_Complete application""], ["">>"", null], ["">>"", null], [""W_Complete application"", ""W_Complete application""], ["">>"", null], ["">>"", null], [""W_Complete application"", ""W_Complete application""], ["">>"", null], ["">>"", null], ["">>"", null], ["">>"", null], ["">>"", null], ["">>"", null], ["">>"", null], ["">>"", null], ["">>"", null], [""A_Accepted"", ""A_Accepted""], [""O_Create Offer"", ""O_Create Offer""], [""O_Created"", ""O_Created""], ["">>"", null], ["">>"", null], ["">>"", null], [""O_Sent (mail and online)"", ""O_Sent (mail and online)""], ["">>"", null], ["">>"", null], ["">>"", null], ["">>"", null], ["">>"", null], [""W_Complete application"", ""W_Complete application""], ["">>"", null], ["">>"", null], [""W_Call after offers"", ""W_Call after offers""], ["">>"", null], [""W_Call after offers"", ""W_Call after offers""], ["">>"", null], [""A_Complete"", ""A_Complete""], ["">>"", null], [""W_Call after offers"", ""W_Call after offers""], ["">>"", null], ["">>"", null], ["">>"", null], ["">>"", null], ["">>"", null], [""O_Create Offer"", ""O_Create Offer""], [""O_Created"", ""O_Created""], ["">>"", null], ["">>"", null], ["">>"", null], [""O_Sent (mail and online)"", ""O_Sent (mail and online)""], ["">>"", null], ["">>"", null], ["">>"", null], [""W_Call after offers"", ""W_Call after offers""], ["">>"", null], [""W_Call after offers"", ""W_Call after offers""], ["">>"", null], [""W_Call after offers"", ""W_Call after offers""], ["">>"", null], ["">>"", null], [""W_Validate application"", ""W_Validate application""], ["">>"", null], ["">>"", null], [""W_Validate application"", ""W_Validate application""], [""A_Validating"", ""A_Validating""], ["">>"", null], ["">>"", null], ["">>"", null], ["">>"", null], ["">>"", null], ["">>"", null], [""O_Returned"", ""O_Returned""], ["">>"", null], ["">>"", null], ["">>"", null], ["">>"", null], ["">>"", null], ["">>"", null], [""W_Validate application"", ""W_Validate application""], ["">>"", null], ["">>"", null], [""W_Validate application"", ""W_Validate application""], ["">>"", null], ["">>"", null], [""W_Validate application"", ""W_Validate application""], ["">>"", null], ["">>"", null], [""W_Validate application"", ""W_Validate application""], ["">>"", null], ["">>"", null], [""W_Validate application"", ""W_Validate application""], ["">>"", null], ["">>"", null], [""W_Validate application"", ""W_Validate application""], ["">>"", null], ["">>"", null], [""W_Validate application"", ""W_Validate application""], ["">>"", null], ["">>"", null], ["">>"", null], ["">>"", null], ["">>"", null], [""W_Call incomplete files"", ""W_Call incomplete files""], ["">>"", null], [""W_Call incomplete files"", ""W_Call incomplete files""], ["">>"", null], ["">>"", null], [""A_Incomplete"", ""A_Incomplete""], ["">>"", null], [""W_Call incomplete files"", ""W_Call incomplete files""], ["">>"", null], [""W_Call incomplete files"", ""W_Call incomplete files""], ["">>"", null], [""O_Create Offer"", ""O_Create Offer""], [""O_Created"", ""O_Created""], ["">>"", null], ["">>"", null], ["">>"", null], [""O_Sent (mail and online)"", ""O_Sent (mail and online)""], ["">>"", null], ["">>"", null], [""W_Call incomplete files"", ""W_Call incomplete files""], ["">>"", null], [""W_Call incomplete files"", ""W_Call incomplete files""], ["">>"", null], ["">>"", null], ["">>"", null], ["">>"", null], ["">>"", null], ["">>"", null], [""W_Validate application"", ""W_Validate application""], ["">>"", null], ["">>"", null], [""W_Validate application"", ""W_Validate application""], [""A_Validating"", ""A_Validating""], ["">>"", null], ["">>"", null], ["">>"", null], ["">>"", null], ["">>"", null], ["">>"", null], [""O_Returned"", ""O_Returned""], ["">>"", null], ["">>"", null], ["">>"", null], ["">>"", null], ["">>"", null], ["">>"", null], [""W_Validate application"", ""W_Validate application""], ["">>"", null], ["">>"", null], [""W_Validate application"", ""W_Validate application""], ["">>"", null], ["">>"", null], [""W_Validate application"", ""W_Validate application""], ["">>"", null], ["">>"", null], ["">>"", null], ["">>"", null], ["">>"", null], [""W_Call incomplete files"", ""W_Call incomplete files""], ["">>"", null], [""W_Call incomplete files"", ""W_Call incomplete files""], ["">>"", null], ["">>"", null], [""A_Incomplete"", ""A_Incomplete""], ["">>"", null], [""W_Call incomplete files"", ""W_Call incomplete files""], ["">>"", null], [""W_Call incomplete files"", ""W_Call incomplete files""], ["">>"", null], [""W_Call incomplete files"", ""W_Call incomplete files""], ["">>"", null], [""W_Call incomplete files"", ""W_Call incomplete files""], ["">>"", null], ["">>"", null], ["">>"", null], ["">>"", null], ["">>"", null], ["">>"", null], [""W_Validate application"", ""W_Validate application""], ["">>"", null], ["">>"", null], [""W_Validate application"", ""W_Validate application""], [""A_Validating"", ""A_Validating""], ["">>"", null], [""W_Validate application"", ""W_Validate application""], ["">>"", null], ["">>"", null], [""W_Validate application"", ""W_Validate application""], ["">>"", null], ["">>"", null], [""W_Validate application"", ""W_Validate application""], ["">>"", null], ["">>"", null], [""W_Validate application"", ""W_Validate application""], ["">>"", null], ["">>"", null], [""W_Validate application"", ""W_Validate application""], ["">>"", null], ["">>"", null], [""W_Validate application"", ""W_Validate application""], ["">>"", null], ["">>"", null], ["">>"", null], ["">>"", null], ["">>"", null], ["">>"", null], ["">>"", null], [""O_Accepted"", ""O_Accepted""], [""A_Pending"", ""A_Pending""], ["">>"", null], ["">>"", null], ["">>"", null], ["">>"", null], [""W_Validate application"", ""W_Validate application""], ["">>"", null], ["">>"", null], ["">>"", null], ["">>"", null], ["">>"", null], ["">>"", null], [""O_Cancelled"", ""O_Cancelled""], ["">>"", null], ["">>"", null], ["">>"", null], [""O_Cancelled"", ""O_Cancelled""], ["">>"", null], ["">>"", null], ["">>"", null], ["">>"", null], ["">>"", null], ["">>"", null]]",[],[]
"('A_Create Application', 'A_Submitted', 'W_Handle leads', 'W_Handle leads', 'W_Complete application', 'A_Concept', 'W_Complete application', 'W_Complete application', 'W_Complete application', 'A_Accepted', 'W_Complete application', 'W_Complete application', 'O_Create Offer', 'O_Created', 'O_Sent (mail and online)', 'W_Complete application', 'W_Call after offers', 'W_Call after offers', 'A_Complete', 'W_Call after offers', 'W_Call after offers', 'W_Call after offers', 'W_Call after offers', 'W_Validate application', 'W_Validate application', 'A_Validating', 'W_Validate application', 'W_Call incomplete files', 'W_Call incomplete files', 'A_Incomplete', 'W_Call incomplete files', 'W_Call incomplete files', 'O_Create Offer', 'O_Created', 'O_Sent (online only)', 'W_Call incomplete files', 'W_Call incomplete files', 'W_Validate application', 'W_Validate application', 'A_Validating', 'W_Validate application', 'W_Validate application', 'W_Validate application', 'W_Validate application', 'W_Validate application', 'W_Call incomplete files', 'W_Call incomplete files', 'A_Incomplete', 'W_Call incomplete files', 'W_Call incomplete files', 'W_Call incomplete files', 'W_Call incomplete files', 'A_Cancelled', 'O_Cancelled', 'O_Cancelled', 'W_Call incomplete files')",1,0,"[[""A_Create Application"", ""A_Create Application""], [""A_Submitted"", ""A_Submitted""], ["">>"", null], ["">>"", null], [""W_Handle leads"", ""W_Handle leads""], ["">>"", null], [""W_Handle leads"", ""W_Handle leads""], ["">>"", null], ["">>"", null], ["">>"", null], [""W_Complete application"", ""W_Complete application""], ["">>"", null], ["">>"", null], [""A_Concept"", ""A_Concept""], [""W_Complete application"", ""W_Complete application""], ["">>"", null], ["">>"", null], [""W_Complete application"", ""W_Complete application""], ["">>"", null], ["">>"", null], [""W_Complete application"", ""W_Complete application""], ["">>"", null], ["">>"", null], [""A_Accepted"", ""A_Accepted""], [""W_Complete application"", ""W_Complete application""], ["">>"", null], ["">>"", null], [""W_Complete application"", ""W_Complete application""], ["">>"", null], ["">>"", null], ["">>"", null], ["">>"", null], ["">>"", null], ["">>"", null], ["">>"", null], ["">>"", null], [""O_Create Offer"", ""O_Create Offer""], [""O_Created"", ""O_Created""], ["">>"", null], ["">>"", null], ["">>"", null], [""O_Sent (mail and online)"", ""O_Sent (mail and online)""], ["">>"", null], ["">>"", null], ["">>"", null], ["">>"", null], ["">>"", null], [""W_Complete application"", ""W_Complete application""], ["">>"", null], ["">>"", null], [""W_Call after offers"", ""W_Call after offers""], ["">>"", null], [""W_Call after offers"", ""W_Call after offers""], ["">>"", null], [""A_Complete"", ""A_Complete""], ["">>"", null], ["">>"", null], [""W_Call after offers"", ""W_Call after offers""], ["">>"", null], [""W_Call after offers"", ""W_Call after offers""], ["">>"", null], [""W_Call after offers"", ""W_Call after offers""], ["">>"", null], [""W_Call after offers"", ""W_Call after offers""], [""W_Validate application"", ""W_Validate application""], ["">>"", null], ["">>"", null], [""W_Validate application"", ""W_Validate application""], [""A_Validating"", ""A_Validating""], ["">>"", null], [""W_Validate application"", ""W_Validate application""], ["">>"", null], ["">>"", null], ["">>"", null], ["">>"", null], ["">>"", null], ["">>"", null], [""W_Call incomplete files"", ""W_Call incomplete files""], ["">>"", null], [""W_Call incomplete files"", ""W_Call incomplete files""], ["">>"", null], [""A_Incomplete"", ""A_Incomplete""], ["">>"", null], [""W_Call incomplete files"", ""W_Call incomplete files""], ["">>"", null], [""W_Call incomplete files"", ""W_Call incomplete files""], ["">>"", null], [""O_Create Offer"", ""O_Create Offer""], [""O_Created"", ""O_Created""], ["">>"", null], ["">>"", null], ["">>"", null], [""O_Sent (online only)"", ""O_Sent (online only)""], ["">>"", null], ["">>"", null], ["">>"", null], ["">>"", null], [""W_Call incomplete files"", ""W_Call incomplete files""], ["">>"", null], [""W_Call incomplete files"", ""W_Call incomplete files""], ["">>"", null], ["">>"", null], ["">>"", null], ["">>"", null], ["">>"", null], [""W_Validate application"", ""W_Validate application""], ["">>"", null], ["">>"", null], [""W_Validate application"", ""W_Validate application""], [""A_Validating"", ""A_Validating""], ["">>"", null], [""W_Validate application"", ""W_Validate application""], ["">>"", null], ["">>"", null], [""W_Validate application"", ""W_Validate application""], ["">>"", null], ["">>"", null], [""W_Validate application"", ""W_Validate application""], ["">>"", null], ["">>"", null], [""W_Validate application"", ""W_Validate application""], ["">>"", null], ["">>"", null], [""W_Validate application"", ""W_Validate application""], ["">>"", null], ["">>"", null], ["">>"", null], ["">>"", null], ["">>"", null], [""W_Call incomplete files"", ""W_Call incomplete files""], ["">>"", null], [""W_Call incomplete files"", ""W_Call incomplete files""], ["">>"", null], [""A_Incomplete"", ""A_Incomplete""], ["">>"", null], ["">>"", null], ["">>"", null], ["">>"", null], [""W_Call incomplete files"", ""W_Call incomplete files""], ["">>"", null], [""W_Call incomplete files"", ""W_Call incomplete files""], ["">>"", null], [""W_Call incomplete files"", ""W_Call incomplete files""], ["">>"", null], [""W_Call incomplete files"", ""W_Call incomplete files""], ["">>"", null], ["">>"", null], ["">>"", null], ["">>"", null], ["">>"", null], [""A_Cancelled"", ""A_Cancelled""], ["">>"", null], ["">>"", null], ["">>"", null], [""O_Cancelled"", ""O_Cancelled""], ["">>"", null], ["">>"", null], ["">>"", null], [""O_Cancelled"", ""O_Cancelled""], ["">>"", null], ["">>"", null], ["">>"", null], [""W_Call incomplete files"", ""W_Call incomplete files""], ["">>"", null], ["">>"", null], ["">>"", null], ["">>"", null], ["">>"", null], ["">>"", null], ["">>"", null]]",[],[]
"('A_Create Application', 'A_Submitted', 'W_Handle leads', 'W_Handle leads', 'W_Complete application', 'A_Concept', 'W_Complete application', 'W_Complete application', 'W_Complete application', 'A_Accepted', 'O_Create Offer', 'O_Created', 'O_Sent (mail and online)', 'W_Complete application', 'W_Call after offers', 'W_Call after offers', 'A_Complete', 'W_Call after offers', 'O_Create Offer', 'O_Created', 'O_Sent (mail and online)', 'O_Create Offer', 'O_Created', 'O_Sent (mail and online)', 'W_Call after offers', 'W_Validate application', 'W_Validate application', 'A_Validating', 'O_Returned', 'W_Validate application', 'W_Validate application', 'W_Validate application', 'W_Validate application', 'W_Validate application', 'W_Validate application', 'W_Validate application', 'W_Call incomplete files', 'W_Call incomplete files', 'A_Incomplete', 'W_Call incomplete files', 'W_Call incomplete files', 'W_Call incomplete files', 'W_Call incomplete files', 'W_Validate application', 'W_Validate application', 'A_Validating', 'W_Validate application', 'W_Validate application', 'W_Validate application', 'W_Validate application', 'O_Accepted', 'A_Pending', 'W_Validate application', 'O_Cancelled', 'O_Cancelled')",1,0,"[[""A_Create Application"", ""A_Create Application""], [""A_Submitted"", ""A_Submitted""], ["">>"", null], ["">>"", null], [""W_Handle leads"", ""W_Handle leads""], ["">>"", null], [""W_Handle leads"", ""W_Handle leads""], ["">>"", null], ["">>"", null], ["">>"", null], [""W_Complete application"", ""W_Complete application""], ["">>"", null], ["">>"", null], [""A_Concept"", ""A_Concept""], [""W_Complete application"", ""W_Complete application""], ["">>"", null], ["">>"", null], [""W_Complete application"", ""W_Complete application""], ["">>"", null], ["">>"", null], [""W_Complete application"", ""W_Complete application""], ["">>"", null], ["">>"", null], ["">>"", null], ["">>"", null], ["">>"", null], ["">>"", null], ["">>"", null], [""A_Accepted"", ""A_Accepted""], ["">>"", null], ["">>"", null], [""O_Create Offer"", ""O_Create Offer""], [""O_Created"", ""O_Created""], ["">>"", null], ["">>"", null], ["">>"", null], [""O_Sent (mail and online)"", ""O_Sent (mail and online)""], ["">>"", null], ["">>"", null], ["">>"", null], ["">>"", null], ["">>"", null], [""W_Complete application"", ""W_Complete application""], ["">>"", null], ["">>"", null], [""W_Call after offers"", ""W_Call after offers""], ["">>"", null], [""W_Call after offers"", ""W_Call after offers""], ["">>"", null], [""A_Complete"", ""A_Complete""], ["">>"", null], [""W_Call after offers"", ""W_Call after offers""], ["">>"", null], ["">>"", null], ["">>"", null], ["">>"", null], ["">>"", null], [""O_Create Offer"", ""O_Create Offer""], [""O_Created"", ""O_Created""], ["">>"", null], ["">>"", null], ["">>"", null], [""O_Sent (mail and online)"", ""O_Sent (mail and online)""], ["">>"", null], ["">>"", null], ["">>"", null], [""O_Create Offer"", ""O_Create Offer""], [""O_Created"", ""O_Created""], ["">>"", null], ["">>"", null], ["">>"", null], [""O_Sent (mail and online)"", ""O_Sent (mail and online)""], ["">>"", null], ["">>"", null], ["">>"", null], [""W_Call after offers"", ""W_Call after offers""], ["">>"", null], ["">>"", null], [""W_Validate application"", ""W_Validate application""], ["">>"", null], ["">>"", null], [""W_Validate application"", ""W_Validate application""], [""A_Validating"", ""A_Validating""], ["">>"", null], ["">>"", null], ["">>"", null], ["">>"", null], ["">>"", null], ["">>"", null], [""O_Returned"", ""O_Returned""], ["">>"", null], ["">>"", null], ["">>"", null], ["">>"", null], ["">>"", null], ["">>"", null], [""W_Validate application"", ""W_Validate application""], ["">>"", null], ["">>"", null], [""W_Validate application"", ""W_Validate application""], ["">>"", null], ["">>"", null], [""W_Validate application"", ""W_Validate application""], ["">>"", null], ["">>"", null], [""W_Validate application"", ""W_Validate application""], ["">>"", null], ["">>"", null], [""W_Validate application"", ""W_Validate application""], ["">>"", null], ["">>"", null], [""W_Validate application"", ""W_Validate application""], ["">>"", null], ["">>"", null], [""W_Validate application"", ""W_Validate application""], ["">>"", null], ["">>"", null], ["">>"", null], ["">>"", null], ["">>"", null], ["">>"", null], [""W_Call incomplete files"", ""W_Call incomplete files""], ["">>"", null], [""W_Call incomplete files"", ""W_Call incomplete files""], ["">>"", null], [""A_Incomplete"", ""A_Incomplete""], ["">>"", null], [""W_Call incomplete files"", ""W_Call incomplete files""], ["">>"", null], [""W_Call incomplete files"", ""W_Call incomplete files""], ["">>"", null], [""W_Call incomplete files"", ""W_Call incomplete files""], ["">>"", null], [""W_Call incomplete files"", ""W_Call incomplete files""], ["">>"", null], ["">>"", null], ["">>"", null], ["">>"", null], ["">>"", null], ["">>"", null], [""W_Validate application"", ""W_Validate application""], ["">>"", null], ["">>"", null], [""W_Validate application"", ""W_Validate application""], [""A_Validating"", ""A_Validating""], ["">>"", null], [""W_Validate application"", ""W_Validate application""], ["">>"", null], ["">>"", null], [""W_Validate application"", ""W_Validate application""], ["">>"", null], ["">>"", null], [""W_Validate application"", ""W_Validate application""], ["">>"", null], ["">>"", null], [""W_Validate application"", ""W_Validate application""], ["">>"", null], ["">>"", null], ["">>"", null], ["">>"", null], ["">>"", null], ["">>"", null], ["">>"", null], [""O_Accepted"", ""O_Accepted""], [""A_Pending"", ""A_Pending""], ["">>"", null], ["">>"", null], ["">>"", null], ["">>"", null], [""W_Validate application"", ""W_Validate application""], ["">>"", null], ["">>"", null], ["">>"", null], ["">>"", null], ["">>"", null], ["">>"", null], [""O_Cancelled"", ""O_Cancelled""], ["">>"", null], ["">>"", null], ["">>"", null], [""O_Cancelled"", ""O_Cancelled""], ["">>"", null], ["">>"", null], ["">>"", null], ["">>"", null], ["">>"", null], ["">>"", null]]",[],[]
"('A_Create Application', 'A_Submitted', 'W_Handle leads', 'W_Handle leads', 'W_Complete application', 'A_Concept', 'W_Complete application', 'A_Accepted', 'O_Create Offer', 'O_Created', 'O_Sent (mail and online)', 'W_Complete application', 'W_Call after offers', 'W_Call after offers', 'A_Complete', 'W_Call after offers', 'O_Create Offer', 'O_Created', 'O_Sent (mail and online)', 'O_Create Offer', 'O_Created', 'O_Sent (online only)', 'W_Call after offers', 'W_Call after offers', 'O_Create Offer', 'O_Created', 'O_Sent (mail and online)', 'W_Call after offers', 'W_Validate application', 'W_Validate application', 'A_Validating', 'O_Returned', 'W_Validate application', 'W_Validate application', 'W_Call incomplete files', 'W_Call incomplete files', 'A_Incomplete', 'W_Call incomplete files', 'W_Call incomplete files', 'W_Call incomplete files', 'W_Call incomplete files', 'W_Call incomplete files', 'O_Accepted', 'A_Pending', 'W_Call incomplete files', 'O_Cancelled', 'O_Cancelled', 'O_Cancelled')",1,0,"[[""A_Create Application"", ""A_Create Application""], [""A_Submitted"", ""A_Submitted""], ["">>"", null], ["">>"", null], [""W_Handle leads"", ""W_Handle leads""], ["">>"", null], [""W_Handle leads"", ""W_Handle leads""], ["">>"", null], ["">>"", null], ["">>"", null], [""W_Complete application"", ""W_Complete application""], ["">>"", null], ["">>"", null], [""A_Concept"", ""A_Concept""], [""W_Complete application"", ""W_Complete application""], ["">>"", null], ["">>"", null], ["">>"", null], ["">>"", null], ["">>"", null], ["">>"", null], ["">>"", null], ["">>"", null], [""A_Accepted"", ""A_Accepted""], [""O_Create Offer"", ""O_Create Offer""], [""O_Created"", ""O_Created""], ["">>"", null], ["">>"", null], ["">>"", null], [""O_Sent (mail and online)"", ""O_Sent (mail and online)""], ["">>"", null], ["">>"", null], ["">>"", null], ["">>"", null], ["">>"", null], [""W_Complete application"", ""W_Complete application""], ["">>"", null], ["">>"", null], [""W_Call after offers"", ""W_Call after offers""], ["">>"", null], [""W_Call after offers"", ""W_Call after offers""], ["">>"", null], [""A_Complete"", ""A_Complete""], ["">>"", null], ["">>"", null], ["">>"", null], ["">>"", null], ["">>"", null], [""W_Call after offers"", ""W_Call after offers""], ["">>"", null], [""O_Create Offer"", ""O_Create Offer""], [""O_Created"", ""O_Created""], ["">>"", null], ["">>"", null], ["">>"", null], [""O_Sent (mail and online)"", ""O_Sent (mail and online)""], ["">>"", null], ["">>"", null], ["">>"", null], [""O_Create Offer"", ""O_Create Offer""], [""O_Created"", ""O_Created""], ["">>"", null], ["">>"", null], ["">>"", null], [""O_Sent (online only)"", ""O_Sent (online only)""], ["">>"", null], ["">>"", null], ["">>"", null], ["">>"", null], [""W_Call after offers"", ""W_Call after offers""], ["">>"", null], [""W_Call after offers"", ""W_Call after offers""], ["">>"", null], [""O_Create Offer"", ""O_Create Offer""], [""O_Created"", ""O_Created""], ["">>"", null], ["">>"", null], ["">>"", null], [""O_Sent (mail and online)"", ""O_Sent (mail and online)""], ["">>"", null], ["">>"", null], ["">>"", null], [""W_Call after offers"", ""W_Call after offers""], ["">>"", null], ["">>"", null], [""W_Validate application"", ""W_Validate application""], ["">>"", null], ["">>"", null], [""W_Validate application"", ""W_Validate application""], [""A_Validating"", ""A_Validating""], ["">>"", null], ["">>"", null], ["">>"", null], ["">>"", null], ["">>"", null], ["">>"", null], [""O_Returned"", ""O_Returned""], ["">>"", null], ["">>"", null], ["">>"", null], ["">>"", null], ["">>"", null], ["">>"", null], [""W_Validate application"", ""W_Validate application""], ["">>"", null], ["">>"", null], [""W_Validate application"", ""W_Validate application""], ["">>"", null], ["">>"", null], ["">>"", null], ["">>"", null], ["">>"", null], [""W_Call incomplete files"", ""W_Call incomplete files""], ["">>"", null], ["">>"", null], [""W_Call incomplete files"", ""W_Call incomplete files""], ["">>"", null], [""A_Incomplete"", ""A_Incomplete""], ["">>"", null], ["">>"", null], [""W_Call incomplete files"", ""W_Call incomplete files""], ["">>"", null], [""W_Call incomplete files"", ""W_Call incomplete files""], ["">>"", null], [""W_Call incomplete files"", ""W_Call incomplete files""], ["">>"", null], [""W_Call incomplete files"", ""W_Call incomplete files""], ["">>"", null], [""W_Call incomplete files"", ""W_Call incomplete files""], ["">>"", null], [""O_Accepted"", ""O_Accepted""], [""A_Pending"", ""A_Pending""], [""W_Call incomplete files"", ""W_Call incomplete files""], ["">>"", null], ["">>"", null], ["">>"", null], ["">>"", null], [""O_Cancelled"", ""O_Cancelled""], ["">>"", null], ["">>"", null], ["">>"", null], [""O_Cancelled"", ""O_Cancelled""], ["">>"", null], ["">>"", null], ["">>"", null], [""O_Cancelled"", ""O_Cancelled""], ["">>"", null], ["">>"", null], ["">>"", null], ["">>"", null], ["">>"", null], ["">>"", null]]",[],[]
"('A_Create Application', 'A_Submitted', 'W_Handle leads', 'W_Handle leads', 'W_Complete application', 'A_Concept', 'W_Complete application', 'W_Complete application', 'W_Complete application', 'W_Complete application', 'A_Accepted', 'W_Complete application', 'W_Complete application', 'O_Create Offer', 'O_Created', 'O_Sent (mail and online)', 'W_Complete application', 'W_Call after offers', 'W_Call after offers', 'A_Complete', 'W_Call after offers', 'W_Call after offers', 'W_Call after offers', 'W_Call after offers', 'W_Call after offers', 'W_Call after offers', 'W_Call after offers', 'W_Call after offers', 'W_Call after offers', 'W_Call after offers', 'W_Call after offers', 'W_Call after offers', 'W_Validate application', 'W_Validate application', 'A_Validating', 'O_Returned', 'W_Validate application', 'W_Validate application', 'W_Validate application', 'W_Validate application', 'W_Validate application', 'W_Call incomplete files', 'W_Call incomplete files', 'A_Incomplete', 'W_Call incomplete files', 'W_Call incomplete files', 'W_Call incomplete files', 'W_Call incomplete files', 'W_Call incomplete files', 'W_Call incomplete files', 'W_Call incomplete files', 'W_Call incomplete files', 'W_Call incomplete files', 'W_Call incomplete files', 'W_Call incomplete files', 'W_Call incomplete files', 'W_Call incomplete files', 'W_Call incomplete files', 'W_Call incomplete files', 'W_Call incomplete files', 'W_Call incomplete files', 'W_Call incomplete files', 'W_Call incomplete files', 'W_Call incomplete files', 'W_Call incomplete files', 'W_Call incomplete files', 'W_Call incomplete files', 'W_Call incomplete files', 'W_Validate application', 'W_Validate application', 'A_Validating', 'W_Validate application', 'W_Validate application', 'W_Validate application', 'W_Call incomplete files', 'W_Call incomplete files', 'A_Incomplete', 'W_Call incomplete files', 'W_Call incomplete files', 'W_Call incomplete files', 'W_Call incomplete files', 'W_Call incomplete files', 'W_Call incomplete files', 'W_Validate application', 'W_Validate application', 'A_Validating', 'W_Validate application', 'O_Accepted', 'A_Pending', 'W_Validate application')",1,0,"[[""A_Create Application"", ""A_Create Application""], [""A_Submitted"", ""A_Submitted""], ["">>"", null], ["">>"", null], [""W_Handle leads"", ""W_Handle leads""], ["">>"", null], [""W_Handle leads"", ""W_Handle leads""], ["">>"", null], ["">>"", null], ["">>"", null], [""W_Complete application"", ""W_Complete application""], ["">>"", null], ["">>"", null], [""A_Concept"", ""A_Concept""], [""W_Complete application"", ""W_Complete application""], ["">>"", null], ["">>"", null], [""W_Complete application"", ""W_Complete application""], ["">>"", null], ["">>"", null], [""W_Complete application"", ""W_Complete application""], ["">>"", null], ["">>"", null], [""W_Complete application"", ""W_Complete application""], ["">>"", null], ["">>"", null], [""A_Accepted"", ""A_Accepted""], [""W_Complete application"", ""W_Complete application""], ["">>"", null], ["">>"", null], [""W_Complete application"", ""W_Complete application""], ["">>"", null], ["">>"", null], ["">>"", null], ["">>"", null], ["">>"", null], ["">>"", null], ["">>"", null], ["">>"", null], [""O_Create Offer"", ""O_Create Offer""], [""O_Created"", ""O_Created""], ["">>"", null], ["">>"", null], ["">>"", null], [""O_Sent (mail and online)"", ""O_Sent (mail and online)""], ["">>"", null], ["">>"", null], ["">>"", null], ["">>"", null], ["">>"", null], [""W_Complete application"", ""W_Complete application""], ["">>"", null], ["">>"", null], [""W_Call after offers"", ""W_Call after offers""], ["">>"", null], [""W_Call after offers"", ""W_Call after offers""], ["">>"", null], [""A_Complete"", ""A_Complete""], ["">>"", null], [""W_Call after offers"", ""W_Call after offers""], ["">>"", null], [""W_Call after offers"", ""W_Call after offers""], ["">>"", null], [""W_Call after offers"", ""W_Call after offers""], ["">>"", null], [""W_Call after offers"", ""W_Call after offers""], ["">>"", null], [""W_Call after offers"", ""W_Call after offers""], ["">>"", null], [""W_Call after offers"", ""W_Call after offers""], ["">>"", null], [""W_Call after offers"", ""W_Call after offers""], ["">>"", null], [""W_Call after offers"", ""W_Call after offers""], ["">>"", null], [""W_Call after offers"", ""W_Call after offers""], ["">>"", null], [""W_Call after offers"", ""W_Call after offers""], ["">>"", null], [""W_Call after offers"", ""W_Call after offers""], ["">>"", null], [""W_Call after offers"", ""W_Call after offers""], ["">>"", null], [""W_Validate application"", ""W_Validate application""], ["">>"", null], ["">>"", null], [""W_Validate application"", ""W_Validate application""], [""A_Validating"", ""A_Validating""], ["">>"", null], ["">>"", null], ["">>"", null], ["">>"", null], ["">>"", null], [""O_Returned"", ""O_Returned""], ["">>"", null], ["">>"", null], ["">>"", null], ["">>"", null], ["">>"", null], ["">>"", null], ["">>"", null], [""W_Validate application"", ""W_Validate application""], ["">>"", null], ["">>"", null], [""W_Validate application"", ""W_Validate application""], ["">>"", null], ["">>"", null], [""W_Validate application"", ""W_Validate application""], ["">>"", null], ["">>"", null], [""W_Validate application"", ""W_Validate application""], ["">>"", null], ["">>"", null], [""W_Validate application"", ""W_Validate application""], ["">>"", null], ["">>"", null], ["">>"", null], ["">>"", null], ["">>"", null], [""W_Call incomplete files"", ""W_Call incomplete files""], ["">>"", null], ["">>"", null], [""W_Call incomplete files"", ""W_Call incomplete files""], ["">>"", null], [""A_Incomplete"", ""A_Incomplete""], ["">>"", null], [""W_Call incomplete files"", ""W_Call incomplete files""], ["">>"", null], [""W_Call incomplete files"", ""W_Call incomplete files""], ["">>"", null], [""W_Call incomplete files"", ""W_Call incomplete files""], ["">>"", null], [""W_Call incomplete files"", ""W_Call incomplete files""], ["">>"", null], [""W_Call incomplete files"", ""W_Call incomplete files""], ["">>"", null], [""W_Call incomplete files"", ""W_Call incomplete files""], ["">>"", null], [""W_Call incomplete files"", ""W_Call incomplete files""], ["">>"", null], [""W_Call incomplete files"", ""W_Call incomplete files""], ["">>"", null], [""W_Call incomplete files"", ""W_Call incomplete files""], ["">>"", null], [""W_Call incomplete files"", ""W_Call incomplete files""], ["">>"", null], [""W_Call incomplete files"", ""W_Call incomplete files""], ["">>"", null], [""W_Call incomplete files"", ""W_Call incomplete files""], ["">>"", null], [""W_Call incomplete files"", ""W_Call incomplete files""], ["">>"", null], [""W_Call incomplete files"", ""W_Call incomplete files""], ["">>"", null], [""W_Call incomplete files"", ""W_Call incomplete files""], ["">>"", null], [""W_Call incomplete files"", ""W_Call incomplete files""], ["">>"", null], [""W_Call incomplete files"", ""W_Call incomplete files""], ["">>"", null], [""W_Call incomplete files"", ""W_Call incomplete files""], ["">>"", null], [""W_Call incomplete files"", ""W_Call incomplete files""], ["">>"", null], [""W_Call incomplete files"", ""W_Call incomplete files""], ["">>"", null], [""W_Call incomplete files"", ""W_Call incomplete files""], ["">>"", null], [""W_Call incomplete files"", ""W_Call incomplete files""], ["">>"", null], [""W_Call incomplete files"", ""W_Call incomplete files""], ["">>"", null], [""W_Call incomplete files"", ""W_Call incomplete files""], ["">>"", null], ["">>"", null], ["">>"", null], ["">>"", null], ["">>"", null], ["">>"", null], [""W_Validate application"", ""W_Validate application""], ["">>"", null], ["">>"", null], [""W_Validate application"", ""W_Validate application""], [""A_Validating"", ""A_Validating""], ["">>"", null], [""W_Validate application"", ""W_Validate application""], ["">>"", null], ["">>"", null], [""W_Validate application"", ""W_Validate application""], ["">>"", null], ["">>"", null], [""W_Validate application"", ""W_Validate application""], ["">>"", null], ["">>"", null], ["">>"", null], ["">>"", null], ["">>"", null], [""W_Call incomplete files"", ""W_Call incomplete files""], ["">>"", null], ["">>"", null], [""W_Call incomplete files"", ""W_Call incomplete files""], ["">>"", null], [""A_Incomplete"", ""A_Incomplete""], ["">>"", null], [""W_Call incomplete files"", ""W_Call incomplete files""], ["">>"", null], [""W_Call incomplete files"", ""W_Call incomplete files""], ["">>"", null], [""W_Call incomplete files"", ""W_Call incomplete files""], ["">>"", null], [""W_Call incomplete files"", ""W_Call incomplete files""], ["">>"", null], [""W_Call incomplete files"", ""W_Call incomplete files""], ["">>"", null], [""W_Call incomplete files"", ""W_Call incomplete files""], ["">>"", null], ["">>"", null], ["">>"", null], ["">>"", null], ["">>"", null], ["">>"", null], ["">>"", null], [""W_Validate application"", ""W_Validate application""], ["">>"", null], ["">>"", null], [""W_Validate application"", ""W_Validate application""], [""A_Validating"", ""A_Validating""], ["">>"", null], ["">>"", null], [""W_Validate application"", ""W_Validate application""], ["">>"", null], ["">>"", null], ["">>"", null], ["">>"", null], ["">>"", null], ["">>"", null], ["">>"", null], [""O_Accepted"", ""O_Accepted""], [""A_Pending"", ""A_Pending""], ["">>"", null], ["">>"", null], ["">>"", null], ["">>"", null], [""W_Validate application"", ""W_Validate application""], ["">>"", null], ["">>"", null], ["">>"", null], ["">>"", null], ["">>"", null], ["">>"", null], ["">>"", null], ["">>"", null], ["">>"", null]]",[],[]
"('A_Create Application', 'A_Submitted', 'W_Handle leads', 'W_Handle leads', 'W_Complete application', 'A_Concept', 'W_Complete application', 'W_Complete application', 'A_Accepted', 'O_Create Offer', 'O_Created', 'O_Sent (mail and online)', 'W_Complete application', 'W_Call after offers', 'W_Call after offers', 'A_Complete', 'W_Call after offers', 'W_Call after offers', 'W_Call after offers', 'W_Call after offers', 'W_Validate application', 'W_Validate application', 'A_Validating', 'O_Returned', 'W_Validate application', 'W_Call incomplete files', 'W_Call incomplete files', 'A_Incomplete', 'W_Call incomplete files', 'W_Call incomplete files', 'W_Call incomplete files', 'W_Call incomplete files', 'W_Validate application', 'W_Validate application', 'A_Validating', 'W_Validate application', 'W_Validate application', 'W_Validate application', 'W_Call incomplete files', 'W_Call incomplete files', 'A_Incomplete', 'W_Call incomplete files', 'W_Call incomplete files', 'W_Call incomplete files', 'W_Call incomplete files', 'W_Validate application', 'W_Validate application', 'A_Validating', 'W_Validate application', 'W_Validate application', 'W_Validate application', 'W_Call incomplete files', 'W_Call incomplete files', 'A_Incomplete', 'W_Call incomplete files', 'W_Call incomplete files', 'W_Call incomplete files', 'W_Call incomplete files', 'W_Validate application', 'W_Validate application', 'A_Validating', 'W_Validate application', 'W_Validate application', 'W_Validate application', 'W_Validate application', 'W_Validate application', 'W_Validate application', 'W_Call incomplete files', 'W_Call incomplete files', 'A_Incomplete', 'W_Call incomplete files', 'W_Call incomplete files', 'W_Call incomplete files', 'W_Call incomplete files', 'W_Call incomplete files', 'O_Accepted', 'A_Pending', 'W_Call incomplete files')",1,0,"[[""A_Create Application"", ""A_Create Application""], [""A_Submitted"", ""A_Submitted""], ["">>"", null], ["">>"", null], [""W_Handle leads"", ""W_Handle leads""], ["">>"", null], [""W_Handle leads"", ""W_Handle leads""], ["">>"", null], ["">>"", null], ["">>"", null], [""W_Complete application"", ""W_Complete application""], ["">>"", null], ["">>"", null], [""A_Concept"", ""A_Concept""], [""W_Complete application"", ""W_Complete application""], ["">>"", null], ["">>"", null], [""W_Complete application"", ""W_Complete application""], ["">>"", null], [""A_Accepted"", ""A_Accepted""], ["">>"", null], ["">>"", null], ["">>"", null], ["">>"", null], ["">>"", null], ["">>"", null], [""O_Create Offer"", ""O_Create Offer""], [""O_Created"", ""O_Created""], ["">>"", null], ["">>"", null], ["">>"", null], [""O_Sent (mail and online)"", ""O_Sent (mail and online)""], ["">>"", null], ["">>"", null], ["">>"", null], ["">>"", null], ["">>"", null], ["">>"", null], [""W_Complete application"", ""W_Complete application""], ["">>"", null], ["">>"", null], [""W_Call after offers"", ""W_Call after offers""], ["">>"", null], [""W_Call after offers"", ""W_Call after offers""], ["">>"", null], [""A_Complete"", ""A_Complete""], [""W_Call after offers"", ""W_Call after offers""], ["">>"", null], [""W_Call after offers"", ""W_Call after offers""], ["">>"", null], [""W_Call after offers"", ""W_Call after offers""], ["">>"", null], ["">>"", null], [""W_Call after offers"", ""W_Call after offers""], ["">>"", null], [""W_Validate application"", ""W_Validate application""], ["">>"", null], ["">>"", null], [""W_Validate application"", ""W_Validate application""], [""A_Validating"", ""A_Validating""], ["">>"", null], ["">>"", null], ["">>"", null], ["">>"", null], ["">>"", null], ["">>"", null], [""O_Returned"", ""O_Returned""], ["">>"", null], ["">>"", null], ["">>"", null], ["">>"", null], ["">>"", null], ["">>"", null], [""W_Validate application"", ""W_Validate application""], ["">>"", null], ["">>"", null], ["">>"", null], ["">>"", null], ["">>"", null], ["">>"", null], [""W_Call incomplete files"", ""W_Call incomplete files""], ["">>"", null], [""W_Call incomplete files"", ""W_Call incomplete files""], ["">>"", null], [""A_Incomplete"", ""A_Incomplete""], ["">>"", null], [""W_Call incomplete files"", ""W_Call incomplete files""], ["">>"", null], [""W_Call incomplete files"", ""W_Call incomplete files""], ["">>"", null], [""W_Call incomplete files"", ""W_Call incomplete files""], ["">>"", null], [""W_Call incomplete files"", ""W_Call incomplete files""], ["">>"", null], ["">>"", null], ["">>"", null], ["">>"", null], ["">>"", null], ["">>"", null], [""W_Validate application"", ""W_Validate application""], ["">>"", null], ["">>"", null], [""W_Validate application"", ""W_Validate application""], [""A_Validating"", ""A_Validating""], ["">>"", null], [""W_Validate application"", ""W_Validate application""], ["">>"", null], ["">>"", null], [""W_Validate application"", ""W_Validate application""], ["">>"", null], ["">>"", null], [""W_Validate application"", ""W_Validate application""], ["">>"", null], ["">>"", null], ["">>"", null], ["">>"", null], ["">>"", null], [""W_Call incomplete files"", ""W_Call incomplete files""], ["">>"", null], ["">>"", null], [""W_Call incomplete files"", ""W_Call incomplete files""], ["">>"", null], [""A_Incomplete"", ""A_Incomplete""], ["">>"", null], [""W_Call incomplete files"", ""W_Call incomplete files""], ["">>"", null], [""W_Call incomplete files"", ""W_Call incomplete files""], ["">>"", null], [""W_Call incomplete files"", ""W_Call incomplete files""], ["">>"", null], [""W_Call incomplete files"", ""W_Call incomplete files""], ["">>"", null], ["">>"", null], ["">>"", null], ["">>"", null], ["">>"", null], ["">>"", null], ["">>"", null], [""W_Validate application"", ""W_Validate application""], ["">>"", null], ["">>"", null], [""W_Validate application"", ""W_Validate application""], [""A_Validating"", ""A_Validating""], ["">>"", null], ["">>"", null], [""W_Validate application"", ""W_Validate application""], ["">>"", null], ["">>"", null], [""W_Validate application"", ""W_Validate application""], ["">>"", null], ["">>"", null], [""W_Validate application"", ""W_Validate application""], ["">>"", null], ["">>"", null], ["">>"", null], ["">>"", null], ["">>"", null], [""W_Call incomplete files"", ""W_Call incomplete files""], ["">>"", null], ["">>"", null], [""W_Call incomplete files"", ""W_Call incomplete files""], ["">>"", null], [""A_Incomplete"", ""A_Incomplete""], ["">>"", null], [""W_Call incomplete files"", ""W_Call incomplete files""], ["">>"", null], [""W_Call incomplete files"", ""W_Call incomplete files""], ["">>"", null], [""W_Call incomplete files"", ""W_Call incomplete files""], ["">>"", null], [""W_Call incomplete files"", ""W_Call incomplete files""], ["">>"", null], ["">>"", null], ["">>"", null], ["">>"", null], ["">>"", null], ["">>"", null], [""W_Validate application"", ""W_Validate application""], ["">>"", null], ["">>"", null], [""W_Validate application"", ""W_Validate application""], [""A_Validating"", ""A_Validating""], ["">>"", null], [""W_Validate application"", ""W_Validate application""], ["">>"", null], ["">>"", null], [""W_Validate application"", ""W_Validate application""], ["">>"", null], ["">>"", null], [""W_Validate application"", ""W_Validate application""], ["">>"", null], ["">>"", null], [""W_Validate application"", ""W_Validate application""], ["">>"", null], ["">>"", null], [""W_Validate application"", ""W_Validate application""], ["">>"", null], ["">>"", null], [""W_Validate application"", ""W_Validate application""], ["">>"", null], ["">>"", null], ["">>"", null], ["">>"", null], ["">>"", null], [""W_Call incomplete files"", ""W_Call incomplete files""], ["">>"", null], ["">>"", null], [""W_Call incomplete files"", ""W_Call incomplete files""], ["">>"", null], [""A_Incomplete"", ""A_Incomplete""], ["">>"", null], ["">>"", null], [""W_Call incomplete files"", ""W_Call incomplete files""], ["">>"", null], [""W_Call incomplete files"", ""W_Call incomplete files""], ["">>"", null], [""W_Call incomplete files"", ""W_Call incomplete files""], ["">>"", null], [""W_Call incomplete files"", ""W_Call incomplete files""], ["">>"", null], [""W_Call incomplete files"", ""W_Call incomplete files""], ["">>"", null], [""O_Accepted"", ""O_Accepted""], [""A_Pending"", ""A_Pending""], [""W_Call incomplete files"", ""W_Call incomplete files""], ["">>"", null], ["">>"", null], ["">>"", null], ["">>"", null], ["">>"", null], ["">>"", null], ["">>"", null]]",[],[]
"('A_Create Application', 'A_Submitted', 'W_Handle leads', 'W_Handle leads', 'W_Complete application', 'A_Concept', 'A_Accepted', 'O_Create Offer', 'O_Created', 'O_Sent (mail and online)', 'W_Complete application', 'W_Call after offers', 'W_Call after offers', 'A_Complete', 'W_Call after offers', 'W_Call after offers', 'W_Call after offers', 'O_Create Offer', 'O_Created', 'O_Sent (mail and online)', 'A_Cancelled', 'O_Cancelled', 'O_Cancelled', 'W_Call after offers')",17,0,"[[""A_Create Application"", ""A_Create Application""], [""A_Submitted"", ""A_Submitted""], ["">>"", null], ["">>"", null], ["">>"", null], [""W_Handle leads"", ""W_Handle leads""], ["">>"", null], [""W_Handle leads"", ""W_Handle leads""], ["">>"", null], ["">>"", null], ["">>"", null], [""W_Complete application"", ""W_Complete application""], ["">>"", null], ["">>"", null], ["">>"", null], ["">>"", null], ["">>"", null], ["">>"", null], ["">>"", null], ["">>"", null], [""A_Concept"", ""A_Concept""], [""A_Accepted"", ""A_Accepted""], [""O_Create Offer"", ""O_Create Offer""], [""O_Created"", ""O_Created""], ["">>"", null], ["">>"", null], ["">>"", null], [""O_Sent (mail and online)"", ""O_Sent (mail and online)""], ["">>"", null], ["">>"", null], ["">>"", null], ["">>"", null], ["">>"", null], [""W_Complete application"", ""W_Complete application""], ["">>"", null], ["">>"", null], [""W_Call after offers"", ""W_Call after offers""], ["">>"", null], [""W_Call after offers"", ""W_Call after offers""], ["">>"", null], [""A_Complete"", ""A_Complete""], ["">>"", null], [""W_Call after offers"", ""W_Call after offers""], ["">>"", null], [""W_Call after offers"", ""W_Call after offers""], ["">>"", null], [""W_Call after offers"", ""W_Call after offers""], ["">>"", null], ["">>"", null], ["">>"", null], ["">>"", null], ["">>"", null], [""O_Create Offer"", ""O_Create Offer""], [""O_Created"", ""O_Created""], ["">>"", null], ["">>"", null], ["">>"", null], [""O_Sent (mail and online)"", ""O_Sent (mail and online)""], ["">>"", null], ["">>"", null], ["">>"", null], ["">>"", null], [""A_Cancelled"", ""A_Cancelled""], ["">>"", null], ["">>"", null], ["">>"", null], [""O_Cancelled"", ""O_Cancelled""], ["">>"", null], ["">>"", null], ["">>"", null], [""O_Cancelled"", ""O_Cancelled""], ["">>"", null], ["">>"", null], ["">>"", null], [""W_Call after offers"", ""W_Call after offers""], ["">>"", null], ["">>"", null], ["">>"", null], ["">>"", null]]",[],[]
"('A_Create Application', 'A_Submitted', 'W_Handle leads', 'W_Handle leads', 'W_Complete application', 'A_Concept', 'W_Complete application', 'A_Accepted', 'W_Complete application', 'W_Complete application', 'W_Complete application', 'W_Complete application', 'W_Complete application', 'W_Complete application', 'W_Complete application', 'W_Complete application', 'W_Complete application', 'W_Complete application', 'W_Complete application', 'W_Complete application', 'O_Create Offer', 'O_Created', 'O_Create Offer', 'O_Created', 'O_Sent (mail and online)', 'O_Sent (mail and online)', 'W_Complete application', 'W_Call after offers', 'W_Call after offers', 'A_Complete', 'W_Call after offers', 'W_Call after offers', 'W_Call after offers', 'W_Call after offers', 'W_Validate application', 'W_Validate application', 'A_Validating', 'O_Returned', 'W_Validate application', 'W_Validate application', 'W_Validate application', 'W_Validate application', 'W_Validate application', 'W_Validate application', 'W_Validate application', 'W_Call incomplete files', 'W_Call incomplete files', 'A_Incomplete', 'W_Call incomplete files', 'W_Call incomplete files', 'W_Call incomplete files', 'W_Call incomplete files', 'W_Call incomplete files', 'W_Call incomplete files', 'W_Validate application', 'W_Validate application', 'A_Validating', 'W_Validate application', 'W_Validate application', 'W_Validate application', 'W_Call incomplete files', 'W_Call incomplete files', 'A_Incomplete', 'W_Call incomplete files', 'W_Call incomplete files', 'W_Call incomplete files', 'A_Cancelled', 'O_Cancelled', 'O_Cancelled', 'W_Call incomplete files')",1,0,"[[""A_Create Application"", ""A_Create Application""], [""A_Submitted"", ""A_Submitted""], ["">>"", null], ["">>"", null], [""W_Handle leads"", ""W_Handle leads""], ["">>"", null], [""W_Handle leads"", ""W_Handle leads""], ["">>"", null], ["">>"", null], ["">>"", null], [""W_Complete application"", ""W_Complete application""], ["">>"", null], ["">>"", null], [""A_Concept"", ""A_Concept""], [""W_Complete application"", ""W_Complete application""], ["">>"", null], ["">>"", null], [""A_Accepted"", ""A_Accepted""], [""W_Complete application"", ""W_Complete application""], ["">>"", null], ["">>"", null], [""W_Complete application"", ""W_Complete application""], ["">>"", null], ["">>"", null], [""W_Complete application"", ""W_Complete application""], ["">>"", null], ["">>"", null], [""W_Complete application"", ""W_Complete application""], ["">>"", null], ["">>"", null], [""W_Complete application"", ""W_Complete application""], ["">>"", null], ["">>"", null], [""W_Complete application"", ""W_Complete application""], ["">>"", null], ["">>"", null], [""W_Complete application"", ""W_Complete application""], ["">>"", null], ["">>"", null], [""W_Complete application"", ""W_Complete application""], ["">>"", null], ["">>"", null], [""W_Complete application"", ""W_Complete application""], ["">>"", null], ["">>"", null], [""W_Complete application"", ""W_Complete application""], ["">>"", null], ["">>"", null], [""W_Complete application"", ""W_Complete application""], ["">>"", null], ["">>"", null], [""W_Complete application"", ""W_Complete application""], ["">>"", null], ["">>"", null], ["">>"", null], ["">>"", null], ["">>"", null], ["">>"", null], ["">>"", null], ["">>"", null], [""O_Create Offer"", ""O_Create Offer""], [""O_Created"", ""O_Created""], ["">>"", null], ["">>"", null], ["">>"", null], ["">>"", null], ["">>"", null], ["">>"", null], ["">>"", null], [""O_Create Offer"", ""O_Create Offer""], [""O_Created"", ""O_Created""], ["">>"", null], ["">>"", null], ["">>"", null], [""O_Sent (mail and online)"", ""O_Sent (mail and online)""], ["">>"", null], ["">>"", null], ["">>"", null], [""O_Sent (mail and online)"", ""O_Sent (mail and online)""], ["">>"", null], ["">>"", null], ["">>"", null], ["">>"", null], ["">>"", null], [""W_Complete application"", ""W_Complete application""], ["">>"", null], ["">>"", null], [""W_Call after offers"", ""W_Call after offers""], ["">>"", null], [""W_Call after offers"", ""W_Call after offers""], ["">>"", null], [""A_Complete"", ""A_Complete""], ["">>"", null], ["">>"", null], [""W_Call after offers"", ""W_Call after offers""], ["">>"", null], [""W_Call after offers"", ""W_Call after offers""], ["">>"", null], [""W_Call after offers"", ""W_Call after offers""], ["">>"", null], [""W_Call after offers"", ""W_Call after offers""], [""W_Validate application"", ""W_Validate application""], ["">>"", null], ["">>"", null], [""W_Validate application"", ""W_Validate application""], [""A_Validating"", ""A_Validating""], ["">>"", null], ["">>"", null], ["">>"", null], ["">>"", null], ["">>"", null], ["">>"", null], [""O_Returned"", ""O_Returned""], ["">>"", null], ["">>"", null], ["">>"", null], ["">>"", null], ["">>"", null], ["">>"", null], [""W_Validate application"", ""W_Validate application""], ["">>"", null], ["">>"", null], [""W_Validate application"", ""W_Validate application""], ["">>"", null], ["">>"", null], [""W_Validate application"", ""W_Validate application""], ["">>"", null], ["">>"", null], [""W_Validate application"", ""W_Validate application""], ["">>"", null], ["">>"", null], [""W_Validate application"", ""W_Validate application""], ["">>"", null], ["">>"", null], [""W_Validate application"", ""W_Validate application""], ["">>"", null], ["">>"", null], [""W_Validate application"", ""W_Validate application""], ["">>"", null], ["">>"", null], ["">>"", null], ["">>"", null], ["">>"", null], ["">>"", null], [""W_Call incomplete files"", ""W_Call incomplete files""], ["">>"", null], [""W_Call incomplete files"", ""W_Call incomplete files""], ["">>"", null], ["">>"", null], [""A_Incomplete"", ""A_Incomplete""], ["">>"", null], [""W_Call incomplete files"", ""W_Call incomplete files""], ["">>"", null], ["">>"", null], [""W_Call incomplete files"", ""W_Call incomplete files""], ["">>"", null], [""W_Call incomplete files"", ""W_Call incomplete files""], ["">>"", null], [""W_Call incomplete files"", ""W_Call incomplete files""], ["">>"", null], [""W_Call incomplete files"", ""W_Call incomplete files""], ["">>"", null], [""W_Call incomplete files"", ""W_Call incomplete files""], ["">>"", null], ["">>"", null], ["">>"", null], ["">>"", null], ["">>"", null], [""W_Validate application"", ""W_Validate application""], ["">>"", null], ["">>"", null], [""W_Validate application"", ""W_Validate application""], [""A_Validating"", ""A_Validating""], ["">>"", null], [""W_Validate application"", ""W_Validate application""], ["">>"", null], ["">>"", null], [""W_Validate application"", ""W_Validate application""], ["">>"", null], ["">>"", null], [""W_Validate application"", ""W_Validate application""], ["">>"", null], ["">>"", null], ["">>"", null], ["">>"", null], ["">>"", null], ["">>"", null], [""W_Call incomplete files"", ""W_Call incomplete files""], ["">>"", null], [""W_Call incomplete files"", ""W_Call incomplete files""], ["">>"", null], ["">>"", null], [""A_Incomplete"", ""A_Incomplete""], ["">>"", null], ["">>"", null], [""W_Call incomplete files"", ""W_Call incomplete files""], ["">>"", null], [""W_Call incomplete files"", ""W_Call incomplete files""], ["">>"", null], [""W_Call incomplete files"", ""W_Call incomplete files""], ["">>"", null], ["">>"", null], ["">>"", null], ["">>"", null], ["">>"", null], [""A_Cancelled"", ""A_Cancelled""], ["">>"", null], ["">>"", null], ["">>"", null], [""O_Cancelled"", ""O_Cancelled""], ["">>"", null], ["">>"", null], ["">>"", null], [""O_Cancelled"", ""O_Cancelled""], ["">>"", null], ["">>"", null], ["">>"", null], [""W_Call incomplete files"", ""W_Call incomplete files""], ["">>"", null], ["">>"", null], ["">>"", null], ["">>"", null], ["">>"", null], ["">>"", null], ["">>"", null]]",[],[]
"('A_Create Application', 'A_Submitted', 'W_Handle leads', 'W_Handle leads', 'W_Complete application', 'A_Concept', 'W_Complete application', 'A_Accepted', 'O_Create Offer', 'O_Created', 'O_Sent (mail and online)', 'W_Complete application', 'W_Call after offers', 'W_Call after offers', 'A_Complete', 'W_Call after offers', 'O_Create Offer', 'O_Created', 'O_Sent (online only)', 'O_Create Offer', 'O_Created', 'O_Sent (online only)', 'W_Call after offers', 'W_Call after offers', 'W_Call after offers', 'W_Validate application', 'W_Validate application', 'A_Validating', 'O_Returned', 'W_Validate application', 'W_Validate application', 'W_Validate application', 'W_Validate application', 'A_Denied', 'O_Refused', 'O_Refused', 'O_Refused', 'W_Validate application')",1,0,"[[""A_Create Application"", ""A_Create Application""], [""A_Submitted"", ""A_Submitted""], ["">>"", null], ["">>"", null], [""W_Handle leads"", ""W_Handle leads""], ["">>"", null], [""W_Handle leads"", ""W_Handle leads""], ["">>"", null], ["">>"", null], ["">>"", null], [""W_Complete application"", ""W_Complete application""], ["">>"", null], ["">>"", null], [""A_Concept"", ""A_Concept""], [""W_Complete application"", ""W_Complete application""], ["">>"", null], [""A_Accepted"", ""A_Accepted""], ["">>"", null], ["">>"", null], ["">>"", null], ["">>"", null], ["">>"", null], ["">>"", null], [""O_Create Offer"", ""O_Create Offer""], [""O_Created"", ""O_Created""], ["">>"", null], ["">>"", null], ["">>"", null], [""O_Sent (mail and online)"", ""O_Sent (mail and online)""], ["">>"", null], ["">>"", null], ["">>"", null], ["">>"", null], ["">>"", null], ["">>"", null], [""W_Complete application"", ""W_Complete application""], ["">>"", null], ["">>"", null], [""W_Call after offers"", ""W_Call after offers""], ["">>"", null], [""W_Call after offers"", ""W_Call after offers""], ["">>"", null], [""A_Complete"", ""A_Complete""], ["">>"", null], ["">>"", null], ["">>"", null], ["">>"", null], ["">>"", null], [""W_Call after offers"", ""W_Call after offers""], ["">>"", null], [""O_Create Offer"", ""O_Create Offer""], [""O_Created"", ""O_Created""], ["">>"", null], ["">>"", null], ["">>"", null], [""O_Sent (online only)"", ""O_Sent (online only)""], ["">>"", null], ["">>"", null], ["">>"", null], [""O_Create Offer"", ""O_Create Offer""], [""O_Created"", ""O_Created""], ["">>"", null], ["">>"", null], ["">>"", null], [""O_Sent (online only)"", ""O_Sent (online only)""], [""W_Call after offers"", ""W_Call after offers""], ["">>"", null], [""W_Call after offers"", ""W_Call after offers""], ["">>"", null], [""W_Call after offers"", ""W_Call after offers""], ["">>"", null], ["">>"", null], ["">>"", null], ["">>"", null], ["">>"", null], [""W_Validate application"", ""W_Validate application""], ["">>"", null], ["">>"", null], [""W_Validate application"", ""W_Validate application""], [""A_Validating"", ""A_Validating""], ["">>"", null], ["">>"", null], ["">>"", null], ["">>"", null], ["">>"", null], ["">>"", null], ["">>"", null], [""O_Returned"", ""O_Returned""], ["">>"", null], ["">>"", null], ["">>"", null], ["">>"", null], ["">>"", null], ["">>"", null], [""W_Validate application"", ""W_Validate application""], ["">>"", null], ["">>"", null], [""W_Validate application"", ""W_Validate application""], ["">>"", null], ["">>"", null], [""W_Validate application"", ""W_Validate application""], ["">>"", null], ["">>"", null], [""W_Validate application"", ""W_Validate application""], ["">>"", null], ["">>"", null], ["">>"", null], ["">>"", null], ["">>"", null], ["">>"", null], [""A_Denied"", ""A_Denied""], ["">>"", null], [""O_Refused"", ""O_Refused""], ["">>"", null], [""O_Refused"", ""O_Refused""], ["">>"", null], [""O_Refused"", ""O_Refused""], ["">>"", null], ["">>"", null], ["">>"", null], ["">>"", null], ["">>"", null], [""W_Validate application"", ""W_Validate application""], ["">>"", null], ["">>"", null], ["">>"", null], ["">>"", null], ["">>"", null], ["">>"", null], ["">>"", null], ["">>"", null], ["">>"", null]]",[],[]
"('A_Create Application', 'A_Submitted', 'W_Handle leads', 'W_Handle leads', 'W_Complete application', 'A_Concept', 'W_Complete application', 'W_Complete application', 'W_Complete application', 'A_Accepted', 'O_Create Offer', 'O_Created', 'O_Sent (mail and online)', 'W_Complete application', 'W_Call after offers', 'W_Call after offers', 'A_Complete', 'W_Call after offers', 'W_Call after offers', 'W_Call after offers', 'W_Call after offers', 'W_Validate application', 'W_Validate application', 'A_Validating', 'O_Returned', 'W_Validate application', 'W_Validate application', 'W_Validate application', 'W_Validate application', 'W_Validate application', 'W_Validate application', 'W_Validate application', 'W_Validate application', 'W_Call incomplete files', 'W_Call incomplete files', 'A_Incomplete', 'W_Call incomplete files', 'W_Call incomplete files', 'W_Call incomplete files', 'W_Call incomplete files', 'W_Validate application', 'W_Validate application', 'A_Validating', 'W_Validate application', 'W_Validate application', 'W_Call incomplete files', 'W_Call incomplete files', 'A_Incomplete', 'W_Call incomplete files', 'W_Call incomplete files', 'W_Call incomplete files', 'W_Call incomplete files', 'W_Call incomplete files', 'W_Call incomplete files', 'W_Call incomplete files', 'W_Call incomplete files', 'W_Call incomplete files', 'A_Cancelled', 'O_Cancelled', 'W_Call incomplete files')",1,0,"[[""A_Create Application"", ""A_Create Application""], [""A_Submitted"", ""A_Submitted""], ["">>"", null], ["">>"", null], [""W_Handle leads"", ""W_Handle leads""], ["">>"", null], [""W_Handle leads"", ""W_Handle leads""], ["">>"", null], ["">>"", null], ["">>"", null], [""W_Complete application"", ""W_Complete application""], ["">>"", null], ["">>"", null], [""A_Concept"", ""A_Concept""], [""W_Complete application"", ""W_Complete application""], ["">>"", null], ["">>"", null], [""W_Complete application"", ""W_Complete application""], ["">>"", null], ["">>"", null], [""W_Complete application"", ""W_Complete application""], ["">>"", null], ["">>"", null], ["">>"", null], ["">>"", null], ["">>"", null], ["">>"", null], ["">>"", null], ["">>"", null], [""A_Accepted"", ""A_Accepted""], [""O_Create Offer"", ""O_Create Offer""], [""O_Created"", ""O_Created""], ["">>"", null], ["">>"", null], ["">>"", null], [""O_Sent (mail and online)"", ""O_Sent (mail and online)""], ["">>"", null], ["">>"", null], ["">>"", null], ["">>"", null], ["">>"", null], [""W_Complete application"", ""W_Complete application""], ["">>"", null], ["">>"", null], [""W_Call after offers"", ""W_Call after offers""], ["">>"", null], [""W_Call after offers"", ""W_Call after offers""], ["">>"", null], [""A_Complete"", ""A_Complete""], ["">>"", null], ["">>"", null], [""W_Call after offers"", ""W_Call after offers""], ["">>"", null], [""W_Call after offers"", ""W_Call after offers""], ["">>"", null], [""W_Call after offers"", ""W_Call after offers""], ["">>"", null], [""W_Call after offers"", ""W_Call after offers""], [""W_Validate application"", ""W_Validate application""], ["">>"", null], ["">>"", null], [""W_Validate application"", ""W_Validate application""], [""A_Validating"", ""A_Validating""], ["">>"", null], ["">>"", null], ["">>"", null], ["">>"", null], ["">>"", null], ["">>"", null], [""O_Returned"", ""O_Returned""], ["">>"", null], ["">>"", null], ["">>"", null], ["">>"", null], ["">>"", null], ["">>"", null], [""W_Validate application"", ""W_Validate application""], ["">>"", null], ["">>"", null], [""W_Validate application"", ""W_Validate application""], ["">>"", null], ["">>"", null], [""W_Validate application"", ""W_Validate application""], ["">>"", null], ["">>"", null], [""W_Validate application"", ""W_Validate application""], ["">>"", null], ["">>"", null], [""W_Validate application"", ""W_Validate application""], ["">>"", null], ["">>"", null], [""W_Validate application"", ""W_Validate application""], ["">>"", null], ["">>"", null], [""W_Validate application"", ""W_Validate application""], ["">>"", null], ["">>"", null], [""W_Validate application"", ""W_Validate application""], ["">>"", null], ["">>"", null], ["">>"", null], ["">>"", null], ["">>"", null], [""W_Call incomplete files"", ""W_Call incomplete files""], ["">>"", null], [""W_Call incomplete files"", ""W_Call incomplete files""], ["">>"", null], ["">>"", null], [""A_Incomplete"", ""A_Incomplete""], ["">>"", null], ["">>"", null], [""W_Call incomplete files"", ""W_Call incomplete files""], ["">>"", null], [""W_Call incomplete files"", ""W_Call incomplete files""], ["">>"", null], [""W_Call incomplete files"", ""W_Call incomplete files""], ["">>"", null], [""W_Call incomplete files"", ""W_Call incomplete files""], ["">>"", null], ["">>"", null], ["">>"", null], ["">>"", null], ["">>"", null], [""W_Validate application"", ""W_Validate application""], ["">>"", null], ["">>"", null], [""W_Validate application"", ""W_Validate application""], [""A_Validating"", ""A_Validating""], ["">>"", null], [""W_Validate application"", ""W_Validate application""], ["">>"", null], ["">>"", null], [""W_Validate application"", ""W_Validate application""], ["">>"", null], ["">>"", null], ["">>"", null], ["">>"", null], ["">>"", null], ["">>"", null], [""W_Call incomplete files"", ""W_Call incomplete files""], ["">>"", null], [""W_Call incomplete files"", ""W_Call incomplete files""], ["">>"", null], ["">>"", null], [""A_Incomplete"", ""A_Incomplete""], ["">>"", null], ["">>"", null], ["">>"", null], [""W_Call incomplete files"", ""W_Call incomplete files""], ["">>"", null], [""W_Call incomplete files"", ""W_Call incomplete files""], ["">>"", null], [""W_Call incomplete files"", ""W_Call incomplete files""], ["">>"", null], [""W_Call incomplete files"", ""W_Call incomplete files""], ["">>"", null], [""W_Call incomplete files"", ""W_Call incomplete files""], ["">>"", null], [""W_Call incomplete files"", ""W_Call incomplete files""], ["">>"", null], [""W_Call incomplete files"", ""W_Call incomplete files""], ["">>"", null], [""W_Call incomplete files"", ""W_Call incomplete files""], ["">>"", null], [""W_Call incomplete files"", ""W_Call incomplete files""], ["">>"", null], ["">>"", null], ["">>"", null], ["">>"", null], ["">>"", null], [""A_Cancelled"", ""A_Cancelled""], ["">>"", null], ["">>"", null], ["">>"", null], [""O_Cancelled"", ""O_Cancelled""], ["">>"", null], ["">>"", null], ["">>"", null], [""W_Call incomplete files"", ""W_Call incomplete files""], ["">>"", null], ["">>"", null], ["">>"", null], ["">>"", null], ["">>"", null], ["">>"", null], ["">>"", null]]",[],[]
"('A_Create Application', 'A_Submitted', 'W_Handle leads', 'W_Handle leads', 'W_Complete application', 'A_Concept', 'W_Complete application', 'W_Complete application', 'A_Accepted', 'O_Create Offer', 'O_Created', 'O_Sent (mail and online)', 'W_Complete application', 'W_Call after offers', 'W_Call after offers', 'A_Complete', 'W_Call after offers', 'W_Call after offers', 'W_Call after offers', 'O_Create Offer', 'O_Created', 'O_Sent (mail and online)', 'W_Call after offers', 'W_Validate application', 'W_Validate application', 'A_Validating', 'O_Returned', 'W_Validate application', 'W_Validate application', 'A_Denied', 'O_Refused', 'O_Refused', 'W_Validate application')",3,0,"[[""A_Create Application"", ""A_Create Application""], [""A_Submitted"", ""A_Submitted""], ["">>"", null], ["">>"", null], ["">>"", null], [""W_Handle leads"", ""W_Handle leads""], ["">>"", null], [""W_Handle leads"", ""W_Handle leads""], ["">>"", null], ["">>"", null], ["">>"", null], [""W_Complete application"", ""W_Complete application""], ["">>"", null], ["">>"", null], [""A_Concept"", ""A_Concept""], [""W_Complete application"", ""W_Complete application""], ["">>"", null], ["">>"", null], [""W_Complete application"", ""W_Complete application""], ["">>"", null], ["">>"", null], ["">>"", null], ["">>"", null], ["">>"", null], ["">>"", null], ["">>"", null], ["">>"", null], [""A_Accepted"", ""A_Accepted""], [""O_Create Offer"", ""O_Create Offer""], [""O_Created"", ""O_Created""], ["">>"", null], ["">>"", null], ["">>"", null], [""O_Sent (mail and online)"", ""O_Sent (mail and online)""], ["">>"", null], ["">>"", null], ["">>"", null], ["">>"", null], ["">>"", null], [""W_Complete application"", ""W_Complete application""], ["">>"", null], ["">>"", null], [""W_Call after offers"", ""W_Call after offers""], ["">>"", null], [""W_Call after offers"", ""W_Call after offers""], [""A_Complete"", ""A_Complete""], ["">>"", null], ["">>"", null], ["">>"", null], ["">>"", null], ["">>"", null], ["">>"", null], [""W_Call after offers"", ""W_Call after offers""], ["">>"", null], [""W_Call after offers"", ""W_Call after offers""], ["">>"", null], [""W_Call after offers"", ""W_Call after offers""], ["">>"", null], [""O_Create Offer"", ""O_Create Offer""], [""O_Created"", ""O_Created""], ["">>"", null], ["">>"", null], ["">>"", null], [""O_Sent (mail and online)"", ""O_Sent (mail and online)""], [""W_Call after offers"", ""W_Call after offers""], ["">>"", null], ["">>"", null], ["">>"", null], ["">>"", null], ["">>"", null], [""W_Validate application"", ""W_Validate application""], ["">>"", null], ["">>"", null], [""W_Validate application"", ""W_Validate application""], [""A_Validating"", ""A_Validating""], ["">>"", null], ["">>"", null], ["">>"", null], ["">>"", null], ["">>"", null], ["">>"", null], [""O_Returned"", ""O_Returned""], ["">>"", null], ["">>"", null], ["">>"", null], ["">>"", null], ["">>"", null], ["">>"", null], [""W_Validate application"", ""W_Validate application""], ["">>"", null], ["">>"", null], [""W_Validate application"", ""W_Validate application""], ["">>"", null], ["">>"", null], ["">>"", null], ["">>"", null], ["">>"", null], ["">>"", null], [""A_Denied"", ""A_Denied""], ["">>"", null], [""O_Refused"", ""O_Refused""], ["">>"", null], [""O_Refused"", ""O_Refused""], ["">>"", null], ["">>"", null], ["">>"", null], ["">>"", null], ["">>"", null], [""W_Validate application"", ""W_Validate application""], ["">>"", null], ["">>"", null], ["">>"", null], ["">>"", null], ["">>"", null], ["">>"", null], ["">>"", null], ["">>"", null], ["">>"", null]]",[],[]
"('A_Create Application', 'W_Complete application', 'W_Complete application', 'A_Concept', 'A_Accepted', 'O_Create Offer', 'O_Created', 'O_Sent (mail and online)', 'W_Complete application', 'W_Call after offers', 'W_Call after offers', 'A_Complete', 'W_Call after offers', 'W_Validate application', 'W_Validate application', 'A_Validating', 'W_Validate application', 'W_Call incomplete files', 'W_Call incomplete files', 'A_Incomplete', 'W_Call incomplete files', 'W_Call incomplete files', 'W_Call incomplete files', 'W_Call incomplete files', 'W_Call incomplete files', 'W_Call incomplete files', 'W_Call incomplete files', 'W_Call incomplete files', 'W_Call incomplete files', 'W_Call incomplete files', 'W_Validate application', 'W_Validate application', 'A_Validating', 'O_Returned', 'W_Validate application', 'W_Validate application', 'W_Call incomplete files', 'W_Call incomplete files', 'A_Incomplete', 'W_Call incomplete files', 'W_Call incomplete files', 'W_Call incomplete files', 'W_Call incomplete files', 'W_Call incomplete files', 'W_Call incomplete files', 'W_Call incomplete files', 'W_Call incomplete files', 'W_Call incomplete files', 'O_Accepted', 'A_Pending', 'W_Call incomplete files')",1,0,"[[""A_Create Application"", ""A_Create Application""], ["">>"", null], ["">>"", null], ["">>"", null], ["">>"", null], ["">>"", null], [""W_Complete application"", ""W_Complete application""], ["">>"", null], ["">>"", null], [""W_Complete application"", ""W_Complete application""], ["">>"", null], ["">>"", null], ["">>"", null], ["">>"", null], ["">>"", null], ["">>"", null], ["">>"", null], [""A_Concept"", ""A_Concept""], [""A_Accepted"", ""A_Accepted""], [""O_Create Offer"", ""O_Create Offer""], [""O_Created"", ""O_Created""], ["">>"", null], ["">>"", null], ["">>"", null], [""O_Sent (mail and online)"", ""O_Sent (mail and online)""], ["">>"", null], ["">>"", null], ["">>"", null], ["">>"", null], ["">>"", null], ["">>"", null], [""W_Complete application"", ""W_Complete application""], ["">>"", null], ["">>"", null], [""W_Call after offers"", ""W_Call after offers""], ["">>"", null], [""W_Call after offers"", ""W_Call after offers""], ["">>"", null], [""A_Complete"", ""A_Complete""], ["">>"", null], [""W_Call after offers"", ""W_Call after offers""], ["">>"", null], [""W_Validate application"", ""W_Validate application""], ["">>"", null], ["">>"", null], [""W_Validate application"", ""W_Validate application""], [""A_Validating"", ""A_Validating""], ["">>"", null], [""W_Validate application"", ""W_Validate application""], ["">>"", null], ["">>"", null], ["">>"", null], ["">>"", null], ["">>"", null], [""W_Call incomplete files"", ""W_Call incomplete files""], ["">>"", null], [""W_Call incomplete files"", ""W_Call incomplete files""], ["">>"", null], ["">>"", null], [""A_Incomplete"", ""A_Incomplete""], ["">>"", null], [""W_Call incomplete files"", ""W_Call incomplete files""], ["">>"", null], [""W_Call incomplete files"", ""W_Call incomplete files""], ["">>"", null], [""W_Call incomplete files"", ""W_Call incomplete files""], ["">>"", null], [""W_Call incomplete files"", ""W_Call incomplete files""], ["">>"", null], [""W_Call incomplete files"", ""W_Call incomplete files""], ["">>"", null], [""W_Call incomplete files"", ""W_Call incomplete files""], ["">>"", null], [""W_Call incomplete files"", ""W_Call incomplete files""], ["">>"", null], [""W_Call incomplete files"", ""W_Call incomplete files""], ["">>"", null], [""W_Call incomplete files"", ""W_Call incomplete files""], ["">>"", null], [""W_Call incomplete files"", ""W_Call incomplete files""], ["">>"", null], ["">>"", null], ["">>"", null], ["">>"", null], ["">>"", null], ["">>"", null], ["">>"", null], [""W_Validate application"", ""W_Validate application""], ["">>"", null], ["">>"", null], [""W_Validate application"", ""W_Validate application""], ["">>"", null], [""A_Validating"", ""A_Validating""], ["">>"", null], ["">>"", null], ["">>"", null], ["">>"", null], ["">>"", null], ["">>"", null], [""O_Returned"", ""O_Returned""], ["">>"", null], ["">>"", null], ["">>"", null], ["">>"", null], ["">>"", null], ["">>"", null], [""W_Validate application"", ""W_Validate application""], ["">>"", null], ["">>"", null], [""W_Validate application"", ""W_Validate application""], ["">>"", null], ["">>"", null], ["">>"", null], ["">>"", null], ["">>"", null], ["">>"", null], [""W_Call incomplete files"", ""W_Call incomplete files""], ["">>"", null], [""W_Call incomplete files"", ""W_Call incomplete files""], ["">>"", null], [""A_Incomplete"", ""A_Incomplete""], ["">>"", null], ["">>"", null], [""W_Call incomplete files"", ""W_Call incomplete files""], ["">>"", null], [""W_Call incomplete files"", ""W_Call incomplete files""], ["">>"", null], [""W_Call incomplete files"", ""W_Call incomplete files""], ["">>"", null], [""W_Call incomplete files"", ""W_Call incomplete files""], ["">>"", null], [""W_Call incomplete files"", ""W_Call incomplete files""], ["">>"", null], [""W_Call incomplete files"", ""W_Call incomplete files""], ["">>"", null], [""W_Call incomplete files"", ""W_Call incomplete files""], ["">>"", null], [""W_Call incomplete files"", ""W_Call incomplete files""], ["">>"", null], [""W_Call incomplete files"", ""W_Call incomplete files""], ["">>"", null], [""O_Accepted"", ""O_Accepted""], [""A_Pending"", ""A_Pending""], [""W_Call incomplete files"", ""W_Call incomplete files""], ["">>"", null], ["">>"", null], ["">>"", null], ["">>"", null], ["">>"", null], ["">>"", null], ["">>"", null]]",[],[]
